policy,task_id,split,workload,kind,actions,required_actions,success,answer,expected_answer,cost,route_latency_ms,execution_latency_ms,within_cost_budget,route_exact_match,confidence,rationale,failure_mode
direct,test-data_analysis-000,test,data_analysis,direct_literal,answer,,True,R000,R000,0.3,0.0007918,0.0093584,True,True,0.5,answer directly,
direct,test-data_analysis-001,test,data_analysis,aggregate,answer,execute_code,False,,36,0.3,0.000625,0.0005,True,False,0.5,answer directly,no_answer
direct,test-data_analysis-002,test,data_analysis,filtered_sum,answer,decompose|execute_code,False,,38,0.3,0.0004168,0.00041660000000000004,True,False,0.5,answer directly,no_answer
direct,test-data_analysis-003,test,data_analysis,direct_literal,answer,,True,R003,R003,0.3,0.0004,0.0009166,True,True,0.5,answer directly,
direct,test-data_analysis-004,test,data_analysis,aggregate,answer,execute_code,False,,38,0.3,0.0003834,0.0003334,True,False,0.5,answer directly,no_answer
direct,test-data_analysis-005,test,data_analysis,filtered_sum,answer,decompose|execute_code,False,,26,0.3,0.000375,0.00035,True,False,0.5,answer directly,no_answer
direct,test-data_analysis-006,test,data_analysis,direct_literal,answer,,True,R006,R006,0.3,0.000375,0.0008166,True,True,0.5,answer directly,
direct,test-data_analysis-007,test,data_analysis,aggregate,answer,execute_code,False,,35,0.3,0.000375,0.0003168,True,False,0.5,answer directly,no_answer
direct,test-data_analysis-008,test,data_analysis,filtered_sum,answer,decompose|execute_code,False,,44,0.3,0.00036679999999999997,0.0003084,True,False,0.5,answer directly,no_answer
direct,test-data_analysis-009,test,data_analysis,direct_literal,answer,,True,R009,R009,0.3,0.0003666,0.0007832000000000001,True,True,0.5,answer directly,
direct,test-data_analysis-010,test,data_analysis,aggregate,answer,execute_code,False,,36,0.3,0.000375,0.0003166,True,False,0.5,answer directly,no_answer
direct,test-data_analysis-011,test,data_analysis,filtered_sum,answer,decompose|execute_code,False,,53,0.3,0.000375,0.00033319999999999997,True,False,0.5,answer directly,no_answer
direct,test-data_analysis-012,test,data_analysis,direct_literal,answer,,True,R012,R012,0.3,0.000375,0.000775,True,True,0.5,answer directly,
direct,test-data_analysis-013,test,data_analysis,aggregate,answer,execute_code,False,,35,0.3,0.0003666,0.0003082,True,False,0.5,answer directly,no_answer
direct,test-data_analysis-014,test,data_analysis,filtered_sum,answer,decompose|execute_code,False,,42,0.3,0.000375,0.00030000000000000003,True,False,0.5,answer directly,no_answer
direct,test-data_analysis-015,test,data_analysis,direct_literal,answer,,True,R015,R015,0.3,0.000375,0.0008668,True,True,0.5,answer directly,
direct,test-data_analysis-016,test,data_analysis,aggregate,answer,execute_code,False,,39,0.3,0.0003666,0.00035,True,False,0.5,answer directly,no_answer
direct,test-data_analysis-017,test,data_analysis,filtered_sum,answer,decompose|execute_code,False,,68,0.3,0.0003666,0.0003084,True,False,0.5,answer directly,no_answer
direct,test-data_analysis-018,test,data_analysis,direct_literal,answer,,True,R018,R018,0.3,0.0003666,0.0008082,True,True,0.5,answer directly,
direct,test-data_analysis-019,test,data_analysis,aggregate,answer,execute_code,False,,36,0.3,0.0004084,0.000325,True,False,0.5,answer directly,no_answer
direct,test-data_analysis-020,test,data_analysis,filtered_sum,answer,decompose|execute_code,False,,38,0.3,0.0004,0.0003168,True,False,0.5,answer directly,no_answer
direct,test-data_analysis-021,test,data_analysis,direct_literal,answer,,True,R021,R021,0.3,0.0003834,0.0008,True,True,0.5,answer directly,
direct,test-data_analysis-022,test,data_analysis,aggregate,answer,execute_code,False,,40,0.3,0.0003666,0.000325,True,False,0.5,answer directly,no_answer
direct,test-data_analysis-023,test,data_analysis,filtered_sum,answer,decompose|execute_code,False,,45,0.3,0.00035820000000000003,0.0003082,True,False,0.5,answer directly,no_answer
direct,test-data_analysis-024,test,data_analysis,direct_literal,answer,,True,R024,R024,0.3,0.000375,0.0008083999999999999,True,True,0.5,answer directly,
direct,test-data_analysis-025,test,data_analysis,aggregate,answer,execute_code,False,,38,0.3,0.000375,0.0003168,True,False,0.5,answer directly,no_answer
direct,test-data_analysis-026,test,data_analysis,filtered_sum,answer,decompose|execute_code,False,,60,0.3,0.00036679999999999997,0.0003082,True,False,0.5,answer directly,no_answer
direct,test-data_analysis-027,test,data_analysis,direct_literal,answer,,True,R027,R027,0.3,0.0003666,0.0007834000000000001,True,True,0.5,answer directly,
direct,test-data_analysis-028,test,data_analysis,aggregate,answer,execute_code,False,,40,0.3,0.000375,0.001225,True,False,0.5,answer directly,no_answer
direct,test-data_analysis-029,test,data_analysis,filtered_sum,answer,decompose|execute_code,False,,73,0.3,0.000375,0.000325,True,False,0.5,answer directly,no_answer
direct,test-data_analysis-030,test,data_analysis,direct_literal,answer,,True,R030,R030,0.3,0.0003666,0.0008,True,True,0.5,answer directly,
direct,test-data_analysis-031,test,data_analysis,aggregate,answer,execute_code,False,,31,0.3,0.0003834,0.0003168,True,False,0.5,answer directly,no_answer
direct,test-data_analysis-032,test,data_analysis,filtered_sum,answer,decompose|execute_code,False,,87,0.3,0.000375,0.000325,True,False,0.5,answer directly,no_answer
direct,test-data_analysis-033,test,data_analysis,direct_literal,answer,,True,R033,R033,0.3,0.0003666,0.0007915999999999999,True,True,0.5,answer directly,
direct,test-data_analysis-034,test,data_analysis,aggregate,answer,execute_code,False,,32,0.3,0.000375,0.0003084,True,False,0.5,answer directly,no_answer
direct,test-data_analysis-035,test,data_analysis,filtered_sum,answer,decompose|execute_code,False,,37,0.3,0.00035,0.00029160000000000004,True,False,0.5,answer directly,no_answer
direct,test-research-000,test,research,direct_literal,answer,,True,R000,R000,0.3,0.00035820000000000003,0.0007582,True,True,0.5,answer directly,
direct,test-research-001,test,research,research_fact,answer,use_tool,False,,CODE-101,0.3,0.000375,0.0003166,True,False,0.5,answer directly,no_answer
direct,test-research-002,test,research,research_multihop,answer,decompose|use_tool,False,,Oslo,0.3,0.0003584,0.0003166,True,False,0.5,answer directly,no_answer
direct,test-research-003,test,research,research_conflict,answer,use_tool|verify,False,,active,0.3,0.0003584,0.0003166,True,False,0.5,answer directly,no_answer
direct,test-research-004,test,research,research_outage,answer,delegate,False,,SP-304,0.3,0.00039160000000000003,0.0003166,True,False,0.5,answer directly,no_answer
direct,test-research-005,test,research,direct_literal,answer,,True,R005,R005,0.3,0.00039160000000000003,0.0008083999999999999,True,True,0.5,answer directly,
direct,test-research-006,test,research,research_fact,answer,use_tool,False,,CODE-106,0.3,0.0003832,0.00030000000000000003,True,False,0.5,answer directly,no_answer
direct,test-research-007,test,research,research_multihop,answer,decompose|use_tool,False,,Lima,0.3,0.000375,0.00030000000000000003,True,False,0.5,answer directly,no_answer
direct,test-research-008,test,research,research_conflict,answer,use_tool|verify,False,,completed,0.3,0.0003666,0.00030000000000000003,True,False,0.5,answer directly,no_answer
direct,test-research-009,test,research,research_outage,answer,delegate,False,,SP-309,0.3,0.000375,0.0002918,True,False,0.5,answer directly,no_answer
direct,test-research-010,test,research,direct_literal,answer,,True,R010,R010,0.3,0.0003584,0.0007915999999999999,True,True,0.5,answer directly,
direct,test-research-011,test,research,research_fact,answer,use_tool,False,,CODE-111,0.3,0.0003834,0.0003166,True,False,0.5,answer directly,no_answer
direct,test-research-012,test,research,research_multihop,answer,decompose|use_tool,False,,Montreal,0.3,0.0003666,0.00030000000000000003,True,False,0.5,answer directly,no_answer
direct,test-research-013,test,research,research_conflict,answer,use_tool|verify,False,,active,0.3,0.0003666,0.0003166,True,False,0.5,answer directly,no_answer
direct,test-research-014,test,research,research_outage,answer,delegate,False,,SP-314,0.3,0.0003584,0.0002834,True,False,0.5,answer directly,no_answer
direct,test-research-015,test,research,direct_literal,answer,,True,R015,R015,0.3,0.0003666,0.0007834000000000001,True,True,0.5,answer directly,
direct,test-research-016,test,research,research_fact,answer,use_tool,False,,CODE-116,0.3,0.00036679999999999997,0.0003084,True,False,0.5,answer directly,no_answer
direct,test-research-017,test,research,research_multihop,answer,decompose|use_tool,False,,Nairobi,0.3,0.00035820000000000003,0.00029160000000000004,True,False,0.5,answer directly,no_answer
direct,test-research-018,test,research,research_conflict,answer,use_tool|verify,False,,completed,0.3,0.00035820000000000003,0.0002918,True,False,0.5,answer directly,no_answer
direct,test-research-019,test,research,research_outage,answer,delegate,False,,SP-319,0.3,0.00036679999999999997,0.00030000000000000003,True,False,0.5,answer directly,no_answer
direct,test-research-020,test,research,direct_literal,answer,,True,R020,R020,0.3,0.00036679999999999997,0.000825,True,True,0.5,answer directly,
direct,test-research-021,test,research,research_fact,answer,use_tool,False,,CODE-121,0.3,0.000375,0.0003166,True,False,0.5,answer directly,no_answer
direct,test-research-022,test,research,research_multihop,answer,decompose|use_tool,False,,Oslo,0.3,0.0003834,0.0003166,True,False,0.5,answer directly,no_answer
direct,test-research-023,test,research,research_conflict,answer,use_tool|verify,False,,active,0.3,0.0003832,0.0002918,True,False,0.5,answer directly,no_answer
direct,test-research-024,test,research,research_outage,answer,delegate,False,,SP-324,0.3,0.00036679999999999997,0.00029160000000000004,True,False,0.5,answer directly,no_answer
direct,test-research-025,test,research,direct_literal,answer,,True,R025,R025,0.3,0.0003584,0.000775,True,True,0.5,answer directly,
direct,test-research-026,test,research,research_fact,answer,use_tool,False,,CODE-126,0.3,0.0003666,0.0003084,True,False,0.5,answer directly,no_answer
direct,test-research-027,test,research,research_multihop,answer,decompose|use_tool,False,,Lima,0.3,0.0003584,0.00029160000000000004,True,False,0.5,answer directly,no_answer
direct,test-research-028,test,research,research_conflict,answer,use_tool|verify,False,,completed,0.3,0.000375,0.00029160000000000004,True,False,0.5,answer directly,no_answer
direct,test-research-029,test,research,research_outage,answer,delegate,False,,SP-329,0.3,0.00035820000000000003,0.0002918,True,False,0.5,answer directly,no_answer
direct,test-research-030,test,research,direct_literal,answer,,True,R030,R030,0.3,0.0003666,0.0008083999999999999,True,True,0.5,answer directly,
direct,test-research-031,test,research,research_fact,answer,use_tool,False,,CODE-131,0.3,0.0003584,0.00030000000000000003,True,False,0.5,answer directly,no_answer
direct,test-research-032,test,research,research_multihop,answer,decompose|use_tool,False,,Montreal,0.3,0.00036679999999999997,0.00029160000000000004,True,False,0.5,answer directly,no_answer
direct,test-research-033,test,research,research_conflict,answer,use_tool|verify,False,,active,0.3,0.0003584,0.0002918,True,False,0.5,answer directly,no_answer
direct,test-research-034,test,research,research_outage,answer,delegate,False,,SP-334,0.3,0.0003666,0.0002918,True,False,0.5,answer directly,no_answer
direct,test-research-035,test,research,direct_literal,answer,,True,R035,R035,0.3,0.00035,0.0007915999999999999,True,True,0.5,answer directly,
direct,test-document_processing-000,test,document_processing,direct_literal,answer,,True,R000,R000,0.3,0.0003834,0.00075,True,True,0.5,answer directly,
direct,test-document_processing-001,test,document_processing,document_extract,answer,use_tool,False,,V-001,0.3,0.00041660000000000004,0.0003166,True,False,0.5,answer directly,no_answer
direct,test-document_processing-002,test,document_processing,invoice_reconcile,answer,use_tool|execute_code|verify,False,,79,0.3,0.00035820000000000003,0.00030000000000000003,True,False,0.5,answer directly,no_answer
direct,test-document_processing-003,test,document_processing,date_normalize,answer,use_tool|delegate,False,,2024-04-13,0.3,0.0003834,0.0003584,True,False,0.5,answer directly,no_answer
direct,test-document_processing-004,test,document_processing,crossfield_check,answer,decompose|use_tool|verify,False,,SW-8004,0.3,0.0003666,0.0003416,True,False,0.5,answer directly,no_answer
direct,test-document_processing-005,test,document_processing,direct_literal,answer,,True,R005,R005,0.3,0.0003834,0.0008168,True,True,0.5,answer directly,
direct,test-document_processing-006,test,document_processing,document_extract,answer,use_tool,False,,V-006,0.3,0.0003834,0.0003082,True,False,0.5,answer directly,no_answer
direct,test-document_processing-007,test,document_processing,invoice_reconcile,answer,use_tool|execute_code|verify,False,,77,0.3,0.0005666,0.0003334,True,False,0.5,answer directly,no_answer
direct,test-document_processing-008,test,document_processing,date_normalize,answer,use_tool|delegate,False,,2026-09-18,0.3,0.0003918,0.0003166,True,False,0.5,answer directly,no_answer
direct,test-document_processing-009,test,document_processing,crossfield_check,answer,decompose|use_tool|verify,False,,NE-8009,0.3,0.00036679999999999997,0.00029160000000000004,True,False,0.5,answer directly,no_answer
direct,test-document_processing-010,test,document_processing,direct_literal,answer,,True,R010,R010,0.3,0.00035820000000000003,0.0008834,True,True,0.5,answer directly,
direct,test-document_processing-011,test,document_processing,document_extract,answer,use_tool,False,,V-011,0.3,0.00036679999999999997,0.00030000000000000003,True,False,0.5,answer directly,no_answer
direct,test-document_processing-012,test,document_processing,invoice_reconcile,answer,use_tool|execute_code|verify,False,,65,0.3,0.0003584,0.0003082,True,False,0.5,answer directly,no_answer
direct,test-document_processing-013,test,document_processing,date_normalize,answer,use_tool|delegate,False,,2025-05-23,0.3,0.00036679999999999997,0.0003084,True,False,0.5,answer directly,no_answer
direct,test-document_processing-014,test,document_processing,crossfield_check,answer,decompose|use_tool|verify,False,,CE-8014,0.3,0.0003584,0.0003084,True,False,0.5,answer directly,no_answer
direct,test-document_processing-015,test,document_processing,direct_literal,answer,,True,R015,R015,0.3,0.00035820000000000003,0.0008,True,True,0.5,answer directly,
direct,test-document_processing-016,test,document_processing,document_extract,answer,use_tool,False,,V-016,0.3,0.0003666,0.0003168,True,False,0.5,answer directly,no_answer
direct,test-document_processing-017,test,document_processing,invoice_reconcile,answer,use_tool|execute_code|verify,False,,93,0.3,0.000375,0.00030000000000000003,True,False,0.5,answer directly,no_answer
direct,test-document_processing-018,test,document_processing,date_normalize,answer,use_tool|delegate,False,,2024-01-13,0.3,0.0003584,0.000325,True,False,0.5,answer directly,no_answer
direct,test-document_processing-019,test,document_processing,crossfield_check,answer,decompose|use_tool|verify,False,,SW-8019,0.3,0.0003666,0.0003166,True,False,0.5,answer directly,no_answer
direct,test-document_processing-020,test,document_processing,direct_literal,answer,,True,R020,R020,0.3,0.0003666,0.000775,True,True,0.5,answer directly,
direct,test-document_processing-021,test,document_processing,document_extract,answer,use_tool,False,,V-021,0.3,0.000375,0.0003082,True,False,0.5,answer directly,no_answer
direct,test-document_processing-022,test,document_processing,invoice_reconcile,answer,use_tool|execute_code|verify,False,,64,0.3,0.0003666,0.00030000000000000003,True,False,0.5,answer directly,no_answer
direct,test-document_processing-023,test,document_processing,date_normalize,answer,use_tool|delegate,False,,2026-06-18,0.3,0.000375,0.0003168,True,False,0.5,answer directly,no_answer
direct,test-document_processing-024,test,document_processing,crossfield_check,answer,decompose|use_tool|verify,False,,NE-8024,0.3,0.00036679999999999997,0.0003084,True,False,0.5,answer directly,no_answer
direct,test-document_processing-025,test,document_processing,direct_literal,answer,,True,R025,R025,0.3,0.0003584,0.0008083999999999999,True,True,0.5,answer directly,
direct,test-document_processing-026,test,document_processing,document_extract,answer,use_tool,False,,V-026,0.3,0.0003834,0.000325,True,False,0.5,answer directly,no_answer
direct,test-document_processing-027,test,document_processing,invoice_reconcile,answer,use_tool|execute_code|verify,False,,70,0.3,0.0003666,0.00030000000000000003,True,False,0.5,answer directly,no_answer
direct,test-document_processing-028,test,document_processing,date_normalize,answer,use_tool|delegate,False,,2025-02-23,0.3,0.00039160000000000003,0.00035820000000000003,True,False,0.5,answer directly,no_answer
direct,test-document_processing-029,test,document_processing,crossfield_check,answer,decompose|use_tool|verify,False,,CE-8029,0.3,0.0003584,0.00030000000000000003,True,False,0.5,answer directly,no_answer
direct,test-document_processing-030,test,document_processing,direct_literal,answer,,True,R030,R030,0.3,0.00035,0.0008581999999999999,True,True,0.5,answer directly,
direct,test-document_processing-031,test,document_processing,document_extract,answer,use_tool,False,,V-031,0.3,0.0003666,0.00030000000000000003,True,False,0.5,answer directly,no_answer
direct,test-document_processing-032,test,document_processing,invoice_reconcile,answer,use_tool|execute_code|verify,False,,86,0.3,0.0003666,0.00030000000000000003,True,False,0.5,answer directly,no_answer
direct,test-document_processing-033,test,document_processing,date_normalize,answer,use_tool|delegate,False,,2024-07-13,0.3,0.0003584,0.0003166,True,False,0.5,answer directly,no_answer
direct,test-document_processing-034,test,document_processing,crossfield_check,answer,decompose|use_tool|verify,False,,SW-8034,0.3,0.00035,0.00030000000000000003,True,False,0.5,answer directly,no_answer
direct,test-document_processing-035,test,document_processing,direct_literal,answer,,True,R035,R035,0.3,0.00035,0.0008500000000000001,True,True,0.5,answer directly,
random,test-data_analysis-000,test,data_analysis,direct_literal,answer,,True,R000,R000,0.3,0.44565,0.0009832,True,True,0.5,deterministic random route,
random,test-data_analysis-001,test,data_analysis,aggregate,execute_code|delegate|verify|answer,execute_code,True,36,36,3.5,0.0070668,0.0018084,True,False,0.5,deterministic random route,
random,test-data_analysis-002,test,data_analysis,filtered_sum,answer,decompose|execute_code,False,,38,0.3,0.0062584,0.00035,True,False,0.5,deterministic random route,no_answer
random,test-data_analysis-003,test,data_analysis,direct_literal,decompose|answer,,True,R003,R003,0.75,0.0063916,0.0009417999999999999,True,False,0.5,deterministic random route,
random,test-data_analysis-004,test,data_analysis,aggregate,answer,execute_code,False,,38,0.3,0.0061832,0.0003084,True,False,0.5,deterministic random route,no_answer
random,test-data_analysis-005,test,data_analysis,filtered_sum,delegate|answer,decompose|execute_code,False,,26,1.7,0.0062584,0.00039160000000000003,True,False,0.5,deterministic random route,no_answer
random,test-data_analysis-006,test,data_analysis,direct_literal,decompose|use_tool|answer,,True,R006,R006,1.75,0.0064832,0.0012083999999999999,True,False,0.5,deterministic random route,
random,test-data_analysis-007,test,data_analysis,aggregate,decompose|execute_code|delegate|answer,execute_code,True,35,35,3.3,0.006825,0.0011416,True,False,0.5,deterministic random route,
random,test-data_analysis-008,test,data_analysis,filtered_sum,decompose|answer,decompose|execute_code,False,,44,0.75,0.0066,0.0005084,True,False,0.5,deterministic random route,no_answer
random,test-data_analysis-009,test,data_analysis,direct_literal,use_tool|answer,,True,R009,R009,1.3,0.0064666,0.0009584000000000001,True,False,0.5,deterministic random route,
random,test-data_analysis-010,test,data_analysis,aggregate,decompose|use_tool|delegate|answer,execute_code,False,,36,3.15,0.0067082,0.0006416,True,False,0.5,deterministic random route,no_answer
random,test-data_analysis-011,test,data_analysis,filtered_sum,use_tool|delegate|answer,decompose|execute_code,False,,53,2.7,0.0066084,0.0005084,True,False,0.5,deterministic random route,no_answer
random,test-data_analysis-012,test,data_analysis,direct_literal,decompose|execute_code|answer,,True,R012,R012,1.9,0.00655,0.0010165999999999999,True,False,0.5,deterministic random route,
random,test-data_analysis-013,test,data_analysis,aggregate,answer,execute_code,False,,35,0.3,0.0063666,0.0003168,True,False,0.5,deterministic random route,no_answer
random,test-data_analysis-014,test,data_analysis,filtered_sum,use_tool|delegate|verify|answer,decompose|execute_code,False,,42,3.35,0.0076918,0.0006081999999999999,True,False,0.5,deterministic random route,no_answer
random,test-data_analysis-015,test,data_analysis,direct_literal,delegate|answer,,True,R015,R015,1.7,0.0065666000000000006,0.0008666,True,False,0.5,deterministic random route,
random,test-data_analysis-016,test,data_analysis,aggregate,answer,execute_code,False,,39,0.3,0.0064,0.0003166,True,False,0.5,deterministic random route,no_answer
random,test-data_analysis-017,test,data_analysis,filtered_sum,verify|answer,decompose|execute_code,False,,68,0.95,0.0064,0.0003834,True,False,0.5,deterministic random route,no_answer
random,test-data_analysis-018,test,data_analysis,direct_literal,answer,,True,R018,R018,0.3,0.006325,0.0008,True,True,0.5,deterministic random route,
random,test-data_analysis-019,test,data_analysis,aggregate,decompose|use_tool|execute_code|answer,execute_code,True,36,36,2.9,0.006708400000000001,0.001175,True,False,0.5,deterministic random route,
random,test-data_analysis-020,test,data_analysis,filtered_sum,decompose|use_tool|execute_code|answer,decompose|execute_code,True,38,38,2.9,0.006766800000000001,0.0016832,True,False,0.5,deterministic random route,
random,test-data_analysis-021,test,data_analysis,direct_literal,delegate|answer,,True,R021,R021,1.7,0.0065416,0.0008583999999999999,True,False,0.5,deterministic random route,
random,test-data_analysis-022,test,data_analysis,aggregate,use_tool|delegate|verify|answer,execute_code,False,,40,3.35,0.006675,0.0005668,True,False,0.5,deterministic random route,no_answer
random,test-data_analysis-023,test,data_analysis,filtered_sum,answer,decompose|execute_code,False,,45,0.3,0.00635,0.0003334,True,False,0.5,deterministic random route,no_answer
random,test-data_analysis-024,test,data_analysis,direct_literal,decompose|answer,,True,R024,R024,0.75,0.0064584,0.0008750000000000001,True,False,0.5,deterministic random route,
random,test-data_analysis-025,test,data_analysis,aggregate,answer,execute_code,False,,38,0.3,0.0062918,0.000325,True,False,0.5,deterministic random route,no_answer
random,test-data_analysis-026,test,data_analysis,filtered_sum,decompose|answer,decompose|execute_code,False,,60,0.75,0.0064332,0.00042500000000000003,True,False,0.5,deterministic random route,no_answer
random,test-data_analysis-027,test,data_analysis,direct_literal,verify|answer,,True,R027,R027,0.95,0.0064,0.0008666,True,False,0.5,deterministic random route,
random,test-data_analysis-028,test,data_analysis,aggregate,use_tool|delegate|verify|answer,execute_code,False,,40,3.35,0.007233399999999999,0.0005582,True,False,0.5,deterministic random route,no_answer
random,test-data_analysis-029,test,data_analysis,filtered_sum,answer,decompose|execute_code,False,,73,0.3,0.0063418,0.0003166,True,False,0.5,deterministic random route,no_answer
random,test-data_analysis-030,test,data_analysis,direct_literal,decompose|answer,,True,R030,R030,0.75,0.0064584,0.0008666,True,False,0.5,deterministic random route,
random,test-data_analysis-031,test,data_analysis,aggregate,use_tool|verify|answer,execute_code,False,,31,1.95,0.006683400000000001,0.0005250000000000001,True,False,0.5,deterministic random route,no_answer
random,test-data_analysis-032,test,data_analysis,filtered_sum,decompose|delegate|answer,decompose|execute_code,False,,87,2.15,0.0065666000000000006,0.0005,True,False,0.5,deterministic random route,no_answer
random,test-data_analysis-033,test,data_analysis,direct_literal,execute_code|delegate|answer,,True,R033,R033,2.85,0.006558400000000001,0.0009249999999999999,True,False,0.5,deterministic random route,
random,test-data_analysis-034,test,data_analysis,aggregate,execute_code|verify|answer,execute_code,True,32,32,2.1,0.0065916,0.001025,True,False,0.5,deterministic random route,
random,test-data_analysis-035,test,data_analysis,filtered_sum,execute_code|answer,decompose|execute_code,False,103,37,1.45,0.0064582,0.0012584,True,False,0.5,deterministic random route,incorrect_answer
random,test-research-000,test,research,direct_literal,answer,,True,R000,R000,0.3,0.00635,0.000825,True,True,0.5,deterministic random route,
random,test-research-001,test,research,research_fact,execute_code|delegate|answer,use_tool,False,,CODE-101,2.85,0.0066416,0.00045840000000000003,True,False,0.5,deterministic random route,no_answer
random,test-research-002,test,research,research_multihop,use_tool|execute_code|verify|answer,decompose|use_tool,False,Lab-02,Oslo,3.1,0.0067168,0.0019582,True,False,0.5,deterministic random route,incorrect_answer
random,test-research-003,test,research,research_conflict,use_tool|execute_code|verify|answer,use_tool|verify,True,active,active,3.1,0.006758200000000001,0.0017250000000000002,True,False,0.5,deterministic random route,
random,test-research-004,test,research,research_outage,decompose|execute_code|verify|answer,delegate,False,,SP-304,2.55,0.0067168,0.0005499999999999999,True,False,0.5,deterministic random route,no_answer
random,test-research-005,test,research,direct_literal,answer,,True,R005,R005,0.3,0.0063750000000000005,0.0008,True,True,0.5,deterministic random route,
random,test-research-006,test,research,research_fact,delegate|answer,use_tool,False,,CODE-106,1.7,0.007124999999999999,0.00039160000000000003,True,False,0.5,deterministic random route,no_answer
random,test-research-007,test,research,research_multihop,execute_code|answer,decompose|use_tool,False,,Lima,1.45,0.0109832,0.0008834,True,False,0.5,deterministic random route,no_answer
random,test-research-008,test,research,research_conflict,use_tool|answer,use_tool|verify,False,active,completed,1.3,0.0095168,0.0012584,True,False,0.5,deterministic random route,incorrect_answer
random,test-research-009,test,research,research_outage,answer,delegate,False,,SP-309,0.3,0.0065166,0.0003584,True,False,0.5,deterministic random route,no_answer
random,test-research-010,test,research,direct_literal,answer,,True,R010,R010,0.3,0.0075334,0.0010418,True,True,0.5,deterministic random route,
random,test-research-011,test,research,research_fact,delegate|answer,use_tool,False,,CODE-111,1.7,0.0065334,0.0004084,True,False,0.5,deterministic random route,no_answer
random,test-research-012,test,research,research_multihop,use_tool|answer,decompose|use_tool,False,Lab-12,Montreal,1.3,0.0064666,0.0013168,True,False,0.5,deterministic random route,incorrect_answer
random,test-research-013,test,research,research_conflict,answer,use_tool|verify,False,,active,0.3,0.0064,0.00033319999999999997,True,False,0.5,deterministic random route,no_answer
random,test-research-014,test,research,research_outage,decompose|execute_code|answer,delegate,False,,SP-314,1.9,0.0066334,0.0004917999999999999,True,False,0.5,deterministic random route,no_answer
random,test-research-015,test,research,direct_literal,answer,,True,R015,R015,0.3,0.0063918,0.0008,True,True,0.5,deterministic random route,
random,test-research-016,test,research,research_fact,use_tool|execute_code|answer,use_tool,True,CODE-116,CODE-116,2.45,0.0067082,0.0013918,True,False,0.5,deterministic random route,
random,test-research-017,test,research,research_multihop,decompose|use_tool|delegate|answer,decompose|use_tool,True,Nairobi,Nairobi,3.15,0.0068082,0.0019584,True,False,0.5,deterministic random route,
random,test-research-018,test,research,research_conflict,use_tool|delegate|answer,use_tool|verify,False,active,completed,2.7,0.0066084,0.0010666,True,False,0.5,deterministic random route,incorrect_answer
random,test-research-019,test,research,research_outage,answer,delegate,False,,SP-319,0.3,0.0063834,0.0003416,True,False,0.5,deterministic random route,no_answer
random,test-research-020,test,research,direct_literal,execute_code|delegate|answer,,True,R020,R020,2.85,0.00655,0.0009417999999999999,True,False,0.5,deterministic random route,
random,test-research-021,test,research,research_fact,verify|answer,use_tool,False,,CODE-121,0.95,0.006475,0.0004,True,False,0.5,deterministic random route,no_answer
random,test-research-022,test,research,research_multihop,answer,decompose|use_tool,False,,Oslo,0.3,0.0063416,0.0003168,True,False,0.5,deterministic random route,no_answer
random,test-research-023,test,research,research_conflict,answer,use_tool|verify,False,,active,0.3,0.0062832,0.0003084,True,False,0.5,deterministic random route,no_answer
random,test-research-024,test,research,research_outage,delegate|verify|answer,delegate,True,SP-324,SP-324,2.35,0.0067334000000000005,0.0010834,True,False,0.5,deterministic random route,
random,test-research-025,test,research,direct_literal,verify|answer,,True,R025,R025,0.95,0.0064082,0.0008834,True,False,0.5,deterministic random route,
random,test-research-026,test,research,research_fact,execute_code|delegate|answer,use_tool,False,,CODE-126,2.85,0.0065916,0.00045840000000000003,True,False,0.5,deterministic random route,no_answer
random,test-research-027,test,research,research_multihop,execute_code|answer,decompose|use_tool,False,,Lima,1.45,0.0064,0.00039160000000000003,True,False,0.5,deterministic random route,no_answer
random,test-research-028,test,research,research_conflict,decompose|delegate|verify|answer,use_tool|verify,False,,completed,2.8,0.006991600000000001,0.0006832,True,False,0.5,deterministic random route,no_answer
random,test-research-029,test,research,research_outage,use_tool|verify|answer,delegate,False,,SP-329,1.95,0.0066582,0.0006000000000000001,True,False,0.5,deterministic random route,use_tool_unavailable
random,test-research-030,test,research,direct_literal,answer,,True,R030,R030,0.3,0.006366800000000001,0.0008500000000000001,True,True,0.5,deterministic random route,
random,test-research-031,test,research,research_fact,use_tool|answer,use_tool,True,CODE-131,CODE-131,1.3,0.0065168000000000005,0.0011416,True,True,0.5,deterministic random route,
random,test-research-032,test,research,research_multihop,verify|answer,decompose|use_tool,False,,Montreal,0.95,0.006425,0.00041660000000000004,True,False,0.5,deterministic random route,no_answer
random,test-research-033,test,research,research_conflict,answer,use_tool|verify,False,,active,0.3,0.006325,0.0003416,True,False,0.5,deterministic random route,no_answer
random,test-research-034,test,research,research_outage,verify|answer,delegate,False,,SP-334,0.95,0.019125,0.0004,True,False,0.5,deterministic random route,no_answer
random,test-research-035,test,research,direct_literal,decompose|verify|answer,,True,R035,R035,1.4,0.0065834000000000005,0.000975,True,False,0.5,deterministic random route,
random,test-document_processing-000,test,document_processing,direct_literal,delegate|answer,,True,R000,R000,1.7,0.006558400000000001,0.0008500000000000001,True,False,0.5,deterministic random route,
random,test-document_processing-001,test,document_processing,document_extract,answer,use_tool,False,,V-001,0.3,0.0063416,0.000325,True,False,0.5,deterministic random route,no_answer
random,test-document_processing-002,test,document_processing,invoice_reconcile,decompose|answer,use_tool|execute_code|verify,False,,79,0.75,0.0064084,0.00040819999999999995,True,False,0.5,deterministic random route,no_answer
random,test-document_processing-003,test,document_processing,date_normalize,use_tool|delegate|answer,use_tool|delegate,True,2024-04-13,2024-04-13,2.7,0.006500000000000001,0.0026584,True,True,0.5,deterministic random route,
random,test-document_processing-004,test,document_processing,crossfield_check,answer,decompose|use_tool|verify,False,,SW-8004,0.3,0.0064168,0.0003166,True,False,0.5,deterministic random route,no_answer
random,test-document_processing-005,test,document_processing,direct_literal,decompose|use_tool|execute_code|answer,,True,R005,R005,2.9,0.006708400000000001,0.0011584,True,False,0.5,deterministic random route,
random,test-document_processing-006,test,document_processing,document_extract,decompose|delegate|verify|answer,use_tool,False,,V-006,2.8,0.006675,0.0005332,True,False,0.5,deterministic random route,no_answer
random,test-document_processing-007,test,document_processing,invoice_reconcile,answer,use_tool|execute_code|verify,False,,77,0.3,0.0063,0.000325,True,False,0.5,deterministic random route,no_answer
random,test-document_processing-008,test,document_processing,date_normalize,decompose|use_tool|execute_code|answer,use_tool|delegate,False,09/18/2026,2026-09-18,2.9,0.0067332,0.0012000000000000001,True,False,0.5,deterministic random route,incorrect_answer
random,test-document_processing-009,test,document_processing,crossfield_check,delegate|answer,decompose|use_tool|verify,False,,NE-8009,1.7,0.006500000000000001,0.0003834,True,False,0.5,deterministic random route,no_answer
random,test-document_processing-010,test,document_processing,direct_literal,decompose|use_tool|delegate|answer,,True,R010,R010,3.15,0.0067,0.0010918,True,False,0.5,deterministic random route,
random,test-document_processing-011,test,document_processing,document_extract,answer,use_tool,False,,V-011,0.3,0.0063834,0.000325,True,False,0.5,deterministic random route,no_answer
random,test-document_processing-012,test,document_processing,invoice_reconcile,delegate|answer,use_tool|execute_code|verify,False,,65,1.7,0.006433400000000001,0.00039160000000000003,True,False,0.5,deterministic random route,no_answer
random,test-document_processing-013,test,document_processing,date_normalize,answer,use_tool|delegate,False,,2025-05-23,0.3,0.0063,0.000325,True,False,0.5,deterministic random route,no_answer
random,test-document_processing-014,test,document_processing,crossfield_check,execute_code|answer,decompose|use_tool|verify,False,,CE-8014,1.45,0.0064582,0.0004084,True,False,0.5,deterministic random route,no_answer
random,test-document_processing-015,test,document_processing,direct_literal,delegate|answer,,True,R015,R015,1.7,0.0063750000000000005,0.0008666,True,False,0.5,deterministic random route,
random,test-document_processing-016,test,document_processing,document_extract,decompose|use_tool|verify|answer,use_tool,True,V-016,V-016,2.4,0.0068168000000000005,0.0093,True,False,0.5,deterministic random route,
random,test-document_processing-017,test,document_processing,invoice_reconcile,execute_code|delegate|verify|answer,use_tool|execute_code|verify,False,,93,3.5,0.007208399999999999,0.0006416,True,False,0.5,deterministic random route,no_answer
random,test-document_processing-018,test,document_processing,date_normalize,use_tool|execute_code|verify|answer,use_tool|delegate,False,01/13/2024,2024-01-13,3.1,0.006675,0.0012834,True,False,0.5,deterministic random route,incorrect_answer
random,test-document_processing-019,test,document_processing,crossfield_check,execute_code|delegate|verify|answer,decompose|use_tool|verify,False,,SW-8019,3.5,0.006683400000000001,0.0008166,True,False,0.5,deterministic random route,no_answer
random,test-document_processing-020,test,document_processing,direct_literal,use_tool|answer,,True,R020,R020,1.3,0.0064582,0.00095,True,False,0.5,deterministic random route,
random,test-document_processing-021,test,document_processing,document_extract,use_tool|verify|answer,use_tool,True,V-021,V-021,1.95,0.0065834000000000005,0.0056916,True,False,0.5,deterministic random route,
random,test-document_processing-022,test,document_processing,invoice_reconcile,use_tool|delegate|answer,use_tool|execute_code|verify,False,62,64,2.7,0.0067,0.0023166,True,False,0.5,deterministic random route,incorrect_answer
random,test-document_processing-023,test,document_processing,date_normalize,delegate|answer,use_tool|delegate,False,,2026-06-18,1.7,0.007191599999999999,0.0004666,True,False,0.5,deterministic random route,no_answer
random,test-document_processing-024,test,document_processing,crossfield_check,decompose|use_tool|answer,decompose|use_tool|verify,False,NE,NE-8024,1.75,0.006616800000000001,0.0013166,True,False,0.5,deterministic random route,incorrect_answer
random,test-document_processing-025,test,document_processing,direct_literal,use_tool|verify|answer,,True,R025,R025,1.95,0.0066500000000000005,0.0010084,True,False,0.5,deterministic random route,
random,test-document_processing-026,test,document_processing,document_extract,decompose|use_tool|answer,use_tool,True,V-026,V-026,1.75,0.0065334,0.0052,True,False,0.5,deterministic random route,
random,test-document_processing-027,test,document_processing,invoice_reconcile,use_tool|verify|answer,use_tool|execute_code|verify,False,73,70,1.95,0.0066,0.0010999999999999998,True,False,0.5,deterministic random route,incorrect_answer
random,test-document_processing-028,test,document_processing,date_normalize,execute_code|answer,use_tool|delegate,False,,2025-02-23,1.45,0.0065166,0.00042500000000000003,True,False,0.5,deterministic random route,no_answer
random,test-document_processing-029,test,document_processing,crossfield_check,decompose|execute_code|delegate|answer,decompose|use_tool|verify,False,,CE-8029,3.3,0.0067666,0.0005584,True,False,0.5,deterministic random route,no_answer
random,test-document_processing-030,test,document_processing,direct_literal,decompose|answer,,True,R030,R030,0.75,0.0064418,0.0008916,True,False,0.5,deterministic random route,
random,test-document_processing-031,test,document_processing,document_extract,decompose|execute_code|delegate|answer,use_tool,False,,V-031,3.3,0.006725,0.0005250000000000001,True,False,0.5,deterministic random route,no_answer
random,test-document_processing-032,test,document_processing,invoice_reconcile,use_tool|execute_code|verify|answer,use_tool|execute_code|verify,True,86,86,3.1,0.0076416,0.0014416,True,True,0.5,deterministic random route,
random,test-document_processing-033,test,document_processing,date_normalize,use_tool|delegate|answer,use_tool|delegate,True,2024-07-13,2024-07-13,2.7,0.008158200000000001,0.0026666,True,True,0.5,deterministic random route,
random,test-document_processing-034,test,document_processing,crossfield_check,decompose|execute_code|delegate|answer,decompose|use_tool|verify,False,,SW-8034,3.3,0.0067166000000000005,0.0005584,True,False,0.5,deterministic random route,no_answer
random,test-document_processing-035,test,document_processing,direct_literal,answer,,True,R035,R035,0.3,0.0064084,0.0008082,True,True,0.5,deterministic random route,
fixed_agent,test-data_analysis-000,test,data_analysis,direct_literal,decompose|use_tool|execute_code|delegate|verify|answer,,True,R000,R000,4.95,0.0006584,0.0011834,False,False,0.5,fixed full workflow,
fixed_agent,test-data_analysis-001,test,data_analysis,aggregate,decompose|use_tool|execute_code|delegate|verify|answer,execute_code,True,36,36,4.95,0.000475,0.0013334,False,False,0.5,fixed full workflow,
fixed_agent,test-data_analysis-002,test,data_analysis,filtered_sum,decompose|use_tool|execute_code|delegate|verify|answer,decompose|execute_code,True,38,38,4.95,0.0004582,0.0014668,False,False,0.5,fixed full workflow,
fixed_agent,test-data_analysis-003,test,data_analysis,direct_literal,decompose|use_tool|execute_code|delegate|verify|answer,,True,R003,R003,4.95,0.0004582,0.0011668,False,False,0.5,fixed full workflow,
fixed_agent,test-data_analysis-004,test,data_analysis,aggregate,decompose|use_tool|execute_code|delegate|verify|answer,execute_code,True,38,38,4.95,0.00045840000000000003,0.001225,False,False,0.5,fixed full workflow,
fixed_agent,test-data_analysis-005,test,data_analysis,filtered_sum,decompose|use_tool|execute_code|delegate|verify|answer,decompose|execute_code,True,26,26,4.95,0.00045840000000000003,0.0013834000000000001,False,False,0.5,fixed full workflow,
fixed_agent,test-data_analysis-006,test,data_analysis,direct_literal,decompose|use_tool|execute_code|delegate|verify|answer,,True,R006,R006,4.95,0.00045,0.0012000000000000001,False,False,0.5,fixed full workflow,
fixed_agent,test-data_analysis-007,test,data_analysis,aggregate,decompose|use_tool|execute_code|delegate|verify|answer,execute_code,True,35,35,4.95,0.00045,0.0011916,False,False,0.5,fixed full workflow,
fixed_agent,test-data_analysis-008,test,data_analysis,filtered_sum,decompose|use_tool|execute_code|delegate|verify|answer,decompose|execute_code,True,44,44,4.95,0.00045,0.0014166,False,False,0.5,fixed full workflow,
fixed_agent,test-data_analysis-009,test,data_analysis,direct_literal,decompose|use_tool|execute_code|delegate|verify|answer,,True,R009,R009,4.95,0.00045,0.0011416,False,False,0.5,fixed full workflow,
fixed_agent,test-data_analysis-010,test,data_analysis,aggregate,decompose|use_tool|execute_code|delegate|verify|answer,execute_code,True,36,36,4.95,0.0004334,0.001175,False,False,0.5,fixed full workflow,
fixed_agent,test-data_analysis-011,test,data_analysis,filtered_sum,decompose|use_tool|execute_code|delegate|verify|answer,decompose|execute_code,True,53,53,4.95,0.00045840000000000003,0.0014334,False,False,0.5,fixed full workflow,
fixed_agent,test-data_analysis-012,test,data_analysis,direct_literal,decompose|use_tool|execute_code|delegate|verify|answer,,True,R012,R012,4.95,0.0004416,0.0011166000000000001,False,False,0.5,fixed full workflow,
fixed_agent,test-data_analysis-013,test,data_analysis,aggregate,decompose|use_tool|execute_code|delegate|verify|answer,execute_code,True,35,35,4.95,0.0004666,0.0012000000000000001,False,False,0.5,fixed full workflow,
fixed_agent,test-data_analysis-014,test,data_analysis,filtered_sum,decompose|use_tool|execute_code|delegate|verify|answer,decompose|execute_code,True,42,42,4.95,0.00045,0.0013584,False,False,0.5,fixed full workflow,
fixed_agent,test-data_analysis-015,test,data_analysis,direct_literal,decompose|use_tool|execute_code|delegate|verify|answer,,True,R015,R015,4.95,0.00045,0.001175,False,False,0.5,fixed full workflow,
fixed_agent,test-data_analysis-016,test,data_analysis,aggregate,decompose|use_tool|execute_code|delegate|verify|answer,execute_code,True,39,39,4.95,0.00045,0.0011584,False,False,0.5,fixed full workflow,
fixed_agent,test-data_analysis-017,test,data_analysis,filtered_sum,decompose|use_tool|execute_code|delegate|verify|answer,decompose|execute_code,True,68,68,4.95,0.00045,0.001425,False,False,0.5,fixed full workflow,
fixed_agent,test-data_analysis-018,test,data_analysis,direct_literal,decompose|use_tool|execute_code|delegate|verify|answer,,True,R018,R018,4.95,0.0004416,0.00115,False,False,0.5,fixed full workflow,
fixed_agent,test-data_analysis-019,test,data_analysis,aggregate,decompose|use_tool|execute_code|delegate|verify|answer,execute_code,True,36,36,4.95,0.0013666,0.0012418,False,False,0.5,fixed full workflow,
fixed_agent,test-data_analysis-020,test,data_analysis,filtered_sum,decompose|use_tool|execute_code|delegate|verify|answer,decompose|execute_code,True,38,38,4.95,0.00045840000000000003,0.001425,False,False,0.5,fixed full workflow,
fixed_agent,test-data_analysis-021,test,data_analysis,direct_literal,decompose|use_tool|execute_code|delegate|verify|answer,,True,R021,R021,4.95,0.00045840000000000003,0.0011584,False,False,0.5,fixed full workflow,
fixed_agent,test-data_analysis-022,test,data_analysis,aggregate,decompose|use_tool|execute_code|delegate|verify|answer,execute_code,True,40,40,4.95,0.00045,0.0012083999999999999,False,False,0.5,fixed full workflow,
fixed_agent,test-data_analysis-023,test,data_analysis,filtered_sum,decompose|use_tool|execute_code|delegate|verify|answer,decompose|execute_code,True,45,45,4.95,0.00045840000000000003,0.0013834000000000001,False,False,0.5,fixed full workflow,
fixed_agent,test-data_analysis-024,test,data_analysis,direct_literal,decompose|use_tool|execute_code|delegate|verify|answer,,True,R024,R024,4.95,0.00045,0.0011416,False,False,0.5,fixed full workflow,
fixed_agent,test-data_analysis-025,test,data_analysis,aggregate,decompose|use_tool|execute_code|delegate|verify|answer,execute_code,True,38,38,4.95,0.00045840000000000003,0.001225,False,False,0.5,fixed full workflow,
fixed_agent,test-data_analysis-026,test,data_analysis,filtered_sum,decompose|use_tool|execute_code|delegate|verify|answer,decompose|execute_code,True,60,60,4.95,0.000475,0.0025583999999999997,False,False,0.5,fixed full workflow,
fixed_agent,test-data_analysis-027,test,data_analysis,direct_literal,decompose|use_tool|execute_code|delegate|verify|answer,,True,R027,R027,4.95,0.0004416,0.0011668,False,False,0.5,fixed full workflow,
fixed_agent,test-data_analysis-028,test,data_analysis,aggregate,decompose|use_tool|execute_code|delegate|verify|answer,execute_code,True,40,40,4.95,0.00045840000000000003,0.0012666,False,False,0.5,fixed full workflow,
fixed_agent,test-data_analysis-029,test,data_analysis,filtered_sum,decompose|use_tool|execute_code|delegate|verify|answer,decompose|execute_code,True,73,73,4.95,0.0004668,0.001375,False,False,0.5,fixed full workflow,
fixed_agent,test-data_analysis-030,test,data_analysis,direct_literal,decompose|use_tool|execute_code|delegate|verify|answer,,True,R030,R030,4.95,0.0004416,0.0011665999999999998,False,False,0.5,fixed full workflow,
fixed_agent,test-data_analysis-031,test,data_analysis,aggregate,decompose|use_tool|execute_code|delegate|verify|answer,execute_code,True,31,31,4.95,0.0004416,0.0011916,False,False,0.5,fixed full workflow,
fixed_agent,test-data_analysis-032,test,data_analysis,filtered_sum,decompose|use_tool|execute_code|delegate|verify|answer,decompose|execute_code,True,87,87,4.95,0.0004416,0.0014084,False,False,0.5,fixed full workflow,
fixed_agent,test-data_analysis-033,test,data_analysis,direct_literal,decompose|use_tool|execute_code|delegate|verify|answer,,True,R033,R033,4.95,0.0004666,0.00115,False,False,0.5,fixed full workflow,
fixed_agent,test-data_analysis-034,test,data_analysis,aggregate,decompose|use_tool|execute_code|delegate|verify|answer,execute_code,True,32,32,4.95,0.0004668,0.0011834,False,False,0.5,fixed full workflow,
fixed_agent,test-data_analysis-035,test,data_analysis,filtered_sum,decompose|use_tool|execute_code|delegate|verify|answer,decompose|execute_code,True,37,37,4.95,0.0004416,0.001375,False,False,0.5,fixed full workflow,
fixed_agent,test-research-000,test,research,direct_literal,decompose|use_tool|execute_code|delegate|verify|answer,,True,R000,R000,4.95,0.00045840000000000003,0.0011084,False,False,0.5,fixed full workflow,
fixed_agent,test-research-001,test,research,research_fact,decompose|use_tool|execute_code|delegate|verify|answer,use_tool,True,CODE-101,CODE-101,4.95,0.0004916,0.0013084,False,False,0.5,fixed full workflow,
fixed_agent,test-research-002,test,research,research_multihop,decompose|use_tool|execute_code|delegate|verify|answer,decompose|use_tool,True,Oslo,Oslo,4.95,0.00045,0.0018415999999999999,False,False,0.5,fixed full workflow,
fixed_agent,test-research-003,test,research,research_conflict,decompose|use_tool|execute_code|delegate|verify|answer,use_tool|verify,True,active,active,4.95,0.0004582,0.0014668,False,False,0.5,fixed full workflow,
fixed_agent,test-research-004,test,research,research_outage,decompose|use_tool|execute_code|delegate|verify|answer,delegate,False,,SP-304,4.95,0.00045,0.0005832000000000001,False,False,0.5,fixed full workflow,use_tool_unavailable
fixed_agent,test-research-005,test,research,direct_literal,decompose|use_tool|execute_code|delegate|verify|answer,,True,R005,R005,4.95,0.00045840000000000003,0.0011665999999999998,False,False,0.5,fixed full workflow,
fixed_agent,test-research-006,test,research,research_fact,decompose|use_tool|execute_code|delegate|verify|answer,use_tool,True,CODE-106,CODE-106,4.95,0.00045,0.0012334,False,False,0.5,fixed full workflow,
fixed_agent,test-research-007,test,research,research_multihop,decompose|use_tool|execute_code|delegate|verify|answer,decompose|use_tool,True,Lima,Lima,4.95,0.00045,0.0017000000000000001,False,False,0.5,fixed full workflow,
fixed_agent,test-research-008,test,research,research_conflict,decompose|use_tool|execute_code|delegate|verify|answer,use_tool|verify,True,completed,completed,4.95,0.00045,0.0014334,False,False,0.5,fixed full workflow,
fixed_agent,test-research-009,test,research,research_outage,decompose|use_tool|execute_code|delegate|verify|answer,delegate,False,,SP-309,4.95,0.00045840000000000003,0.0005499999999999999,False,False,0.5,fixed full workflow,use_tool_unavailable
fixed_agent,test-research-010,test,research,direct_literal,decompose|use_tool|execute_code|delegate|verify|answer,,True,R010,R010,4.95,0.0004418,0.00115,False,False,0.5,fixed full workflow,
fixed_agent,test-research-011,test,research,research_fact,decompose|use_tool|execute_code|delegate|verify|answer,use_tool,True,CODE-111,CODE-111,4.95,0.0004416,0.0012582,False,False,0.5,fixed full workflow,
fixed_agent,test-research-012,test,research,research_multihop,decompose|use_tool|execute_code|delegate|verify|answer,decompose|use_tool,True,Montreal,Montreal,4.95,0.00045,0.0017000000000000001,False,False,0.5,fixed full workflow,
fixed_agent,test-research-013,test,research,research_conflict,decompose|use_tool|execute_code|delegate|verify|answer,use_tool|verify,True,active,active,4.95,0.00045840000000000003,0.0013584,False,False,0.5,fixed full workflow,
fixed_agent,test-research-014,test,research,research_outage,decompose|use_tool|execute_code|delegate|verify|answer,delegate,False,,SP-314,4.95,0.0004416,0.0005166,False,False,0.5,fixed full workflow,use_tool_unavailable
fixed_agent,test-research-015,test,research,direct_literal,decompose|use_tool|execute_code|delegate|verify|answer,,True,R015,R015,4.95,0.00045,0.00115,False,False,0.5,fixed full workflow,
fixed_agent,test-research-016,test,research,research_fact,decompose|use_tool|execute_code|delegate|verify|answer,use_tool,True,CODE-116,CODE-116,4.95,0.0004666,0.0012918,False,False,0.5,fixed full workflow,
fixed_agent,test-research-017,test,research,research_multihop,decompose|use_tool|execute_code|delegate|verify|answer,decompose|use_tool,True,Nairobi,Nairobi,4.95,0.00045,0.001675,False,False,0.5,fixed full workflow,
fixed_agent,test-research-018,test,research,research_conflict,decompose|use_tool|execute_code|delegate|verify|answer,use_tool|verify,True,completed,completed,4.95,0.00045840000000000003,0.0014166,False,False,0.5,fixed full workflow,
fixed_agent,test-research-019,test,research,research_outage,decompose|use_tool|execute_code|delegate|verify|answer,delegate,False,,SP-319,4.95,0.00045840000000000003,0.0005250000000000001,False,False,0.5,fixed full workflow,use_tool_unavailable
fixed_agent,test-research-020,test,research,direct_literal,decompose|use_tool|execute_code|delegate|verify|answer,,True,R020,R020,4.95,0.00045840000000000003,0.001125,False,False,0.5,fixed full workflow,
fixed_agent,test-research-021,test,research,research_fact,decompose|use_tool|execute_code|delegate|verify|answer,use_tool,True,CODE-121,CODE-121,4.95,0.0006168,0.001375,False,False,0.5,fixed full workflow,
fixed_agent,test-research-022,test,research,research_multihop,decompose|use_tool|execute_code|delegate|verify|answer,decompose|use_tool,True,Oslo,Oslo,4.95,0.0004418,0.001675,False,False,0.5,fixed full workflow,
fixed_agent,test-research-023,test,research,research_conflict,decompose|use_tool|execute_code|delegate|verify|answer,use_tool|verify,True,active,active,4.95,0.00045840000000000003,0.0013834000000000001,False,False,0.5,fixed full workflow,
fixed_agent,test-research-024,test,research,research_outage,decompose|use_tool|execute_code|delegate|verify|answer,delegate,False,,SP-324,4.95,0.00045,0.0005332,False,False,0.5,fixed full workflow,use_tool_unavailable
fixed_agent,test-research-025,test,research,direct_literal,decompose|use_tool|execute_code|delegate|verify|answer,,True,R025,R025,4.95,0.0004834,0.0011334000000000001,False,False,0.5,fixed full workflow,
fixed_agent,test-research-026,test,research,research_fact,decompose|use_tool|execute_code|delegate|verify|answer,use_tool,True,CODE-126,CODE-126,4.95,0.0004332,0.0012418,False,False,0.5,fixed full workflow,
fixed_agent,test-research-027,test,research,research_multihop,decompose|use_tool|execute_code|delegate|verify|answer,decompose|use_tool,True,Lima,Lima,4.95,0.0004418,0.0016250000000000001,False,False,0.5,fixed full workflow,
fixed_agent,test-research-028,test,research,research_conflict,decompose|use_tool|execute_code|delegate|verify|answer,use_tool|verify,True,completed,completed,4.95,0.00045840000000000003,0.0014084,False,False,0.5,fixed full workflow,
fixed_agent,test-research-029,test,research,research_outage,decompose|use_tool|execute_code|delegate|verify|answer,delegate,False,,SP-329,4.95,0.0004334,0.0005084,False,False,0.5,fixed full workflow,use_tool_unavailable
fixed_agent,test-research-030,test,research,direct_literal,decompose|use_tool|execute_code|delegate|verify|answer,,True,R030,R030,4.95,0.0004334,0.0011417999999999999,False,False,0.5,fixed full workflow,
fixed_agent,test-research-031,test,research,research_fact,decompose|use_tool|execute_code|delegate|verify|answer,use_tool,True,CODE-131,CODE-131,4.95,0.0004334,0.0012334,False,False,0.5,fixed full workflow,
fixed_agent,test-research-032,test,research,research_multihop,decompose|use_tool|execute_code|delegate|verify|answer,decompose|use_tool,True,Montreal,Montreal,4.95,0.0004416,0.0017000000000000001,False,False,0.5,fixed full workflow,
fixed_agent,test-research-033,test,research,research_conflict,decompose|use_tool|execute_code|delegate|verify|answer,use_tool|verify,True,active,active,4.95,0.00045,0.0013418,False,False,0.5,fixed full workflow,
fixed_agent,test-research-034,test,research,research_outage,decompose|use_tool|execute_code|delegate|verify|answer,delegate,False,,SP-334,4.95,0.00045,0.0005250000000000001,False,False,0.5,fixed full workflow,use_tool_unavailable
fixed_agent,test-research-035,test,research,direct_literal,decompose|use_tool|execute_code|delegate|verify|answer,,True,R035,R035,4.95,0.0004332,0.0011582,False,False,0.5,fixed full workflow,
fixed_agent,test-document_processing-000,test,document_processing,direct_literal,decompose|use_tool|execute_code|delegate|verify|answer,,True,R000,R000,4.95,0.0004334,0.001075,False,False,0.5,fixed full workflow,
fixed_agent,test-document_processing-001,test,document_processing,document_extract,decompose|use_tool|execute_code|delegate|verify|answer,use_tool,True,V-001,V-001,4.95,0.0004416,0.0018418,False,False,0.5,fixed full workflow,
fixed_agent,test-document_processing-002,test,document_processing,invoice_reconcile,decompose|use_tool|execute_code|delegate|verify|answer,use_tool|execute_code|verify,True,79,79,4.95,0.0004418,0.0013582,False,False,0.5,fixed full workflow,
fixed_agent,test-document_processing-003,test,document_processing,date_normalize,decompose|use_tool|execute_code|delegate|verify|answer,use_tool|delegate,True,2024-04-13,2024-04-13,4.95,0.0004332,0.0018415999999999999,False,False,0.5,fixed full workflow,
fixed_agent,test-document_processing-004,test,document_processing,crossfield_check,decompose|use_tool|execute_code|delegate|verify|answer,decompose|use_tool|verify,True,SW-8004,SW-8004,4.95,0.0004418,0.0015666,False,False,0.5,fixed full workflow,
fixed_agent,test-document_processing-005,test,document_processing,direct_literal,decompose|use_tool|execute_code|delegate|verify|answer,,True,R005,R005,4.95,0.0004416,0.00115,False,False,0.5,fixed full workflow,
fixed_agent,test-document_processing-006,test,document_processing,document_extract,decompose|use_tool|execute_code|delegate|verify|answer,use_tool,True,V-006,V-006,4.95,0.0004416,0.0016666,False,False,0.5,fixed full workflow,
fixed_agent,test-document_processing-007,test,document_processing,invoice_reconcile,decompose|use_tool|execute_code|delegate|verify|answer,use_tool|execute_code|verify,True,77,77,4.95,0.0004416,0.0012834,False,False,0.5,fixed full workflow,
fixed_agent,test-document_processing-008,test,document_processing,date_normalize,decompose|use_tool|execute_code|delegate|verify|answer,use_tool|delegate,True,2026-09-18,2026-09-18,4.95,0.0004418,0.0018249999999999998,False,False,0.5,fixed full workflow,
fixed_agent,test-document_processing-009,test,document_processing,crossfield_check,decompose|use_tool|execute_code|delegate|verify|answer,decompose|use_tool|verify,True,NE-8009,NE-8009,4.95,0.00045,0.0014,False,False,0.5,fixed full workflow,
fixed_agent,test-document_processing-010,test,document_processing,direct_literal,decompose|use_tool|execute_code|delegate|verify|answer,,True,R010,R010,4.95,0.0004416,0.001125,False,False,0.5,fixed full workflow,
fixed_agent,test-document_processing-011,test,document_processing,document_extract,decompose|use_tool|execute_code|delegate|verify|answer,use_tool,True,V-011,V-011,4.95,0.0004418,0.0016416,False,False,0.5,fixed full workflow,
fixed_agent,test-document_processing-012,test,document_processing,invoice_reconcile,decompose|use_tool|execute_code|delegate|verify|answer,use_tool|execute_code|verify,True,65,65,4.95,0.0004416,0.0012834,False,False,0.5,fixed full workflow,
fixed_agent,test-document_processing-013,test,document_processing,date_normalize,decompose|use_tool|execute_code|delegate|verify|answer,use_tool|delegate,True,2025-05-23,2025-05-23,4.95,0.0004334,0.0017166,False,False,0.5,fixed full workflow,
fixed_agent,test-document_processing-014,test,document_processing,crossfield_check,decompose|use_tool|execute_code|delegate|verify|answer,decompose|use_tool|verify,True,CE-8014,CE-8014,4.95,0.00045,0.00135,False,False,0.5,fixed full workflow,
fixed_agent,test-document_processing-015,test,document_processing,direct_literal,decompose|use_tool|execute_code|delegate|verify|answer,,True,R015,R015,4.95,0.0004416,0.001125,False,False,0.5,fixed full workflow,
fixed_agent,test-document_processing-016,test,document_processing,document_extract,decompose|use_tool|execute_code|delegate|verify|answer,use_tool,True,V-016,V-016,4.95,0.0004334,0.0016666,False,False,0.5,fixed full workflow,
fixed_agent,test-document_processing-017,test,document_processing,invoice_reconcile,decompose|use_tool|execute_code|delegate|verify|answer,use_tool|execute_code|verify,True,93,93,4.95,0.0004334,0.0012834,False,False,0.5,fixed full workflow,
fixed_agent,test-document_processing-018,test,document_processing,date_normalize,decompose|use_tool|execute_code|delegate|verify|answer,use_tool|delegate,True,2024-01-13,2024-01-13,4.95,0.0004334,0.0017250000000000002,False,False,0.5,fixed full workflow,
fixed_agent,test-document_processing-019,test,document_processing,crossfield_check,decompose|use_tool|execute_code|delegate|verify|answer,decompose|use_tool|verify,True,SW-8019,SW-8019,4.95,0.00045,0.0013666,False,False,0.5,fixed full workflow,
fixed_agent,test-document_processing-020,test,document_processing,direct_literal,decompose|use_tool|execute_code|delegate|verify|answer,,True,R020,R020,4.95,0.0004416,0.0011584,False,False,0.5,fixed full workflow,
fixed_agent,test-document_processing-021,test,document_processing,document_extract,decompose|use_tool|execute_code|delegate|verify|answer,use_tool,True,V-021,V-021,4.95,0.0004418,0.00165,False,False,0.5,fixed full workflow,
fixed_agent,test-document_processing-022,test,document_processing,invoice_reconcile,decompose|use_tool|execute_code|delegate|verify|answer,use_tool|execute_code|verify,True,64,64,4.95,0.00045,0.00125,False,False,0.5,fixed full workflow,
fixed_agent,test-document_processing-023,test,document_processing,date_normalize,decompose|use_tool|execute_code|delegate|verify|answer,use_tool|delegate,True,2026-06-18,2026-06-18,4.95,0.000475,0.0017250000000000002,False,False,0.5,fixed full workflow,
fixed_agent,test-document_processing-024,test,document_processing,crossfield_check,decompose|use_tool|execute_code|delegate|verify|answer,decompose|use_tool|verify,True,NE-8024,NE-8024,4.95,0.0004334,0.0013584,False,False,0.5,fixed full workflow,
fixed_agent,test-document_processing-025,test,document_processing,direct_literal,decompose|use_tool|execute_code|delegate|verify|answer,,True,R025,R025,4.95,0.00045,0.0011334000000000001,False,False,0.5,fixed full workflow,
fixed_agent,test-document_processing-026,test,document_processing,document_extract,decompose|use_tool|execute_code|delegate|verify|answer,use_tool,True,V-026,V-026,4.95,0.0004416,0.0016334000000000001,False,False,0.5,fixed full workflow,
fixed_agent,test-document_processing-027,test,document_processing,invoice_reconcile,decompose|use_tool|execute_code|delegate|verify|answer,use_tool|execute_code|verify,True,70,70,4.95,0.0004416,0.0012416,False,False,0.5,fixed full workflow,
fixed_agent,test-document_processing-028,test,document_processing,date_normalize,decompose|use_tool|execute_code|delegate|verify|answer,use_tool|delegate,True,2025-02-23,2025-02-23,4.95,0.00042500000000000003,0.0017000000000000001,False,False,0.5,fixed full workflow,
fixed_agent,test-document_processing-029,test,document_processing,crossfield_check,decompose|use_tool|execute_code|delegate|verify|answer,decompose|use_tool|verify,True,CE-8029,CE-8029,4.95,0.0004416,0.0013582,False,False,0.5,fixed full workflow,
fixed_agent,test-document_processing-030,test,document_processing,direct_literal,decompose|use_tool|execute_code|delegate|verify|answer,,True,R030,R030,4.95,0.0004416,0.0011334000000000001,False,False,0.5,fixed full workflow,
fixed_agent,test-document_processing-031,test,document_processing,document_extract,decompose|use_tool|execute_code|delegate|verify|answer,use_tool,True,V-031,V-031,4.95,0.0004334,0.001675,False,False,0.5,fixed full workflow,
fixed_agent,test-document_processing-032,test,document_processing,invoice_reconcile,decompose|use_tool|execute_code|delegate|verify|answer,use_tool|execute_code|verify,True,86,86,4.95,0.0004418,0.0012749999999999999,False,False,0.5,fixed full workflow,
fixed_agent,test-document_processing-033,test,document_processing,date_normalize,decompose|use_tool|execute_code|delegate|verify|answer,use_tool|delegate,True,2024-07-13,2024-07-13,4.95,0.0004416,0.0017416,False,False,0.5,fixed full workflow,
fixed_agent,test-document_processing-034,test,document_processing,crossfield_check,decompose|use_tool|execute_code|delegate|verify|answer,decompose|use_tool|verify,True,SW-8034,SW-8034,4.95,0.0004416,0.0013584,False,False,0.5,fixed full workflow,
fixed_agent,test-document_processing-035,test,document_processing,direct_literal,decompose|use_tool|execute_code|delegate|verify|answer,,True,R035,R035,4.95,0.00045,0.0011582,False,False,0.5,fixed full workflow,
static_workload,test-data_analysis-000,test,data_analysis,direct_literal,decompose|execute_code|answer,,True,R000,R000,1.9,0.000775,0.0009334,True,False,0.6,workload-specific fixed route,
static_workload,test-data_analysis-001,test,data_analysis,aggregate,decompose|execute_code|answer,execute_code,True,36,36,1.9,0.000475,0.000975,True,False,0.6,workload-specific fixed route,
static_workload,test-data_analysis-002,test,data_analysis,filtered_sum,decompose|execute_code|answer,decompose|execute_code,True,38,38,1.9,0.000475,0.001175,True,True,0.6,workload-specific fixed route,
static_workload,test-data_analysis-003,test,data_analysis,direct_literal,decompose|execute_code|answer,,True,R003,R003,1.9,0.0004666,0.0009,True,False,0.6,workload-specific fixed route,
static_workload,test-data_analysis-004,test,data_analysis,aggregate,decompose|execute_code|answer,execute_code,True,38,38,1.9,0.00045840000000000003,0.00095,True,False,0.6,workload-specific fixed route,
static_workload,test-data_analysis-005,test,data_analysis,filtered_sum,decompose|execute_code|answer,decompose|execute_code,True,26,26,1.9,0.0004582,0.0011334000000000001,True,True,0.6,workload-specific fixed route,
static_workload,test-data_analysis-006,test,data_analysis,direct_literal,decompose|execute_code|answer,,True,R006,R006,1.9,0.0004666,0.0009168000000000001,True,False,0.6,workload-specific fixed route,
static_workload,test-data_analysis-007,test,data_analysis,aggregate,decompose|execute_code|answer,execute_code,True,35,35,1.9,0.00045,0.0009582,True,False,0.6,workload-specific fixed route,
static_workload,test-data_analysis-008,test,data_analysis,filtered_sum,decompose|execute_code|answer,decompose|execute_code,True,44,44,1.9,0.00045,0.0011417999999999999,True,True,0.6,workload-specific fixed route,
static_workload,test-data_analysis-009,test,data_analysis,direct_literal,decompose|execute_code|answer,,True,R009,R009,1.9,0.00045,0.0009084,True,False,0.6,workload-specific fixed route,
static_workload,test-data_analysis-010,test,data_analysis,aggregate,decompose|execute_code|answer,execute_code,True,36,36,1.9,0.0004666,0.0009918,True,False,0.6,workload-specific fixed route,
static_workload,test-data_analysis-011,test,data_analysis,filtered_sum,decompose|execute_code|answer,decompose|execute_code,True,53,53,1.9,0.00045840000000000003,0.0012000000000000001,True,True,0.6,workload-specific fixed route,
static_workload,test-data_analysis-012,test,data_analysis,direct_literal,decompose|execute_code|answer,,True,R012,R012,1.9,0.000475,0.0009084,True,False,0.6,workload-specific fixed route,
static_workload,test-data_analysis-013,test,data_analysis,aggregate,decompose|execute_code|answer,execute_code,True,35,35,1.9,0.000475,0.00095,True,False,0.6,workload-specific fixed route,
static_workload,test-data_analysis-014,test,data_analysis,filtered_sum,decompose|execute_code|answer,decompose|execute_code,True,42,42,1.9,0.0004582,0.0011334000000000001,True,True,0.6,workload-specific fixed route,
static_workload,test-data_analysis-015,test,data_analysis,direct_literal,decompose|execute_code|answer,,True,R015,R015,1.9,0.00045,0.0009,True,False,0.6,workload-specific fixed route,
static_workload,test-data_analysis-016,test,data_analysis,aggregate,decompose|execute_code|answer,execute_code,True,39,39,1.9,0.00045,0.0009416000000000001,True,False,0.6,workload-specific fixed route,
static_workload,test-data_analysis-017,test,data_analysis,filtered_sum,decompose|execute_code|answer,decompose|execute_code,True,68,68,1.9,0.00045840000000000003,0.0011832000000000001,True,True,0.6,workload-specific fixed route,
static_workload,test-data_analysis-018,test,data_analysis,direct_literal,decompose|execute_code|answer,,True,R018,R018,1.9,0.0004666,0.0009584000000000001,True,False,0.6,workload-specific fixed route,
static_workload,test-data_analysis-019,test,data_analysis,aggregate,decompose|execute_code|answer,execute_code,True,36,36,1.9,0.0004666,0.0010584,True,False,0.6,workload-specific fixed route,
static_workload,test-data_analysis-020,test,data_analysis,filtered_sum,decompose|execute_code|answer,decompose|execute_code,True,38,38,1.9,0.00045840000000000003,0.00115,True,True,0.6,workload-specific fixed route,
static_workload,test-data_analysis-021,test,data_analysis,direct_literal,decompose|execute_code|answer,,True,R021,R021,1.9,0.00045840000000000003,0.00095,True,False,0.6,workload-specific fixed route,
static_workload,test-data_analysis-022,test,data_analysis,aggregate,decompose|execute_code|answer,execute_code,True,40,40,1.9,0.0004582,0.0009666,True,False,0.6,workload-specific fixed route,
static_workload,test-data_analysis-023,test,data_analysis,filtered_sum,decompose|execute_code|answer,decompose|execute_code,True,45,45,1.9,0.0004582,0.0011834,True,True,0.6,workload-specific fixed route,
static_workload,test-data_analysis-024,test,data_analysis,direct_literal,decompose|execute_code|answer,,True,R024,R024,1.9,0.00045,0.0008916,True,False,0.6,workload-specific fixed route,
static_workload,test-data_analysis-025,test,data_analysis,aggregate,decompose|execute_code|answer,execute_code,True,38,38,1.9,0.0004416,0.000975,True,False,0.6,workload-specific fixed route,
static_workload,test-data_analysis-026,test,data_analysis,filtered_sum,decompose|execute_code|answer,decompose|execute_code,True,60,60,1.9,0.00045,0.001175,True,True,0.6,workload-specific fixed route,
static_workload,test-data_analysis-027,test,data_analysis,direct_literal,decompose|execute_code|answer,,True,R027,R027,1.9,0.0004666,0.0009,True,False,0.6,workload-specific fixed route,
static_workload,test-data_analysis-028,test,data_analysis,aggregate,decompose|execute_code|answer,execute_code,True,40,40,1.9,0.0004418,0.0009584000000000001,True,False,0.6,workload-specific fixed route,
static_workload,test-data_analysis-029,test,data_analysis,filtered_sum,decompose|execute_code|answer,decompose|execute_code,True,73,73,1.9,0.00045,0.0011417999999999999,True,True,0.6,workload-specific fixed route,
static_workload,test-data_analysis-030,test,data_analysis,direct_literal,decompose|execute_code|answer,,True,R030,R030,1.9,0.0004418,0.0009166,True,False,0.6,workload-specific fixed route,
static_workload,test-data_analysis-031,test,data_analysis,aggregate,decompose|execute_code|answer,execute_code,True,31,31,1.9,0.0004416,0.0009584000000000001,True,False,0.6,workload-specific fixed route,
static_workload,test-data_analysis-032,test,data_analysis,filtered_sum,decompose|execute_code|answer,decompose|execute_code,True,87,87,1.9,0.00045,0.0011834,True,True,0.6,workload-specific fixed route,
static_workload,test-data_analysis-033,test,data_analysis,direct_literal,decompose|execute_code|answer,,True,R033,R033,1.9,0.00045,0.0009332,True,False,0.6,workload-specific fixed route,
static_workload,test-data_analysis-034,test,data_analysis,aggregate,decompose|execute_code|answer,execute_code,True,32,32,1.9,0.0004332,0.0009832,True,False,0.6,workload-specific fixed route,
static_workload,test-data_analysis-035,test,data_analysis,filtered_sum,decompose|execute_code|answer,decompose|execute_code,True,37,37,1.9,0.00045,0.001175,True,True,0.6,workload-specific fixed route,
static_workload,test-research-000,test,research,direct_literal,decompose|use_tool|verify|answer,,True,R000,R000,2.4,0.000575,0.0010333999999999999,True,False,0.6,workload-specific fixed route,
static_workload,test-research-001,test,research,research_fact,decompose|use_tool|verify|answer,use_tool,True,CODE-101,CODE-101,2.4,0.00048320000000000004,0.0011834,True,False,0.6,workload-specific fixed route,
static_workload,test-research-002,test,research,research_multihop,decompose|use_tool|verify|answer,decompose|use_tool,True,Oslo,Oslo,2.4,0.0004668,0.0016166,True,False,0.6,workload-specific fixed route,
static_workload,test-research-003,test,research,research_conflict,decompose|use_tool|verify|answer,use_tool|verify,True,active,active,2.4,0.000475,0.0013166,True,False,0.6,workload-specific fixed route,
static_workload,test-research-004,test,research,research_outage,decompose|use_tool|verify|answer,delegate,False,,SP-304,2.4,0.0004666,0.0005250000000000001,True,False,0.6,workload-specific fixed route,use_tool_unavailable
static_workload,test-research-005,test,research,direct_literal,decompose|use_tool|verify|answer,,True,R005,R005,2.4,0.0004582,0.0040832,True,False,0.6,workload-specific fixed route,
static_workload,test-research-006,test,research,research_fact,decompose|use_tool|verify|answer,use_tool,True,CODE-106,CODE-106,2.4,0.00045840000000000003,0.0011584,True,False,0.6,workload-specific fixed route,
static_workload,test-research-007,test,research,research_multihop,decompose|use_tool|verify|answer,decompose|use_tool,True,Lima,Lima,2.4,0.0004666,0.0015416,True,False,0.6,workload-specific fixed route,
static_workload,test-research-008,test,research,research_conflict,decompose|use_tool|verify|answer,use_tool|verify,True,completed,completed,2.4,0.00045840000000000003,0.001325,True,False,0.6,workload-specific fixed route,
static_workload,test-research-009,test,research,research_outage,decompose|use_tool|verify|answer,delegate,False,,SP-309,2.4,0.0004666,0.0005250000000000001,True,False,0.6,workload-specific fixed route,use_tool_unavailable
static_workload,test-research-010,test,research,direct_literal,decompose|use_tool|verify|answer,,True,R010,R010,2.4,0.00045,0.0011168,True,False,0.6,workload-specific fixed route,
static_workload,test-research-011,test,research,research_fact,decompose|use_tool|verify|answer,use_tool,True,CODE-111,CODE-111,2.4,0.0005916000000000001,0.0013834000000000001,True,False,0.6,workload-specific fixed route,
static_workload,test-research-012,test,research,research_multihop,decompose|use_tool|verify|answer,decompose|use_tool,True,Montreal,Montreal,2.4,0.0004668,0.0016084,True,False,0.6,workload-specific fixed route,
static_workload,test-research-013,test,research,research_conflict,decompose|use_tool|verify|answer,use_tool|verify,True,active,active,2.4,0.0004834,0.0012834,True,False,0.6,workload-specific fixed route,
static_workload,test-research-014,test,research,research_outage,decompose|use_tool|verify|answer,delegate,False,,SP-314,2.4,0.0004668,0.0005332,True,False,0.6,workload-specific fixed route,use_tool_unavailable
static_workload,test-research-015,test,research,direct_literal,decompose|use_tool|verify|answer,,True,R015,R015,2.4,0.0004666,0.0012666,True,False,0.6,workload-specific fixed route,
static_workload,test-research-016,test,research,research_fact,decompose|use_tool|verify|answer,use_tool,True,CODE-116,CODE-116,2.4,0.0006000000000000001,0.0014418,True,False,0.6,workload-specific fixed route,
static_workload,test-research-017,test,research,research_multihop,decompose|use_tool|verify|answer,decompose|use_tool,True,Nairobi,Nairobi,2.4,0.0005834,0.0020331999999999998,True,False,0.6,workload-specific fixed route,
static_workload,test-research-018,test,research,research_conflict,decompose|use_tool|verify|answer,use_tool|verify,True,completed,completed,2.4,0.0004834,0.001325,True,False,0.6,workload-specific fixed route,
static_workload,test-research-019,test,research,research_outage,decompose|use_tool|verify|answer,delegate,False,,SP-319,2.4,0.00045840000000000003,0.0005250000000000001,True,False,0.6,workload-specific fixed route,use_tool_unavailable
static_workload,test-research-020,test,research,direct_literal,decompose|use_tool|verify|answer,,True,R020,R020,2.4,0.00045,0.0010418,True,False,0.6,workload-specific fixed route,
static_workload,test-research-021,test,research,research_fact,decompose|use_tool|verify|answer,use_tool,True,CODE-121,CODE-121,2.4,0.0004582,0.0011332,True,False,0.6,workload-specific fixed route,
static_workload,test-research-022,test,research,research_multihop,decompose|use_tool|verify|answer,decompose|use_tool,True,Oslo,Oslo,2.4,0.00045,0.0015666,True,False,0.6,workload-specific fixed route,
static_workload,test-research-023,test,research,research_conflict,decompose|use_tool|verify|answer,use_tool|verify,True,active,active,2.4,0.00045,0.0012584,True,False,0.6,workload-specific fixed route,
static_workload,test-research-024,test,research,research_outage,decompose|use_tool|verify|answer,delegate,False,,SP-324,2.4,0.00045,0.0005332,True,False,0.6,workload-specific fixed route,use_tool_unavailable
static_workload,test-research-025,test,research,direct_literal,decompose|use_tool|verify|answer,,True,R025,R025,2.4,0.0005166,0.0013,True,False,0.6,workload-specific fixed route,
static_workload,test-research-026,test,research,research_fact,decompose|use_tool|verify|answer,use_tool,True,CODE-126,CODE-126,2.4,0.0005666,0.00115,True,False,0.6,workload-specific fixed route,
static_workload,test-research-027,test,research,research_multihop,decompose|use_tool|verify|answer,decompose|use_tool,True,Lima,Lima,2.4,0.00045,0.0015584000000000001,True,False,0.6,workload-specific fixed route,
static_workload,test-research-028,test,research,research_conflict,decompose|use_tool|verify|answer,use_tool|verify,True,completed,completed,2.4,0.0004666,0.0013418,True,False,0.6,workload-specific fixed route,
static_workload,test-research-029,test,research,research_outage,decompose|use_tool|verify|answer,delegate,False,,SP-329,2.4,0.00045840000000000003,0.0005415999999999999,True,False,0.6,workload-specific fixed route,use_tool_unavailable
static_workload,test-research-030,test,research,direct_literal,decompose|use_tool|verify|answer,,True,R030,R030,2.4,0.0004668,0.0010333999999999999,True,False,0.6,workload-specific fixed route,
static_workload,test-research-031,test,research,research_fact,decompose|use_tool|verify|answer,use_tool,True,CODE-131,CODE-131,2.4,0.0004668,0.0011584,True,False,0.6,workload-specific fixed route,
static_workload,test-research-032,test,research,research_multihop,decompose|use_tool|verify|answer,decompose|use_tool,True,Montreal,Montreal,2.4,0.00045,0.00155,True,False,0.6,workload-specific fixed route,
static_workload,test-research-033,test,research,research_conflict,decompose|use_tool|verify|answer,use_tool|verify,True,active,active,2.4,0.00045,0.0012418,True,False,0.6,workload-specific fixed route,
static_workload,test-research-034,test,research,research_outage,decompose|use_tool|verify|answer,delegate,False,,SP-334,2.4,0.00045840000000000003,0.0005168,True,False,0.6,workload-specific fixed route,use_tool_unavailable
static_workload,test-research-035,test,research,direct_literal,decompose|use_tool|verify|answer,,True,R035,R035,2.4,0.00045,0.0010165999999999999,True,False,0.6,workload-specific fixed route,
static_workload,test-document_processing-000,test,document_processing,direct_literal,decompose|use_tool|execute_code|delegate|verify|answer,,True,R000,R000,4.95,0.000625,0.001125,False,False,0.6,workload-specific fixed route,
static_workload,test-document_processing-001,test,document_processing,document_extract,decompose|use_tool|execute_code|delegate|verify|answer,use_tool,True,V-001,V-001,4.95,0.0005250000000000001,0.0017166,False,False,0.6,workload-specific fixed route,
static_workload,test-document_processing-002,test,document_processing,invoice_reconcile,decompose|use_tool|execute_code|delegate|verify|answer,use_tool|execute_code|verify,True,79,79,4.95,0.0005084,0.00135,False,False,0.6,workload-specific fixed route,
static_workload,test-document_processing-003,test,document_processing,date_normalize,decompose|use_tool|execute_code|delegate|verify|answer,use_tool|delegate,True,2024-04-13,2024-04-13,4.95,0.0005082,0.0017500000000000003,False,False,0.6,workload-specific fixed route,
static_workload,test-document_processing-004,test,document_processing,crossfield_check,decompose|use_tool|execute_code|delegate|verify|answer,decompose|use_tool|verify,True,SW-8004,SW-8004,4.95,0.0005168,0.001375,False,False,0.6,workload-specific fixed route,
static_workload,test-document_processing-005,test,document_processing,direct_literal,decompose|use_tool|execute_code|delegate|verify|answer,,True,R005,R005,4.95,0.0005334000000000001,0.001175,False,False,0.6,workload-specific fixed route,
static_workload,test-document_processing-006,test,document_processing,document_extract,decompose|use_tool|execute_code|delegate|verify|answer,use_tool,True,V-006,V-006,4.95,0.0005,0.0017000000000000001,False,False,0.6,workload-specific fixed route,
static_workload,test-document_processing-007,test,document_processing,invoice_reconcile,decompose|use_tool|execute_code|delegate|verify|answer,use_tool|execute_code|verify,True,77,77,4.95,0.0005084,0.0012834,False,False,0.6,workload-specific fixed route,
static_workload,test-document_processing-008,test,document_processing,date_normalize,decompose|use_tool|execute_code|delegate|verify|answer,use_tool|delegate,True,2026-09-18,2026-09-18,4.95,0.0005084,0.0017166,False,False,0.6,workload-specific fixed route,
static_workload,test-document_processing-009,test,document_processing,crossfield_check,decompose|use_tool|execute_code|delegate|verify|answer,decompose|use_tool|verify,True,NE-8009,NE-8009,4.95,0.0005,0.0013584,False,False,0.6,workload-specific fixed route,
static_workload,test-document_processing-010,test,document_processing,direct_literal,decompose|use_tool|execute_code|delegate|verify|answer,,True,R010,R010,4.95,0.0005084,0.00115,False,False,0.6,workload-specific fixed route,
static_workload,test-document_processing-011,test,document_processing,document_extract,decompose|use_tool|execute_code|delegate|verify|answer,use_tool,True,V-011,V-011,4.95,0.0005250000000000001,0.0016917999999999998,False,False,0.6,workload-specific fixed route,
static_workload,test-document_processing-012,test,document_processing,invoice_reconcile,decompose|use_tool|execute_code|delegate|verify|answer,use_tool|execute_code|verify,True,65,65,4.95,0.0005168,0.0012666,False,False,0.6,workload-specific fixed route,
static_workload,test-document_processing-013,test,document_processing,date_normalize,decompose|use_tool|execute_code|delegate|verify|answer,use_tool|delegate,True,2025-05-23,2025-05-23,4.95,0.0005168,0.0017334,False,False,0.6,workload-specific fixed route,
static_workload,test-document_processing-014,test,document_processing,crossfield_check,decompose|use_tool|execute_code|delegate|verify|answer,decompose|use_tool|verify,True,CE-8014,CE-8014,4.95,0.0005168,0.0013584,False,False,0.6,workload-specific fixed route,
static_workload,test-document_processing-015,test,document_processing,direct_literal,decompose|use_tool|execute_code|delegate|verify|answer,,True,R015,R015,4.95,0.0005168,0.00115,False,False,0.6,workload-specific fixed route,
static_workload,test-document_processing-016,test,document_processing,document_extract,decompose|use_tool|execute_code|delegate|verify|answer,use_tool,True,V-016,V-016,4.95,0.0005082,0.0016833999999999998,False,False,0.6,workload-specific fixed route,
static_workload,test-document_processing-017,test,document_processing,invoice_reconcile,decompose|use_tool|execute_code|delegate|verify|answer,use_tool|execute_code|verify,True,93,93,4.95,0.0005166,0.0012916,False,False,0.6,workload-specific fixed route,
static_workload,test-document_processing-018,test,document_processing,date_normalize,decompose|use_tool|execute_code|delegate|verify|answer,use_tool|delegate,True,2024-01-13,2024-01-13,4.95,0.0005084,0.0017166,False,False,0.6,workload-specific fixed route,
static_workload,test-document_processing-019,test,document_processing,crossfield_check,decompose|use_tool|execute_code|delegate|verify|answer,decompose|use_tool|verify,True,SW-8019,SW-8019,4.95,0.0005084,0.0013334,False,False,0.6,workload-specific fixed route,
static_workload,test-document_processing-020,test,document_processing,direct_literal,decompose|use_tool|execute_code|delegate|verify|answer,,True,R020,R020,4.95,0.0005,0.0011334000000000001,False,False,0.6,workload-specific fixed route,
static_workload,test-document_processing-021,test,document_processing,document_extract,decompose|use_tool|execute_code|delegate|verify|answer,use_tool,True,V-021,V-021,4.95,0.0005084,0.0016581999999999999,False,False,0.6,workload-specific fixed route,
static_workload,test-document_processing-022,test,document_processing,invoice_reconcile,decompose|use_tool|execute_code|delegate|verify|answer,use_tool|execute_code|verify,True,64,64,4.95,0.0005084,0.0012584,False,False,0.6,workload-specific fixed route,
static_workload,test-document_processing-023,test,document_processing,date_normalize,decompose|use_tool|execute_code|delegate|verify|answer,use_tool|delegate,True,2026-06-18,2026-06-18,4.95,0.0005168,0.0017166,False,False,0.6,workload-specific fixed route,
static_workload,test-document_processing-024,test,document_processing,crossfield_check,decompose|use_tool|execute_code|delegate|verify|answer,decompose|use_tool|verify,True,NE-8024,NE-8024,4.95,0.0005084,0.0013834000000000001,False,False,0.6,workload-specific fixed route,
static_workload,test-document_processing-025,test,document_processing,direct_literal,decompose|use_tool|execute_code|delegate|verify|answer,,True,R025,R025,4.95,0.0005084,0.0011668,False,False,0.6,workload-specific fixed route,
static_workload,test-document_processing-026,test,document_processing,document_extract,decompose|use_tool|execute_code|delegate|verify|answer,use_tool,True,V-026,V-026,4.95,0.0005084,0.0016584000000000002,False,False,0.6,workload-specific fixed route,
static_workload,test-document_processing-027,test,document_processing,invoice_reconcile,decompose|use_tool|execute_code|delegate|verify|answer,use_tool|execute_code|verify,True,70,70,4.95,0.0005168,0.0012834,False,False,0.6,workload-specific fixed route,
static_workload,test-document_processing-028,test,document_processing,date_normalize,decompose|use_tool|execute_code|delegate|verify|answer,use_tool|delegate,True,2025-02-23,2025-02-23,4.95,0.0005250000000000001,0.0017084,False,False,0.6,workload-specific fixed route,
static_workload,test-document_processing-029,test,document_processing,crossfield_check,decompose|use_tool|execute_code|delegate|verify|answer,decompose|use_tool|verify,True,CE-8029,CE-8029,4.95,0.0005166,0.0013832,False,False,0.6,workload-specific fixed route,
static_workload,test-document_processing-030,test,document_processing,direct_literal,decompose|use_tool|execute_code|delegate|verify|answer,,True,R030,R030,4.95,0.0005,0.0011668,False,False,0.6,workload-specific fixed route,
static_workload,test-document_processing-031,test,document_processing,document_extract,decompose|use_tool|execute_code|delegate|verify|answer,use_tool,True,V-031,V-031,4.95,0.0005166,0.0016584000000000002,False,False,0.6,workload-specific fixed route,
static_workload,test-document_processing-032,test,document_processing,invoice_reconcile,decompose|use_tool|execute_code|delegate|verify|answer,use_tool|execute_code|verify,True,86,86,4.95,0.0005084,0.00125,False,False,0.6,workload-specific fixed route,
static_workload,test-document_processing-033,test,document_processing,date_normalize,decompose|use_tool|execute_code|delegate|verify|answer,use_tool|delegate,True,2024-07-13,2024-07-13,4.95,0.0005,0.0017084,False,False,0.6,workload-specific fixed route,
static_workload,test-document_processing-034,test,document_processing,crossfield_check,decompose|use_tool|execute_code|delegate|verify|answer,decompose|use_tool|verify,True,SW-8034,SW-8034,4.95,0.0005082,0.0013584,False,False,0.6,workload-specific fixed route,
static_workload,test-document_processing-035,test,document_processing,direct_literal,decompose|use_tool|execute_code|delegate|verify|answer,,True,R035,R035,4.95,0.0005250000000000001,0.0011332,False,False,0.6,workload-specific fixed route,
keyword,test-data_analysis-000,test,data_analysis,direct_literal,answer,,True,R000,R000,0.3,0.0028332,0.0008083999999999999,True,True,0.65,raw-text keyword rules,
keyword,test-data_analysis-001,test,data_analysis,aggregate,answer,execute_code,False,,36,0.3,0.0021666000000000003,0.0003584,True,False,0.65,raw-text keyword rules,no_answer
keyword,test-data_analysis-002,test,data_analysis,filtered_sum,execute_code|answer,decompose|execute_code,False,131,38,1.45,0.003125,0.0012168,True,False,0.65,raw-text keyword rules,incorrect_answer
keyword,test-data_analysis-003,test,data_analysis,direct_literal,answer,,True,R003,R003,0.3,0.001925,0.0008168,True,True,0.65,raw-text keyword rules,
keyword,test-data_analysis-004,test,data_analysis,aggregate,answer,execute_code,False,,38,0.3,0.002075,0.000325,True,False,0.65,raw-text keyword rules,no_answer
keyword,test-data_analysis-005,test,data_analysis,filtered_sum,execute_code|answer,decompose|execute_code,False,93,26,1.45,0.00295,0.0011084,True,False,0.65,raw-text keyword rules,incorrect_answer
keyword,test-data_analysis-006,test,data_analysis,direct_literal,answer,,True,R006,R006,0.3,0.0018166000000000002,0.0008166,True,True,0.65,raw-text keyword rules,
keyword,test-data_analysis-007,test,data_analysis,aggregate,answer,execute_code,False,,35,0.3,0.0020584,0.0003416,True,False,0.65,raw-text keyword rules,no_answer
keyword,test-data_analysis-008,test,data_analysis,filtered_sum,execute_code|answer,decompose|execute_code,False,108,44,1.45,0.0029749999999999998,0.001125,True,False,0.65,raw-text keyword rules,incorrect_answer
keyword,test-data_analysis-009,test,data_analysis,direct_literal,answer,,True,R009,R009,0.3,0.0017833999999999999,0.0008,True,True,0.65,raw-text keyword rules,
keyword,test-data_analysis-010,test,data_analysis,aggregate,answer,execute_code,False,,36,0.3,0.0020584,0.000325,True,False,0.65,raw-text keyword rules,no_answer
keyword,test-data_analysis-011,test,data_analysis,filtered_sum,execute_code|answer,decompose|execute_code,False,95,53,1.45,0.00285,0.0010916,True,False,0.65,raw-text keyword rules,incorrect_answer
keyword,test-data_analysis-012,test,data_analysis,direct_literal,answer,,True,R012,R012,0.3,0.0018249999999999998,0.0007918,True,True,0.65,raw-text keyword rules,
keyword,test-data_analysis-013,test,data_analysis,aggregate,answer,execute_code,False,,35,0.3,0.0020416,0.0003334,True,False,0.65,raw-text keyword rules,no_answer
keyword,test-data_analysis-014,test,data_analysis,filtered_sum,execute_code|answer,decompose|execute_code,False,120,42,1.45,0.0028832,0.0011334000000000001,True,False,0.65,raw-text keyword rules,incorrect_answer
keyword,test-data_analysis-015,test,data_analysis,direct_literal,answer,,True,R015,R015,0.3,0.0017916000000000002,0.0008,True,True,0.65,raw-text keyword rules,
keyword,test-data_analysis-016,test,data_analysis,aggregate,answer,execute_code,False,,39,0.3,0.001925,0.00033319999999999997,True,False,0.65,raw-text keyword rules,no_answer
keyword,test-data_analysis-017,test,data_analysis,filtered_sum,execute_code|answer,decompose|execute_code,False,105,68,1.45,0.0028416,0.0011168,True,False,0.65,raw-text keyword rules,incorrect_answer
keyword,test-data_analysis-018,test,data_analysis,direct_literal,answer,,True,R018,R018,0.3,0.0017749999999999999,0.0007918,True,True,0.65,raw-text keyword rules,
keyword,test-data_analysis-019,test,data_analysis,aggregate,answer,execute_code,False,,36,0.3,0.001975,0.0003334,True,False,0.65,raw-text keyword rules,no_answer
keyword,test-data_analysis-020,test,data_analysis,filtered_sum,execute_code|answer,decompose|execute_code,False,112,38,1.45,0.0028168,0.0010999999999999998,True,False,0.65,raw-text keyword rules,incorrect_answer
keyword,test-data_analysis-021,test,data_analysis,direct_literal,answer,,True,R021,R021,0.3,0.0017583999999999998,0.0008,True,True,0.65,raw-text keyword rules,
keyword,test-data_analysis-022,test,data_analysis,aggregate,answer,execute_code,False,,40,0.3,0.00205,0.0003334,True,False,0.65,raw-text keyword rules,no_answer
keyword,test-data_analysis-023,test,data_analysis,filtered_sum,execute_code|answer,decompose|execute_code,False,110,45,1.45,0.0028666,0.0011166000000000001,True,False,0.65,raw-text keyword rules,incorrect_answer
keyword,test-data_analysis-024,test,data_analysis,direct_literal,answer,,True,R024,R024,0.3,0.0018334,0.0008082,True,True,0.65,raw-text keyword rules,
keyword,test-data_analysis-025,test,data_analysis,aggregate,answer,execute_code,False,,38,0.3,0.0019834,0.0003416,True,False,0.65,raw-text keyword rules,no_answer
keyword,test-data_analysis-026,test,data_analysis,filtered_sum,execute_code|answer,decompose|execute_code,False,106,60,1.45,0.002875,0.0010999999999999998,True,False,0.65,raw-text keyword rules,incorrect_answer
keyword,test-data_analysis-027,test,data_analysis,direct_literal,answer,,True,R027,R027,0.3,0.0017749999999999999,0.0007834000000000001,True,True,0.65,raw-text keyword rules,
keyword,test-data_analysis-028,test,data_analysis,aggregate,answer,execute_code,False,,40,0.3,0.0020666,0.000325,True,False,0.65,raw-text keyword rules,no_answer
keyword,test-data_analysis-029,test,data_analysis,filtered_sum,execute_code|answer,decompose|execute_code,False,106,73,1.45,0.00285,0.0010916,True,False,0.65,raw-text keyword rules,incorrect_answer
keyword,test-data_analysis-030,test,data_analysis,direct_literal,answer,,True,R030,R030,0.3,0.0017500000000000003,0.0008,True,True,0.65,raw-text keyword rules,
keyword,test-data_analysis-031,test,data_analysis,aggregate,answer,execute_code,False,,31,0.3,0.0020084,0.0003334,True,False,0.65,raw-text keyword rules,no_answer
keyword,test-data_analysis-032,test,data_analysis,filtered_sum,execute_code|answer,decompose|execute_code,False,111,87,1.45,0.002875,0.0011168,True,False,0.65,raw-text keyword rules,incorrect_answer
keyword,test-data_analysis-033,test,data_analysis,direct_literal,answer,,True,R033,R033,0.3,0.0018,0.0007915999999999999,True,True,0.65,raw-text keyword rules,
keyword,test-data_analysis-034,test,data_analysis,aggregate,answer,execute_code,False,,32,0.3,0.0021084,0.00033319999999999997,True,False,0.65,raw-text keyword rules,no_answer
keyword,test-data_analysis-035,test,data_analysis,filtered_sum,execute_code|answer,decompose|execute_code,False,103,37,1.45,0.0028916000000000002,0.0011082,True,False,0.65,raw-text keyword rules,incorrect_answer
keyword,test-research-000,test,research,direct_literal,answer,,True,R000,R000,0.3,0.0018,0.0008168,True,True,0.65,raw-text keyword rules,
keyword,test-research-001,test,research,research_fact,answer,use_tool,False,,CODE-101,0.3,0.0021918,0.00033319999999999997,True,False,0.65,raw-text keyword rules,no_answer
keyword,test-research-002,test,research,research_multihop,decompose|answer,decompose|use_tool,False,,Oslo,0.75,0.0021999999999999997,0.00045840000000000003,True,False,0.65,raw-text keyword rules,no_answer
keyword,test-research-003,test,research,research_conflict,verify|answer,use_tool|verify,False,,active,0.95,0.002325,0.00042500000000000003,True,False,0.65,raw-text keyword rules,no_answer
keyword,test-research-004,test,research,research_outage,delegate|answer,delegate,True,SP-304,SP-304,1.7,0.00225,0.0009334,True,True,0.65,raw-text keyword rules,
keyword,test-research-005,test,research,direct_literal,answer,,True,R005,R005,0.3,0.0018666,0.0007915999999999999,True,True,0.65,raw-text keyword rules,
keyword,test-research-006,test,research,research_fact,answer,use_tool,False,,CODE-106,0.3,0.0020168,0.00033319999999999997,True,False,0.65,raw-text keyword rules,no_answer
keyword,test-research-007,test,research,research_multihop,decompose|answer,decompose|use_tool,False,,Lima,0.75,0.0020416,0.00042500000000000003,True,False,0.65,raw-text keyword rules,no_answer
keyword,test-research-008,test,research,research_conflict,verify|answer,use_tool|verify,False,,completed,0.95,0.0021084,0.0004084,True,False,0.65,raw-text keyword rules,no_answer
keyword,test-research-009,test,research,research_outage,delegate|answer,delegate,True,SP-309,SP-309,1.7,0.002025,0.0009084,True,True,0.65,raw-text keyword rules,
keyword,test-research-010,test,research,direct_literal,answer,,True,R010,R010,0.3,0.0018334,0.0007915999999999999,True,True,0.65,raw-text keyword rules,
keyword,test-research-011,test,research,research_fact,answer,use_tool,False,,CODE-111,0.3,0.0019834,0.000325,True,False,0.65,raw-text keyword rules,no_answer
keyword,test-research-012,test,research,research_multihop,decompose|answer,decompose|use_tool,False,,Montreal,0.75,0.0020166,0.00042500000000000003,True,False,0.65,raw-text keyword rules,no_answer
keyword,test-research-013,test,research,research_conflict,verify|answer,use_tool|verify,False,,active,0.95,0.002075,0.0003834,True,False,0.65,raw-text keyword rules,no_answer
keyword,test-research-014,test,research,research_outage,delegate|answer,delegate,True,SP-314,SP-314,1.7,0.0020168,0.0008916,True,True,0.65,raw-text keyword rules,
keyword,test-research-015,test,research,direct_literal,answer,,True,R015,R015,0.3,0.0018166000000000002,0.0008083999999999999,True,True,0.65,raw-text keyword rules,
keyword,test-research-016,test,research,research_fact,answer,use_tool,False,,CODE-116,0.3,0.0019584,0.000325,True,False,0.65,raw-text keyword rules,no_answer
keyword,test-research-017,test,research,research_multihop,decompose|answer,decompose|use_tool,False,,Nairobi,0.75,0.0020168,0.00042500000000000003,True,False,0.65,raw-text keyword rules,no_answer
keyword,test-research-018,test,research,research_conflict,verify|answer,use_tool|verify,False,,completed,0.95,0.0020418,0.00040819999999999995,True,False,0.65,raw-text keyword rules,no_answer
keyword,test-research-019,test,research,research_outage,delegate|answer,delegate,True,SP-319,SP-319,1.7,0.0019834,0.0008583999999999999,True,True,0.65,raw-text keyword rules,
keyword,test-research-020,test,research,direct_literal,answer,,True,R020,R020,0.3,0.0018166000000000002,0.0007915999999999999,True,True,0.65,raw-text keyword rules,
keyword,test-research-021,test,research,research_fact,answer,use_tool,False,,CODE-121,0.3,0.0019834,0.0003334,True,False,0.65,raw-text keyword rules,no_answer
keyword,test-research-022,test,research,research_multihop,decompose|answer,decompose|use_tool,False,,Oslo,0.75,0.0020168,0.0004332,True,False,0.65,raw-text keyword rules,no_answer
keyword,test-research-023,test,research,research_conflict,verify|answer,use_tool|verify,False,,active,0.95,0.0020334000000000003,0.0004,True,False,0.65,raw-text keyword rules,no_answer
keyword,test-research-024,test,research,research_outage,delegate|answer,delegate,True,SP-324,SP-324,1.7,0.001975,0.0008666,True,True,0.65,raw-text keyword rules,
keyword,test-research-025,test,research,direct_literal,answer,,True,R025,R025,0.3,0.0017918,0.0008,True,True,0.65,raw-text keyword rules,
keyword,test-research-026,test,research,research_fact,answer,use_tool,False,,CODE-126,0.3,0.0019334,0.0003334,True,False,0.65,raw-text keyword rules,no_answer
keyword,test-research-027,test,research,research_multihop,decompose|answer,decompose|use_tool,False,,Lima,0.75,0.0019834,0.0004334,True,False,0.65,raw-text keyword rules,no_answer
keyword,test-research-028,test,research,research_conflict,verify|answer,use_tool|verify,False,,completed,0.95,0.0020334000000000003,0.00039160000000000003,True,False,0.65,raw-text keyword rules,no_answer
keyword,test-research-029,test,research,research_outage,delegate|answer,delegate,True,SP-329,SP-329,1.7,0.0020082,0.0009082,True,True,0.65,raw-text keyword rules,
keyword,test-research-030,test,research,direct_literal,answer,,True,R030,R030,0.3,0.0018584,0.0008334,True,True,0.65,raw-text keyword rules,
keyword,test-research-031,test,research,research_fact,answer,use_tool,False,,CODE-131,0.3,0.002,0.00035,True,False,0.65,raw-text keyword rules,no_answer
keyword,test-research-032,test,research,research_multihop,decompose|answer,decompose|use_tool,False,,Montreal,0.75,0.002025,0.00042500000000000003,True,False,0.65,raw-text keyword rules,no_answer
keyword,test-research-033,test,research,research_conflict,verify|answer,use_tool|verify,False,,active,0.95,0.0020166,0.00039160000000000003,True,False,0.65,raw-text keyword rules,no_answer
keyword,test-research-034,test,research,research_outage,delegate|answer,delegate,True,SP-334,SP-334,1.7,0.0020168,0.0008750000000000001,True,True,0.65,raw-text keyword rules,
keyword,test-research-035,test,research,direct_literal,answer,,True,R035,R035,0.3,0.0017916000000000002,0.0008083999999999999,True,True,0.65,raw-text keyword rules,
keyword,test-document_processing-000,test,document_processing,direct_literal,answer,,True,R000,R000,0.3,0.0017332,0.000775,True,True,0.65,raw-text keyword rules,
keyword,test-document_processing-001,test,document_processing,document_extract,use_tool|answer,use_tool,True,V-001,V-001,1.3,0.00245,0.0015584000000000001,True,True,0.65,raw-text keyword rules,
keyword,test-document_processing-002,test,document_processing,invoice_reconcile,use_tool|execute_code|verify|answer,use_tool|execute_code|verify,True,79,79,3.1,0.002925,0.001225,True,True,0.65,raw-text keyword rules,
keyword,test-document_processing-003,test,document_processing,date_normalize,use_tool|delegate|answer,use_tool|delegate,True,2024-04-13,2024-04-13,2.7,0.0026834,0.0015915999999999999,True,True,0.65,raw-text keyword rules,
keyword,test-document_processing-004,test,document_processing,crossfield_check,decompose|use_tool|verify|answer,decompose|use_tool|verify,True,SW-8004,SW-8004,2.4,0.0028666,0.0013334,True,True,0.65,raw-text keyword rules,
keyword,test-document_processing-005,test,document_processing,direct_literal,answer,,True,R005,R005,0.3,0.0018499999999999999,0.0008083999999999999,True,True,0.65,raw-text keyword rules,
keyword,test-document_processing-006,test,document_processing,document_extract,use_tool|answer,use_tool,True,V-006,V-006,1.3,0.0024916,0.0014668,True,True,0.65,raw-text keyword rules,
keyword,test-document_processing-007,test,document_processing,invoice_reconcile,use_tool|execute_code|verify|answer,use_tool|execute_code|verify,True,77,77,3.1,0.00275,0.0012083999999999999,True,True,0.65,raw-text keyword rules,
keyword,test-document_processing-008,test,document_processing,date_normalize,use_tool|delegate|answer,use_tool|delegate,True,2026-09-18,2026-09-18,2.7,0.0025418,0.0015666,True,True,0.65,raw-text keyword rules,
keyword,test-document_processing-009,test,document_processing,crossfield_check,decompose|use_tool|verify|answer,decompose|use_tool|verify,True,NE-8009,NE-8009,2.4,0.0025499999999999997,0.0012918,True,True,0.65,raw-text keyword rules,
keyword,test-document_processing-010,test,document_processing,direct_literal,answer,,True,R010,R010,0.3,0.0018332,0.0008,True,True,0.65,raw-text keyword rules,
keyword,test-document_processing-011,test,document_processing,document_extract,use_tool|answer,use_tool,True,V-011,V-011,1.3,0.0024167999999999998,0.0014,True,True,0.65,raw-text keyword rules,
keyword,test-document_processing-012,test,document_processing,invoice_reconcile,use_tool|execute_code|verify|answer,use_tool|execute_code|verify,True,65,65,3.1,0.0027332,0.0012082,True,True,0.65,raw-text keyword rules,
keyword,test-document_processing-013,test,document_processing,date_normalize,use_tool|delegate|answer,use_tool|delegate,True,2025-05-23,2025-05-23,2.7,0.0024917999999999997,0.0015416,True,True,0.65,raw-text keyword rules,
keyword,test-document_processing-014,test,document_processing,crossfield_check,decompose|use_tool|verify|answer,decompose|use_tool|verify,True,CE-8014,CE-8014,2.4,0.0025499999999999997,0.0012918,True,True,0.65,raw-text keyword rules,
keyword,test-document_processing-015,test,document_processing,direct_literal,answer,,True,R015,R015,0.3,0.0017832,0.0008,True,True,0.65,raw-text keyword rules,
keyword,test-document_processing-016,test,document_processing,document_extract,use_tool|answer,use_tool,True,V-016,V-016,1.3,0.0023666,0.0014916,True,True,0.65,raw-text keyword rules,
keyword,test-document_processing-017,test,document_processing,invoice_reconcile,use_tool|execute_code|verify|answer,use_tool|execute_code|verify,True,93,93,3.1,0.0028082,0.0011916,True,True,0.65,raw-text keyword rules,
keyword,test-document_processing-018,test,document_processing,date_normalize,use_tool|delegate|answer,use_tool|delegate,True,2024-01-13,2024-01-13,2.7,0.0024584000000000003,0.00155,True,True,0.65,raw-text keyword rules,
keyword,test-document_processing-019,test,document_processing,crossfield_check,decompose|use_tool|verify|answer,decompose|use_tool|verify,True,SW-8019,SW-8019,2.4,0.0025334,0.0012916,True,True,0.65,raw-text keyword rules,
keyword,test-document_processing-020,test,document_processing,direct_literal,answer,,True,R020,R020,0.3,0.0018084,0.000825,True,True,0.65,raw-text keyword rules,
keyword,test-document_processing-021,test,document_processing,document_extract,use_tool|answer,use_tool,True,V-021,V-021,1.3,0.0024334,0.001475,True,True,0.65,raw-text keyword rules,
keyword,test-document_processing-022,test,document_processing,invoice_reconcile,use_tool|execute_code|verify|answer,use_tool|execute_code|verify,True,64,64,3.1,0.0027916,0.001175,True,True,0.65,raw-text keyword rules,
keyword,test-document_processing-023,test,document_processing,date_normalize,use_tool|delegate|answer,use_tool|delegate,True,2026-06-18,2026-06-18,2.7,0.002425,0.0015584000000000001,True,True,0.65,raw-text keyword rules,
keyword,test-document_processing-024,test,document_processing,crossfield_check,decompose|use_tool|verify|answer,decompose|use_tool|verify,True,NE-8024,NE-8024,2.4,0.002575,0.0012916,True,True,0.65,raw-text keyword rules,
keyword,test-document_processing-025,test,document_processing,direct_literal,answer,,True,R025,R025,0.3,0.0017918,0.0008,True,True,0.65,raw-text keyword rules,
keyword,test-document_processing-026,test,document_processing,document_extract,use_tool|answer,use_tool,True,V-026,V-026,1.3,0.0022834,0.0014583999999999999,True,True,0.65,raw-text keyword rules,
keyword,test-document_processing-027,test,document_processing,invoice_reconcile,use_tool|execute_code|verify|answer,use_tool|execute_code|verify,True,70,70,3.1,0.0027581999999999997,0.0012168,True,True,0.65,raw-text keyword rules,
keyword,test-document_processing-028,test,document_processing,date_normalize,use_tool|delegate|answer,use_tool|delegate,True,2025-02-23,2025-02-23,2.7,0.0024582,0.0015668000000000001,True,True,0.65,raw-text keyword rules,
keyword,test-document_processing-029,test,document_processing,crossfield_check,decompose|use_tool|verify|answer,decompose|use_tool|verify,True,CE-8029,CE-8029,2.4,0.0025332,0.0013168,True,True,0.65,raw-text keyword rules,
keyword,test-document_processing-030,test,document_processing,direct_literal,answer,,True,R030,R030,0.3,0.0017749999999999999,0.0008166,True,True,0.65,raw-text keyword rules,
keyword,test-document_processing-031,test,document_processing,document_extract,use_tool|answer,use_tool,True,V-031,V-031,1.3,0.0022916,0.0014666,True,True,0.65,raw-text keyword rules,
keyword,test-document_processing-032,test,document_processing,invoice_reconcile,use_tool|execute_code|verify|answer,use_tool|execute_code|verify,True,86,86,3.1,0.002775,0.0012000000000000001,True,True,0.65,raw-text keyword rules,
keyword,test-document_processing-033,test,document_processing,date_normalize,use_tool|delegate|answer,use_tool|delegate,True,2024-07-13,2024-07-13,2.7,0.0024166,0.0015416,True,True,0.65,raw-text keyword rules,
keyword,test-document_processing-034,test,document_processing,crossfield_check,decompose|use_tool|verify|answer,decompose|use_tool|verify,True,SW-8034,SW-8034,2.4,0.0025250000000000003,0.0012668,True,True,0.65,raw-text keyword rules,
keyword,test-document_processing-035,test,document_processing,direct_literal,answer,,True,R035,R035,0.3,0.0017832,0.0008082,True,True,0.65,raw-text keyword rules,
learned_one_shot,test-data_analysis-000,test,data_analysis,direct_literal,use_tool|answer,,True,R000,R000,1.3,0.0988332,0.0010668000000000001,True,False,0.5651427533341928,highest calibrated raw-text operation probability,
learned_one_shot,test-data_analysis-001,test,data_analysis,aggregate,execute_code|answer,execute_code,True,36,36,1.45,0.11616660000000001,0.0010500000000000002,True,True,0.7372266080698744,highest calibrated raw-text operation probability,
learned_one_shot,test-data_analysis-002,test,data_analysis,filtered_sum,execute_code|answer,decompose|execute_code,False,131,38,1.45,0.2450584,0.0012082,True,False,0.9967283540507166,highest calibrated raw-text operation probability,incorrect_answer
learned_one_shot,test-data_analysis-003,test,data_analysis,direct_literal,use_tool|answer,,True,R003,R003,1.3,0.0907916,0.0009832,True,False,0.5814456154781409,highest calibrated raw-text operation probability,
learned_one_shot,test-data_analysis-004,test,data_analysis,aggregate,execute_code|answer,execute_code,True,38,38,1.45,0.12365,0.001475,True,True,0.740344432313894,highest calibrated raw-text operation probability,
learned_one_shot,test-data_analysis-005,test,data_analysis,filtered_sum,execute_code|answer,decompose|execute_code,False,93,26,1.45,0.21855839999999999,0.001325,True,False,0.988415907104697,highest calibrated raw-text operation probability,incorrect_answer
learned_one_shot,test-data_analysis-006,test,data_analysis,direct_literal,use_tool|answer,,True,R006,R006,1.3,0.0930416,0.0011668,True,False,0.5848613971725654,highest calibrated raw-text operation probability,
learned_one_shot,test-data_analysis-007,test,data_analysis,aggregate,execute_code|answer,execute_code,True,35,35,1.45,0.1239668,0.0010165999999999999,True,True,0.7386678154306419,highest calibrated raw-text operation probability,
learned_one_shot,test-data_analysis-008,test,data_analysis,filtered_sum,execute_code|answer,decompose|execute_code,False,108,44,1.45,0.25506660000000003,0.0012416,True,False,0.9977216158557931,highest calibrated raw-text operation probability,incorrect_answer
learned_one_shot,test-data_analysis-009,test,data_analysis,direct_literal,use_tool|answer,,True,R009,R009,1.3,0.091475,0.0010416,True,False,0.5799969241774908,highest calibrated raw-text operation probability,
learned_one_shot,test-data_analysis-010,test,data_analysis,aggregate,execute_code|answer,execute_code,True,36,36,1.45,0.1148834,0.0010084,True,True,0.7183924054770046,highest calibrated raw-text operation probability,
learned_one_shot,test-data_analysis-011,test,data_analysis,filtered_sum,execute_code|answer,decompose|execute_code,False,95,53,1.45,0.2495,0.0011832000000000001,True,False,0.9977489396458508,highest calibrated raw-text operation probability,incorrect_answer
learned_one_shot,test-data_analysis-012,test,data_analysis,direct_literal,use_tool|answer,,True,R012,R012,1.3,0.10438339999999999,0.0010666,True,False,0.5692365213251117,highest calibrated raw-text operation probability,
learned_one_shot,test-data_analysis-013,test,data_analysis,aggregate,execute_code|answer,execute_code,True,35,35,1.45,0.1167416,0.0010333999999999999,True,True,0.810334658520816,highest calibrated raw-text operation probability,
learned_one_shot,test-data_analysis-014,test,data_analysis,filtered_sum,execute_code|answer,decompose|execute_code,False,120,42,1.45,0.24596659999999998,0.001225,True,False,0.9971897262210894,highest calibrated raw-text operation probability,incorrect_answer
learned_one_shot,test-data_analysis-015,test,data_analysis,direct_literal,use_tool|answer,,True,R015,R015,1.3,0.09592500000000001,0.0019416,True,False,0.5599407345124169,highest calibrated raw-text operation probability,
learned_one_shot,test-data_analysis-016,test,data_analysis,aggregate,execute_code|answer,execute_code,True,39,39,1.45,0.1192834,0.0009834000000000002,True,True,0.6991726249151425,highest calibrated raw-text operation probability,
learned_one_shot,test-data_analysis-017,test,data_analysis,filtered_sum,execute_code|answer,decompose|execute_code,False,105,68,1.45,0.25844999999999996,0.001975,True,False,0.996572669756523,highest calibrated raw-text operation probability,incorrect_answer
learned_one_shot,test-data_analysis-018,test,data_analysis,direct_literal,use_tool|answer,,True,R018,R018,1.3,0.092875,0.0012083999999999999,True,False,0.5751072392653581,highest calibrated raw-text operation probability,
learned_one_shot,test-data_analysis-019,test,data_analysis,aggregate,execute_code|answer,execute_code,True,36,36,1.45,0.11865840000000001,0.0011082,True,True,0.7230659288018145,highest calibrated raw-text operation probability,
learned_one_shot,test-data_analysis-020,test,data_analysis,filtered_sum,execute_code|answer,decompose|execute_code,False,112,38,1.45,0.236875,0.0012334,True,False,0.994677136080552,highest calibrated raw-text operation probability,incorrect_answer
learned_one_shot,test-data_analysis-021,test,data_analysis,direct_literal,use_tool|answer,,True,R021,R021,1.3,0.0918334,0.0010416,True,False,0.5726874041355438,highest calibrated raw-text operation probability,
learned_one_shot,test-data_analysis-022,test,data_analysis,aggregate,execute_code|answer,execute_code,True,40,40,1.45,0.12350000000000001,0.001,True,True,0.7884062345190904,highest calibrated raw-text operation probability,
learned_one_shot,test-data_analysis-023,test,data_analysis,filtered_sum,execute_code|answer,decompose|execute_code,False,110,45,1.45,0.2455334,0.001225,True,False,0.9970832061736588,highest calibrated raw-text operation probability,incorrect_answer
learned_one_shot,test-data_analysis-024,test,data_analysis,direct_literal,use_tool|answer,,True,R024,R024,1.3,0.091475,0.0010084,True,False,0.5810585209480243,highest calibrated raw-text operation probability,
learned_one_shot,test-data_analysis-025,test,data_analysis,aggregate,execute_code|answer,execute_code,True,38,38,1.45,0.1175832,0.0009834000000000002,True,True,0.7182141116438214,highest calibrated raw-text operation probability,
learned_one_shot,test-data_analysis-026,test,data_analysis,filtered_sum,execute_code|answer,decompose|execute_code,False,106,60,1.45,0.2416584,0.00125,True,False,0.9971970610486689,highest calibrated raw-text operation probability,incorrect_answer
learned_one_shot,test-data_analysis-027,test,data_analysis,direct_literal,use_tool|answer,,True,R027,R027,1.3,0.0922834,0.001025,True,False,0.5834550427681532,highest calibrated raw-text operation probability,
learned_one_shot,test-data_analysis-028,test,data_analysis,aggregate,execute_code|answer,execute_code,True,40,40,1.45,0.11611659999999999,0.0010333999999999999,True,True,0.7799848662067628,highest calibrated raw-text operation probability,
learned_one_shot,test-data_analysis-029,test,data_analysis,filtered_sum,execute_code|answer,decompose|execute_code,False,106,73,1.45,0.24877500000000002,0.0012083999999999999,True,False,0.9952033809733198,highest calibrated raw-text operation probability,incorrect_answer
learned_one_shot,test-data_analysis-030,test,data_analysis,direct_literal,use_tool|answer,,True,R030,R030,1.3,0.0935334,0.0010165999999999999,True,False,0.5641467929335621,highest calibrated raw-text operation probability,
learned_one_shot,test-data_analysis-031,test,data_analysis,aggregate,execute_code|answer,execute_code,True,31,31,1.45,0.1139916,0.001,True,True,0.7753046102052337,highest calibrated raw-text operation probability,
learned_one_shot,test-data_analysis-032,test,data_analysis,filtered_sum,execute_code|answer,decompose|execute_code,False,111,87,1.45,0.2417334,0.0011916,True,False,0.9964994616160635,highest calibrated raw-text operation probability,incorrect_answer
learned_one_shot,test-data_analysis-033,test,data_analysis,direct_literal,use_tool|answer,,True,R033,R033,1.3,0.09135839999999999,0.0010084,True,False,0.5804807860467995,highest calibrated raw-text operation probability,
learned_one_shot,test-data_analysis-034,test,data_analysis,aggregate,execute_code|answer,execute_code,True,32,32,1.45,0.1293916,0.0010666,True,True,0.8135393774167428,highest calibrated raw-text operation probability,
learned_one_shot,test-data_analysis-035,test,data_analysis,filtered_sum,execute_code|answer,decompose|execute_code,False,103,37,1.45,0.251675,0.0012916,True,False,0.9975194314077536,highest calibrated raw-text operation probability,incorrect_answer
learned_one_shot,test-research-000,test,research,direct_literal,use_tool|answer,,True,R000,R000,1.3,0.09378339999999999,0.001075,True,False,0.5651427533341928,highest calibrated raw-text operation probability,
learned_one_shot,test-research-001,test,research,research_fact,use_tool|answer,use_tool,True,CODE-101,CODE-101,1.3,0.1224582,0.0013,True,True,0.9543854846820877,highest calibrated raw-text operation probability,
learned_one_shot,test-research-002,test,research,research_multihop,use_tool|answer,decompose|use_tool,False,Lab-02,Oslo,1.3,0.13440000000000002,0.0015666,True,False,0.9842354687620449,highest calibrated raw-text operation probability,incorrect_answer
learned_one_shot,test-research-003,test,research,research_conflict,use_tool|answer,use_tool|verify,False,paused,active,1.3,0.1611416,0.0010999999999999998,True,False,0.995586356412692,highest calibrated raw-text operation probability,incorrect_answer
learned_one_shot,test-research-004,test,research,research_outage,delegate|answer,delegate,True,SP-304,SP-304,1.7,0.1449668,0.0009916,True,True,0.9977006548711119,highest calibrated raw-text operation probability,
learned_one_shot,test-research-005,test,research,direct_literal,use_tool|answer,,True,R005,R005,1.3,0.0950334,0.0010084,True,False,0.5706654749581743,highest calibrated raw-text operation probability,
learned_one_shot,test-research-006,test,research,research_fact,use_tool|answer,use_tool,True,CODE-106,CODE-106,1.3,0.12160839999999999,0.0011334000000000001,True,True,0.9542326241247958,highest calibrated raw-text operation probability,
learned_one_shot,test-research-007,test,research,research_multihop,use_tool|answer,decompose|use_tool,False,Lab-07,Lima,1.3,0.1337418,0.0012916,True,False,0.9839318060866045,highest calibrated raw-text operation probability,incorrect_answer
learned_one_shot,test-research-008,test,research,research_conflict,use_tool|answer,use_tool|verify,False,active,completed,1.3,0.16247499999999998,0.0010834,True,False,0.9955278465461221,highest calibrated raw-text operation probability,incorrect_answer
learned_one_shot,test-research-009,test,research,research_outage,delegate|answer,delegate,True,SP-309,SP-309,1.7,0.1416916,0.0009166,True,True,0.997697322446546,highest calibrated raw-text operation probability,
learned_one_shot,test-research-010,test,research,direct_literal,use_tool|answer,,True,R010,R010,1.3,0.09305820000000001,0.0009582,True,False,0.5693120042353005,highest calibrated raw-text operation probability,
learned_one_shot,test-research-011,test,research,research_fact,use_tool|answer,use_tool,True,CODE-111,CODE-111,1.3,0.12199180000000001,0.0011166000000000001,True,True,0.9415399110911388,highest calibrated raw-text operation probability,
learned_one_shot,test-research-012,test,research,research_multihop,use_tool|answer,decompose|use_tool,False,Lab-12,Montreal,1.3,0.1332084,0.0012416,True,False,0.9788089987738408,highest calibrated raw-text operation probability,incorrect_answer
learned_one_shot,test-research-013,test,research,research_conflict,use_tool|answer,use_tool|verify,False,paused,active,1.3,0.164775,0.0017749999999999999,True,False,0.9949645989779371,highest calibrated raw-text operation probability,incorrect_answer
learned_one_shot,test-research-014,test,research,research_outage,delegate|answer,delegate,True,SP-314,SP-314,1.7,0.1419832,0.0010500000000000002,True,True,0.9972509259376003,highest calibrated raw-text operation probability,
learned_one_shot,test-research-015,test,research,direct_literal,use_tool|answer,,True,R015,R015,1.3,0.0942582,0.0010834,True,False,0.5599407345124169,highest calibrated raw-text operation probability,
learned_one_shot,test-research-016,test,research,research_fact,use_tool|answer,use_tool,True,CODE-116,CODE-116,1.3,0.12235,0.00125,True,True,0.9455099269484214,highest calibrated raw-text operation probability,
learned_one_shot,test-research-017,test,research,research_multihop,use_tool|answer,decompose|use_tool,False,Lab-17,Nairobi,1.3,0.1368334,0.0016250000000000001,True,False,0.9806494663091272,highest calibrated raw-text operation probability,incorrect_answer
learned_one_shot,test-research-018,test,research,research_conflict,use_tool|answer,use_tool|verify,False,active,completed,1.3,0.1608334,0.0010831999999999999,True,False,0.9951183315228928,highest calibrated raw-text operation probability,incorrect_answer
learned_one_shot,test-research-019,test,research,research_outage,delegate|answer,delegate,True,SP-319,SP-319,1.7,0.141675,0.0009666,True,True,0.9972858746845948,highest calibrated raw-text operation probability,
learned_one_shot,test-research-020,test,research,direct_literal,use_tool|answer,,True,R020,R020,1.3,0.093375,0.0009834000000000002,True,False,0.5603417667533546,highest calibrated raw-text operation probability,
learned_one_shot,test-research-021,test,research,research_fact,use_tool|answer,use_tool,True,CODE-121,CODE-121,1.3,0.1213832,0.001125,True,True,0.9431859362817647,highest calibrated raw-text operation probability,
learned_one_shot,test-research-022,test,research,research_multihop,use_tool|answer,decompose|use_tool,False,Lab-22,Oslo,1.3,0.138075,0.0015416,True,False,0.9808667922842375,highest calibrated raw-text operation probability,incorrect_answer
learned_one_shot,test-research-023,test,research,research_conflict,use_tool|answer,use_tool|verify,False,paused,active,1.3,0.1684168,0.00115,True,False,0.9951451998481308,highest calibrated raw-text operation probability,incorrect_answer
learned_one_shot,test-research-024,test,research,research_outage,delegate|answer,delegate,True,SP-324,SP-324,1.7,0.1417416,0.0009249999999999999,True,True,0.9974141078873998,highest calibrated raw-text operation probability,
learned_one_shot,test-research-025,test,research,direct_literal,use_tool|answer,,True,R025,R025,1.3,0.0928334,0.000975,True,False,0.5754034061636838,highest calibrated raw-text operation probability,
learned_one_shot,test-research-026,test,research,research_fact,use_tool|answer,use_tool,True,CODE-126,CODE-126,1.3,0.11984159999999999,0.0011334000000000001,True,True,0.9494324163837713,highest calibrated raw-text operation probability,
learned_one_shot,test-research-027,test,research,research_multihop,use_tool|answer,decompose|use_tool,False,Lab-27,Lima,1.3,0.1331666,0.0013416,True,False,0.9824648308161547,highest calibrated raw-text operation probability,incorrect_answer
learned_one_shot,test-research-028,test,research,research_conflict,use_tool|answer,use_tool|verify,False,active,completed,1.3,0.1600416,0.0010666,True,False,0.9950841190667225,highest calibrated raw-text operation probability,incorrect_answer
learned_one_shot,test-research-029,test,research,research_outage,delegate|answer,delegate,True,SP-329,SP-329,1.7,0.1454084,0.0009666,True,True,0.9973405126240776,highest calibrated raw-text operation probability,
learned_one_shot,test-research-030,test,research,direct_literal,use_tool|answer,,True,R030,R030,1.3,0.0926916,0.0009916,True,False,0.5641467929335621,highest calibrated raw-text operation probability,
learned_one_shot,test-research-031,test,research,research_fact,use_tool|answer,use_tool,True,CODE-131,CODE-131,1.3,0.12450000000000001,0.0011084,True,True,0.9462316879678943,highest calibrated raw-text operation probability,
learned_one_shot,test-research-032,test,research,research_multihop,use_tool|answer,decompose|use_tool,False,Lab-32,Montreal,1.3,0.13535,0.0012749999999999999,True,False,0.9821882544739118,highest calibrated raw-text operation probability,incorrect_answer
learned_one_shot,test-research-033,test,research,research_conflict,use_tool|answer,use_tool|verify,False,paused,active,1.3,0.1592334,0.0010332,True,False,0.9954391753995808,highest calibrated raw-text operation probability,incorrect_answer
learned_one_shot,test-research-034,test,research,research_outage,delegate|answer,delegate,True,SP-334,SP-334,1.7,0.140675,0.0009249999999999999,True,True,0.9972890503695097,highest calibrated raw-text operation probability,
learned_one_shot,test-research-035,test,research,direct_literal,use_tool|answer,,True,R035,R035,1.3,0.0930418,0.0009832,True,False,0.5687796317550118,highest calibrated raw-text operation probability,
learned_one_shot,test-document_processing-000,test,document_processing,direct_literal,use_tool|answer,,True,R000,R000,1.3,0.0926,0.00095,True,False,0.5651427533341928,highest calibrated raw-text operation probability,
learned_one_shot,test-document_processing-001,test,document_processing,document_extract,use_tool|answer,use_tool,True,V-001,V-001,1.3,0.17845,0.0020084,True,True,0.9999950040900308,highest calibrated raw-text operation probability,
learned_one_shot,test-document_processing-002,test,document_processing,invoice_reconcile,use_tool|answer,use_tool|execute_code|verify,False,77,79,1.3,0.2847166,0.0012334,True,False,0.9999773998197525,highest calibrated raw-text operation probability,incorrect_answer
learned_one_shot,test-document_processing-003,test,document_processing,date_normalize,use_tool|answer,use_tool|delegate,False,13/04/2024,2024-04-13,1.3,0.2444584,0.0012082,True,False,0.9996048166072078,highest calibrated raw-text operation probability,incorrect_answer
learned_one_shot,test-document_processing-004,test,document_processing,crossfield_check,use_tool|answer,decompose|use_tool|verify,False,SW,SW-8004,1.3,0.2603916,0.0012584,True,False,0.9999698791442359,highest calibrated raw-text operation probability,incorrect_answer
learned_one_shot,test-document_processing-005,test,document_processing,direct_literal,use_tool|answer,,True,R005,R005,1.3,0.0938334,0.0010084,True,False,0.5706654749581743,highest calibrated raw-text operation probability,
learned_one_shot,test-document_processing-006,test,document_processing,document_extract,use_tool|answer,use_tool,True,V-006,V-006,1.3,0.18495,0.0019665999999999998,True,True,0.9999924069707633,highest calibrated raw-text operation probability,
learned_one_shot,test-document_processing-007,test,document_processing,invoice_reconcile,use_tool|answer,use_tool|execute_code|verify,False,80,77,1.3,0.299975,0.001375,True,False,0.9999792437324173,highest calibrated raw-text operation probability,incorrect_answer
learned_one_shot,test-document_processing-008,test,document_processing,date_normalize,use_tool|answer,use_tool|delegate,False,09/18/2026,2026-09-18,1.3,0.24049179999999998,0.0012083999999999999,True,False,0.9995916852759107,highest calibrated raw-text operation probability,incorrect_answer
learned_one_shot,test-document_processing-009,test,document_processing,crossfield_check,use_tool|answer,decompose|use_tool|verify,False,NE,NE-8009,1.3,0.25070000000000003,0.001075,True,False,0.9999686482620905,highest calibrated raw-text operation probability,incorrect_answer
learned_one_shot,test-document_processing-010,test,document_processing,direct_literal,use_tool|answer,,True,R010,R010,1.3,0.0935084,0.001075,True,False,0.5693120042353005,highest calibrated raw-text operation probability,
learned_one_shot,test-document_processing-011,test,document_processing,document_extract,use_tool|answer,use_tool,True,V-011,V-011,1.3,0.1744084,0.0016833999999999998,True,True,0.9999858405070026,highest calibrated raw-text operation probability,
learned_one_shot,test-document_processing-012,test,document_processing,invoice_reconcile,use_tool|answer,use_tool|execute_code|verify,False,63,65,1.3,0.2843334,0.0010834,True,False,0.9999777012809438,highest calibrated raw-text operation probability,incorrect_answer
learned_one_shot,test-document_processing-013,test,document_processing,date_normalize,use_tool|answer,use_tool|delegate,False,23/05/2025,2025-05-23,1.3,0.2423666,0.0011416,True,False,0.999589614349788,highest calibrated raw-text operation probability,incorrect_answer
learned_one_shot,test-document_processing-014,test,document_processing,crossfield_check,use_tool|answer,decompose|use_tool|verify,False,CE,CE-8014,1.3,0.25164179999999997,0.0010831999999999999,True,False,0.9999664671248134,highest calibrated raw-text operation probability,incorrect_answer
learned_one_shot,test-document_processing-015,test,document_processing,direct_literal,use_tool|answer,,True,R015,R015,1.3,0.0937334,0.0009916,True,False,0.5599407345124169,highest calibrated raw-text operation probability,
learned_one_shot,test-document_processing-016,test,document_processing,document_extract,use_tool|answer,use_tool,True,V-016,V-016,1.3,0.1774834,0.0015666,True,True,0.9999948433328925,highest calibrated raw-text operation probability,
learned_one_shot,test-document_processing-017,test,document_processing,invoice_reconcile,use_tool|answer,use_tool|execute_code|verify,False,96,93,1.3,0.2820666,0.001075,True,False,0.9999759816312275,highest calibrated raw-text operation probability,incorrect_answer
learned_one_shot,test-document_processing-018,test,document_processing,date_normalize,use_tool|answer,use_tool|delegate,False,01/13/2024,2024-01-13,1.3,0.2405332,0.00115,True,False,0.9995601772952175,highest calibrated raw-text operation probability,incorrect_answer
learned_one_shot,test-document_processing-019,test,document_processing,crossfield_check,use_tool|answer,decompose|use_tool|verify,False,SW,SW-8019,1.3,0.2541584,0.001025,True,False,0.999968780639226,highest calibrated raw-text operation probability,incorrect_answer
learned_one_shot,test-document_processing-020,test,document_processing,direct_literal,use_tool|answer,,True,R020,R020,1.3,0.09290000000000001,0.0010084,True,False,0.5603417667533546,highest calibrated raw-text operation probability,
learned_one_shot,test-document_processing-021,test,document_processing,document_extract,use_tool|answer,use_tool,True,V-021,V-021,1.3,0.18109999999999998,0.0016084,True,True,0.9999921264185898,highest calibrated raw-text operation probability,
learned_one_shot,test-document_processing-022,test,document_processing,invoice_reconcile,use_tool|answer,use_tool|execute_code|verify,False,62,64,1.3,0.2805668,0.0010584,True,False,0.9999749442571844,highest calibrated raw-text operation probability,incorrect_answer
learned_one_shot,test-document_processing-023,test,document_processing,date_normalize,use_tool|answer,use_tool|delegate,False,18/06/2026,2026-06-18,1.3,0.2553082,0.00135,True,False,0.9996287074233,highest calibrated raw-text operation probability,incorrect_answer
learned_one_shot,test-document_processing-024,test,document_processing,crossfield_check,use_tool|answer,decompose|use_tool|verify,False,NE,NE-8024,1.3,0.2497166,0.001125,True,False,0.9999687832046886,highest calibrated raw-text operation probability,incorrect_answer
learned_one_shot,test-document_processing-025,test,document_processing,direct_literal,use_tool|answer,,True,R025,R025,1.3,0.094375,0.0010668000000000001,True,False,0.5754034061636838,highest calibrated raw-text operation probability,
learned_one_shot,test-document_processing-026,test,document_processing,document_extract,use_tool|answer,use_tool,True,V-026,V-026,1.3,0.175775,0.0017500000000000003,True,True,0.9999862694177347,highest calibrated raw-text operation probability,
learned_one_shot,test-document_processing-027,test,document_processing,invoice_reconcile,use_tool|answer,use_tool|execute_code|verify,False,73,70,1.3,0.2907666,0.0011416,True,False,0.9999746864916715,highest calibrated raw-text operation probability,incorrect_answer
learned_one_shot,test-document_processing-028,test,document_processing,date_normalize,use_tool|answer,use_tool|delegate,False,02/23/2025,2025-02-23,1.3,0.2402334,0.0011416,True,False,0.9995580958218871,highest calibrated raw-text operation probability,incorrect_answer
learned_one_shot,test-document_processing-029,test,document_processing,crossfield_check,use_tool|answer,decompose|use_tool|verify,False,CE,CE-8029,1.3,0.2475084,0.001025,True,False,0.9999665763709569,highest calibrated raw-text operation probability,incorrect_answer
learned_one_shot,test-document_processing-030,test,document_processing,direct_literal,use_tool|answer,,True,R030,R030,1.3,0.09415,0.001,True,False,0.5641467929335621,highest calibrated raw-text operation probability,
learned_one_shot,test-document_processing-031,test,document_processing,document_extract,use_tool|answer,use_tool,True,V-031,V-031,1.3,0.176175,0.0016082,True,True,0.9999948363239931,highest calibrated raw-text operation probability,
learned_one_shot,test-document_processing-032,test,document_processing,invoice_reconcile,use_tool|answer,use_tool|execute_code|verify,False,84,86,1.3,0.2863582,0.001425,True,False,0.9999743142647385,highest calibrated raw-text operation probability,incorrect_answer
learned_one_shot,test-document_processing-033,test,document_processing,date_normalize,use_tool|answer,use_tool|delegate,False,13/07/2024,2024-07-13,1.3,0.24380000000000002,0.0012418,True,False,0.9996120375646996,highest calibrated raw-text operation probability,incorrect_answer
learned_one_shot,test-document_processing-034,test,document_processing,crossfield_check,use_tool|answer,decompose|use_tool|verify,False,SW,SW-8034,1.3,0.24948320000000002,0.0011168,True,False,0.9999692246673878,highest calibrated raw-text operation probability,incorrect_answer
learned_one_shot,test-document_processing-035,test,document_processing,direct_literal,use_tool|answer,,True,R035,R035,1.3,0.0977916,0.0010333999999999999,True,False,0.5687796317550118,highest calibrated raw-text operation probability,
learned_budget,test-data_analysis-000,test,data_analysis,direct_literal,use_tool|answer,,True,R000,R000,1.3,0.0941584,0.000975,True,False,0.5651427533341928,calibrated text predictions composed under action and cost budgets,
learned_budget,test-data_analysis-001,test,data_analysis,aggregate,execute_code|answer,execute_code,True,36,36,1.45,0.11576660000000001,0.0010668000000000001,True,True,0.7372266080698744,calibrated text predictions composed under action and cost budgets,
learned_budget,test-data_analysis-002,test,data_analysis,filtered_sum,decompose|execute_code|answer,decompose|execute_code,True,38,38,1.9,0.2490834,0.0014166,True,True,0.9740769264984063,calibrated text predictions composed under action and cost budgets,
learned_budget,test-data_analysis-003,test,data_analysis,direct_literal,use_tool|answer,,True,R003,R003,1.3,0.0921666,0.0010168,True,False,0.5814456154781409,calibrated text predictions composed under action and cost budgets,
learned_budget,test-data_analysis-004,test,data_analysis,aggregate,execute_code|answer,execute_code,True,38,38,1.45,0.116375,0.001025,True,True,0.740344432313894,calibrated text predictions composed under action and cost budgets,
learned_budget,test-data_analysis-005,test,data_analysis,filtered_sum,decompose|execute_code|answer,decompose|execute_code,True,26,26,1.9,0.24275839999999999,0.0019084,True,True,0.9451478275950038,calibrated text predictions composed under action and cost budgets,
learned_budget,test-data_analysis-006,test,data_analysis,direct_literal,use_tool|answer,,True,R006,R006,1.3,0.0960584,0.0010916,True,False,0.5848613971725654,calibrated text predictions composed under action and cost budgets,
learned_budget,test-data_analysis-007,test,data_analysis,aggregate,execute_code|answer,execute_code,True,35,35,1.45,0.1202166,0.0010584,True,True,0.7386678154306419,calibrated text predictions composed under action and cost budgets,
learned_budget,test-data_analysis-008,test,data_analysis,filtered_sum,decompose|execute_code|answer,decompose|execute_code,True,44,44,1.9,0.2527418,0.0013166,True,True,0.9837532576750537,calibrated text predictions composed under action and cost budgets,
learned_budget,test-data_analysis-009,test,data_analysis,direct_literal,use_tool|answer,,True,R009,R009,1.3,0.1019584,0.0014084,True,False,0.5799969241774908,calibrated text predictions composed under action and cost budgets,
learned_budget,test-data_analysis-010,test,data_analysis,aggregate,execute_code|answer,execute_code,True,36,36,1.45,0.11981660000000001,0.0011834,True,True,0.7183924054770046,calibrated text predictions composed under action and cost budgets,
learned_budget,test-data_analysis-011,test,data_analysis,filtered_sum,decompose|execute_code|answer,decompose|execute_code,True,53,53,1.9,0.2571166,0.00165,True,True,0.9838364861725815,calibrated text predictions composed under action and cost budgets,
learned_budget,test-data_analysis-012,test,data_analysis,direct_literal,use_tool|answer,,True,R012,R012,1.3,0.09419999999999999,0.0010834,True,False,0.5692365213251117,calibrated text predictions composed under action and cost budgets,
learned_budget,test-data_analysis-013,test,data_analysis,aggregate,execute_code|answer,execute_code,True,35,35,1.45,0.117025,0.001075,True,True,0.810334658520816,calibrated text predictions composed under action and cost budgets,
learned_budget,test-data_analysis-014,test,data_analysis,filtered_sum,decompose|execute_code|answer,decompose|execute_code,True,42,42,1.9,0.247925,0.0012749999999999999,True,True,0.9749719105833209,calibrated text predictions composed under action and cost budgets,
learned_budget,test-data_analysis-015,test,data_analysis,direct_literal,use_tool|answer,,True,R015,R015,1.3,0.09415,0.0010418,True,False,0.5599407345124169,calibrated text predictions composed under action and cost budgets,
learned_budget,test-data_analysis-016,test,data_analysis,aggregate,execute_code|answer,execute_code,True,39,39,1.45,0.11778340000000001,0.0009666,True,True,0.6991726249151425,calibrated text predictions composed under action and cost budgets,
learned_budget,test-data_analysis-017,test,data_analysis,filtered_sum,decompose|execute_code|answer,decompose|execute_code,True,68,68,1.9,0.24667500000000003,0.001375,True,True,0.9720152275979571,calibrated text predictions composed under action and cost budgets,
learned_budget,test-data_analysis-018,test,data_analysis,direct_literal,use_tool|answer,,True,R018,R018,1.3,0.09158340000000001,0.0009918,True,False,0.5751072392653581,calibrated text predictions composed under action and cost budgets,
learned_budget,test-data_analysis-019,test,data_analysis,aggregate,execute_code|answer,execute_code,True,36,36,1.45,0.11825820000000001,0.000975,True,True,0.7230659288018145,calibrated text predictions composed under action and cost budgets,
learned_budget,test-data_analysis-020,test,data_analysis,filtered_sum,decompose|execute_code|answer,decompose|execute_code,True,38,38,1.9,0.238625,0.0013166,True,True,0.9631634738933743,calibrated text predictions composed under action and cost budgets,
learned_budget,test-data_analysis-021,test,data_analysis,direct_literal,use_tool|answer,,True,R021,R021,1.3,0.09385,0.0009916,True,False,0.5726874041355438,calibrated text predictions composed under action and cost budgets,
learned_budget,test-data_analysis-022,test,data_analysis,aggregate,execute_code|answer,execute_code,True,40,40,1.45,0.1200416,0.0009918,True,True,0.7884062345190904,calibrated text predictions composed under action and cost budgets,
learned_budget,test-data_analysis-023,test,data_analysis,filtered_sum,decompose|execute_code|answer,decompose|execute_code,True,45,45,1.9,0.246925,0.0013084,True,True,0.9721310132279599,calibrated text predictions composed under action and cost budgets,
learned_budget,test-data_analysis-024,test,data_analysis,direct_literal,use_tool|answer,,True,R024,R024,1.3,0.0911666,0.0010332,True,False,0.5810585209480243,calibrated text predictions composed under action and cost budgets,
learned_budget,test-data_analysis-025,test,data_analysis,aggregate,execute_code|answer,execute_code,True,38,38,1.45,0.118175,0.0009918,True,True,0.7182141116438214,calibrated text predictions composed under action and cost budgets,
learned_budget,test-data_analysis-026,test,data_analysis,filtered_sum,decompose|execute_code|answer,decompose|execute_code,True,60,60,1.9,0.26382500000000003,0.0014916,True,True,0.96329212424062,calibrated text predictions composed under action and cost budgets,
learned_budget,test-data_analysis-027,test,data_analysis,direct_literal,use_tool|answer,,True,R027,R027,1.3,0.0974916,0.0010418,True,False,0.5834550427681532,calibrated text predictions composed under action and cost budgets,
learned_budget,test-data_analysis-028,test,data_analysis,aggregate,execute_code|answer,execute_code,True,40,40,1.45,0.1170166,0.0010834,True,True,0.7799848662067628,calibrated text predictions composed under action and cost budgets,
learned_budget,test-data_analysis-029,test,data_analysis,filtered_sum,decompose|execute_code|answer,decompose|execute_code,True,73,73,1.9,0.24355000000000002,0.0013168,True,True,0.9718285487990295,calibrated text predictions composed under action and cost budgets,
learned_budget,test-data_analysis-030,test,data_analysis,direct_literal,use_tool|answer,,True,R030,R030,1.3,0.0938168,0.0010165999999999999,True,False,0.5641467929335621,calibrated text predictions composed under action and cost budgets,
learned_budget,test-data_analysis-031,test,data_analysis,aggregate,execute_code|answer,execute_code,True,31,31,1.45,0.11474999999999999,0.0009916,True,True,0.7753046102052337,calibrated text predictions composed under action and cost budgets,
learned_budget,test-data_analysis-032,test,data_analysis,filtered_sum,decompose|execute_code|answer,decompose|execute_code,True,87,87,1.9,0.24098340000000001,0.0013334,True,True,0.9649016395374423,calibrated text predictions composed under action and cost budgets,
learned_budget,test-data_analysis-033,test,data_analysis,direct_literal,use_tool|answer,,True,R033,R033,1.3,0.09303320000000001,0.0010168,True,False,0.5804807860467995,calibrated text predictions composed under action and cost budgets,
learned_budget,test-data_analysis-034,test,data_analysis,aggregate,execute_code|answer,execute_code,True,32,32,1.45,0.119675,0.001,True,True,0.8135393774167428,calibrated text predictions composed under action and cost budgets,
learned_budget,test-data_analysis-035,test,data_analysis,filtered_sum,decompose|execute_code|answer,decompose|execute_code,True,37,37,1.9,0.2476916,0.0012418,True,True,0.9695160175610986,calibrated text predictions composed under action and cost budgets,
learned_budget,test-research-000,test,research,direct_literal,use_tool|answer,,True,R000,R000,1.3,0.0946416,0.001,True,False,0.5651427533341928,calibrated text predictions composed under action and cost budgets,
learned_budget,test-research-001,test,research,research_fact,use_tool|answer,use_tool,True,CODE-101,CODE-101,1.3,0.1233166,0.00125,True,True,0.9543854846820877,calibrated text predictions composed under action and cost budgets,
learned_budget,test-research-002,test,research,research_multihop,decompose|use_tool|answer,decompose|use_tool,True,Oslo,Oslo,1.75,0.1358584,0.002025,True,True,0.9735735949333685,calibrated text predictions composed under action and cost budgets,
learned_budget,test-research-003,test,research,research_conflict,use_tool|verify|answer,use_tool|verify,True,active,active,1.95,0.1614668,0.0015668000000000001,True,True,0.8250117745145874,calibrated text predictions composed under action and cost budgets,
learned_budget,test-research-004,test,research,research_outage,delegate|answer,delegate,True,SP-304,SP-304,1.7,0.1432,0.0009334,True,True,0.9977006548711119,calibrated text predictions composed under action and cost budgets,
learned_budget,test-research-005,test,research,direct_literal,use_tool|answer,,True,R005,R005,1.3,0.0935918,0.0009916,True,False,0.5706654749581743,calibrated text predictions composed under action and cost budgets,
learned_budget,test-research-006,test,research,research_fact,use_tool|answer,use_tool,True,CODE-106,CODE-106,1.3,0.12181679999999999,0.001225,True,True,0.9542326241247958,calibrated text predictions composed under action and cost budgets,
learned_budget,test-research-007,test,research,research_multihop,decompose|use_tool|answer,decompose|use_tool,True,Lima,Lima,1.75,0.13725,0.0016833999999999998,True,True,0.9737044729529505,calibrated text predictions composed under action and cost budgets,
learned_budget,test-research-008,test,research,research_conflict,use_tool|verify|answer,use_tool|verify,True,completed,completed,1.95,0.1630334,0.001475,True,True,0.8250132854012155,calibrated text predictions composed under action and cost budgets,
learned_budget,test-research-009,test,research,research_outage,delegate|answer,delegate,True,SP-309,SP-309,1.7,0.1436334,0.0009916,True,True,0.997697322446546,calibrated text predictions composed under action and cost budgets,
learned_budget,test-research-010,test,research,direct_literal,use_tool|answer,,True,R010,R010,1.3,0.09459999999999999,0.0009834000000000002,True,False,0.5693120042353005,calibrated text predictions composed under action and cost budgets,
learned_budget,test-research-011,test,research,research_fact,use_tool|answer,use_tool,True,CODE-111,CODE-111,1.3,0.1233834,0.0011916,True,True,0.9415399110911388,calibrated text predictions composed under action and cost budgets,
learned_budget,test-research-012,test,research,research_multihop,decompose|use_tool|answer,decompose|use_tool,True,Montreal,Montreal,1.75,0.1346166,0.0016584000000000002,True,True,0.9718198633580555,calibrated text predictions composed under action and cost budgets,
learned_budget,test-research-013,test,research,research_conflict,use_tool|verify|answer,use_tool|verify,True,active,active,1.95,0.1649334,0.001375,True,True,0.8077052618644871,calibrated text predictions composed under action and cost budgets,
learned_budget,test-research-014,test,research,research_outage,delegate|answer,delegate,True,SP-314,SP-314,1.7,0.1432666,0.00095,True,True,0.9972509259376003,calibrated text predictions composed under action and cost budgets,
learned_budget,test-research-015,test,research,direct_literal,use_tool|answer,,True,R015,R015,1.3,0.0971332,0.0010333999999999999,True,False,0.5599407345124169,calibrated text predictions composed under action and cost budgets,
learned_budget,test-research-016,test,research,research_fact,use_tool|answer,use_tool,True,CODE-116,CODE-116,1.3,0.12225820000000001,0.001325,True,True,0.9455099269484214,calibrated text predictions composed under action and cost budgets,
learned_budget,test-research-017,test,research,research_multihop,decompose|use_tool|answer,decompose|use_tool,True,Nairobi,Nairobi,1.75,0.1347084,0.0016832,True,True,0.9725762781719829,calibrated text predictions composed under action and cost budgets,
learned_budget,test-research-018,test,research,research_conflict,use_tool|verify|answer,use_tool|verify,True,completed,completed,1.95,0.1696418,0.0017749999999999999,True,True,0.807659942070418,calibrated text predictions composed under action and cost budgets,
learned_budget,test-research-019,test,research,research_outage,delegate|answer,delegate,True,SP-319,SP-319,1.7,0.144825,0.0010084,True,True,0.9972858746845948,calibrated text predictions composed under action and cost budgets,
learned_budget,test-research-020,test,research,direct_literal,use_tool|answer,,True,R020,R020,1.3,0.09410840000000001,0.0010332,True,False,0.5603417667533546,calibrated text predictions composed under action and cost budgets,
learned_budget,test-research-021,test,research,research_fact,use_tool|answer,use_tool,True,CODE-121,CODE-121,1.3,0.1237,0.0012666,True,True,0.9431859362817647,calibrated text predictions composed under action and cost budgets,
learned_budget,test-research-022,test,research,research_multihop,decompose|use_tool|answer,decompose|use_tool,True,Oslo,Oslo,1.75,0.134675,0.0018666,True,True,0.9734223290419752,calibrated text predictions composed under action and cost budgets,
learned_budget,test-research-023,test,research,research_conflict,use_tool|verify|answer,use_tool|verify,True,active,active,1.95,0.1605084,0.00135,True,True,0.811649792808852,calibrated text predictions composed under action and cost budgets,
learned_budget,test-research-024,test,research,research_outage,delegate|answer,delegate,True,SP-324,SP-324,1.7,0.1433832,0.0009168000000000001,True,True,0.9974141078873998,calibrated text predictions composed under action and cost budgets,
learned_budget,test-research-025,test,research,direct_literal,use_tool|answer,,True,R025,R025,1.3,0.094375,0.0009918,True,False,0.5754034061636838,calibrated text predictions composed under action and cost budgets,
learned_budget,test-research-026,test,research,research_fact,use_tool|answer,use_tool,True,CODE-126,CODE-126,1.3,0.12181660000000001,0.0011416,True,True,0.9494324163837713,calibrated text predictions composed under action and cost budgets,
learned_budget,test-research-027,test,research,research_multihop,decompose|use_tool|answer,decompose|use_tool,True,Lima,Lima,1.75,0.13476660000000001,0.0016416,True,True,0.9732272269830289,calibrated text predictions composed under action and cost budgets,
learned_budget,test-research-028,test,research,research_conflict,use_tool|verify|answer,use_tool|verify,True,completed,completed,1.95,0.1601918,0.0014,True,True,0.8203219902287264,calibrated text predictions composed under action and cost budgets,
learned_budget,test-research-029,test,research,research_outage,delegate|answer,delegate,True,SP-329,SP-329,1.7,0.1434666,0.0009334,True,True,0.9973405126240776,calibrated text predictions composed under action and cost budgets,
learned_budget,test-research-030,test,research,direct_literal,use_tool|answer,,True,R030,R030,1.3,0.09345,0.000975,True,False,0.5641467929335621,calibrated text predictions composed under action and cost budgets,
learned_budget,test-research-031,test,research,research_fact,use_tool|answer,use_tool,True,CODE-131,CODE-131,1.3,0.12173339999999999,0.0012082,True,True,0.9462316879678943,calibrated text predictions composed under action and cost budgets,
learned_budget,test-research-032,test,research,research_multihop,decompose|use_tool|answer,decompose|use_tool,True,Montreal,Montreal,1.75,0.13476660000000001,0.0017250000000000002,True,True,0.9735342757181553,calibrated text predictions composed under action and cost budgets,
learned_budget,test-research-033,test,research,research_conflict,use_tool|verify|answer,use_tool|verify,True,active,active,1.95,0.1697916,0.0017666000000000001,True,True,0.833469005969012,calibrated text predictions composed under action and cost budgets,
learned_budget,test-research-034,test,research,research_outage,delegate|answer,delegate,True,SP-334,SP-334,1.7,0.1435834,0.0010084,True,True,0.9972890503695097,calibrated text predictions composed under action and cost budgets,
learned_budget,test-research-035,test,research,direct_literal,use_tool|answer,,True,R035,R035,1.3,0.0955668,0.0010332,True,False,0.5687796317550118,calibrated text predictions composed under action and cost budgets,
learned_budget,test-document_processing-000,test,document_processing,direct_literal,use_tool|answer,,True,R000,R000,1.3,0.0936584,0.0009916,True,False,0.5651427533341928,calibrated text predictions composed under action and cost budgets,
learned_budget,test-document_processing-001,test,document_processing,document_extract,use_tool|answer,use_tool,True,V-001,V-001,1.3,0.1783082,0.0020416,True,True,0.9999950040900308,calibrated text predictions composed under action and cost budgets,
learned_budget,test-document_processing-002,test,document_processing,invoice_reconcile,use_tool|execute_code|verify|answer,use_tool|execute_code|verify,True,79,79,3.1,0.3007584,0.0017668,True,True,0.9922945277117344,calibrated text predictions composed under action and cost budgets,
learned_budget,test-document_processing-003,test,document_processing,date_normalize,use_tool|delegate|answer,use_tool|delegate,True,2024-04-13,2024-04-13,2.7,0.2460166,0.0024334,True,True,0.9988342247065747,calibrated text predictions composed under action and cost budgets,
learned_budget,test-document_processing-004,test,document_processing,crossfield_check,decompose|use_tool|verify|answer,decompose|use_tool|verify,True,SW-8004,SW-8004,2.4,0.24951660000000003,0.0016916000000000001,True,True,0.9782056641324149,calibrated text predictions composed under action and cost budgets,
learned_budget,test-document_processing-005,test,document_processing,direct_literal,use_tool|answer,,True,R005,R005,1.3,0.0940834,0.0010668000000000001,True,False,0.5706654749581743,calibrated text predictions composed under action and cost budgets,
learned_budget,test-document_processing-006,test,document_processing,document_extract,use_tool|answer,use_tool,True,V-006,V-006,1.3,0.18311660000000002,0.0017918,True,True,0.9999924069707633,calibrated text predictions composed under action and cost budgets,
learned_budget,test-document_processing-007,test,document_processing,invoice_reconcile,use_tool|execute_code|verify|answer,use_tool|execute_code|verify,True,77,77,3.1,0.2831666,0.001375,True,True,0.9892423923137934,calibrated text predictions composed under action and cost budgets,
learned_budget,test-document_processing-008,test,document_processing,date_normalize,use_tool|delegate|answer,use_tool|delegate,True,2026-09-18,2026-09-18,2.7,0.24111660000000001,0.001875,True,True,0.99901093859682,calibrated text predictions composed under action and cost budgets,
learned_budget,test-document_processing-009,test,document_processing,crossfield_check,decompose|use_tool|verify|answer,decompose|use_tool|verify,True,NE-8009,NE-8009,2.4,0.2516082,0.001425,True,True,0.9797020760275279,calibrated text predictions composed under action and cost budgets,
learned_budget,test-document_processing-010,test,document_processing,direct_literal,use_tool|answer,,True,R010,R010,1.3,0.0923918,0.0010084,True,False,0.5693120042353005,calibrated text predictions composed under action and cost budgets,
learned_budget,test-document_processing-011,test,document_processing,document_extract,use_tool|answer,use_tool,True,V-011,V-011,1.3,0.174425,0.0015915999999999999,True,True,0.9999858405070026,calibrated text predictions composed under action and cost budgets,
learned_budget,test-document_processing-012,test,document_processing,invoice_reconcile,use_tool|execute_code|verify|answer,use_tool|execute_code|verify,True,65,65,3.1,0.27958340000000004,0.0013084,True,True,0.9895279682685384,calibrated text predictions composed under action and cost budgets,
learned_budget,test-document_processing-013,test,document_processing,date_normalize,use_tool|delegate|answer,use_tool|delegate,True,2025-05-23,2025-05-23,2.7,0.243025,0.0017000000000000001,True,True,0.9985535571221678,calibrated text predictions composed under action and cost budgets,
learned_budget,test-document_processing-014,test,document_processing,crossfield_check,decompose|use_tool|verify|answer,decompose|use_tool|verify,True,CE-8014,CE-8014,2.4,0.25048339999999997,0.0014168,True,True,0.9806236853325788,calibrated text predictions composed under action and cost budgets,
learned_budget,test-document_processing-015,test,document_processing,direct_literal,use_tool|answer,,True,R015,R015,1.3,0.0947418,0.0009916,True,False,0.5599407345124169,calibrated text predictions composed under action and cost budgets,
learned_budget,test-document_processing-016,test,document_processing,document_extract,use_tool|answer,use_tool,True,V-016,V-016,1.3,0.1781084,0.0015416,True,True,0.9999948433328925,calibrated text predictions composed under action and cost budgets,
learned_budget,test-document_processing-017,test,document_processing,invoice_reconcile,use_tool|execute_code|verify|answer,use_tool|execute_code|verify,True,93,93,3.1,0.2976668,0.0017416,True,True,0.9903278747728482,calibrated text predictions composed under action and cost budgets,
learned_budget,test-document_processing-018,test,document_processing,date_normalize,use_tool|delegate|answer,use_tool|delegate,True,2024-01-13,2024-01-13,2.7,0.2500916,0.0021168,True,True,0.9989147664434046,calibrated text predictions composed under action and cost budgets,
learned_budget,test-document_processing-019,test,document_processing,crossfield_check,decompose|use_tool|verify|answer,decompose|use_tool|verify,True,SW-8019,SW-8019,2.4,0.2505166,0.0015915999999999999,True,True,0.979108803534611,calibrated text predictions composed under action and cost budgets,
learned_budget,test-document_processing-020,test,document_processing,direct_literal,use_tool|answer,,True,R020,R020,1.3,0.0944334,0.0010500000000000002,True,False,0.5603417667533546,calibrated text predictions composed under action and cost budgets,
learned_budget,test-document_processing-021,test,document_processing,document_extract,use_tool|answer,use_tool,True,V-021,V-021,1.3,0.18094179999999999,0.0017668,True,True,0.9999921264185898,calibrated text predictions composed under action and cost budgets,
learned_budget,test-document_processing-022,test,document_processing,invoice_reconcile,use_tool|execute_code|verify|answer,use_tool|execute_code|verify,True,64,64,3.1,0.2819166,0.0013334,True,True,0.9918292125717606,calibrated text predictions composed under action and cost budgets,
learned_budget,test-document_processing-023,test,document_processing,date_normalize,use_tool|delegate|answer,use_tool|delegate,True,2026-06-18,2026-06-18,2.7,0.2411334,0.0017916000000000002,True,True,0.998739663050781,calibrated text predictions composed under action and cost budgets,
learned_budget,test-document_processing-024,test,document_processing,crossfield_check,decompose|use_tool|verify|answer,decompose|use_tool|verify,True,NE-8024,NE-8024,2.4,0.250625,0.0014416,True,True,0.9796649200114601,calibrated text predictions composed under action and cost budgets,
learned_budget,test-document_processing-025,test,document_processing,direct_literal,use_tool|answer,,True,R025,R025,1.3,0.0934334,0.0010165999999999999,True,False,0.5754034061636838,calibrated text predictions composed under action and cost budgets,
learned_budget,test-document_processing-026,test,document_processing,document_extract,use_tool|answer,use_tool,True,V-026,V-026,1.3,0.1799916,0.0016666,True,True,0.9999862694177347,calibrated text predictions composed under action and cost budgets,
learned_budget,test-document_processing-027,test,document_processing,invoice_reconcile,use_tool|execute_code|verify|answer,use_tool|execute_code|verify,True,70,70,3.1,0.292225,0.0017833999999999999,True,True,0.9924290907636367,calibrated text predictions composed under action and cost budgets,
learned_budget,test-document_processing-028,test,document_processing,date_normalize,use_tool|delegate|answer,use_tool|delegate,True,2025-02-23,2025-02-23,2.7,0.241825,0.0021916,True,True,0.9987239599055868,calibrated text predictions composed under action and cost budgets,
learned_budget,test-document_processing-029,test,document_processing,crossfield_check,decompose|use_tool|verify|answer,decompose|use_tool|verify,True,CE-8029,CE-8029,2.4,0.25045,0.001675,True,True,0.9800863443363207,calibrated text predictions composed under action and cost budgets,
learned_budget,test-document_processing-030,test,document_processing,direct_literal,use_tool|answer,,True,R030,R030,1.3,0.0937582,0.0010918,True,False,0.5641467929335621,calibrated text predictions composed under action and cost budgets,
learned_budget,test-document_processing-031,test,document_processing,document_extract,use_tool|answer,use_tool,True,V-031,V-031,1.3,0.1786834,0.0017334,True,True,0.9999948363239931,calibrated text predictions composed under action and cost budgets,
learned_budget,test-document_processing-032,test,document_processing,invoice_reconcile,use_tool|execute_code|verify|answer,use_tool|execute_code|verify,True,86,86,3.1,0.2809582,0.0014166,True,True,0.9905361653839929,calibrated text predictions composed under action and cost budgets,
learned_budget,test-document_processing-033,test,document_processing,date_normalize,use_tool|delegate|answer,use_tool|delegate,True,2024-07-13,2024-07-13,2.7,0.2535332,0.001975,True,True,0.9987378036744066,calibrated text predictions composed under action and cost budgets,
learned_budget,test-document_processing-034,test,document_processing,crossfield_check,decompose|use_tool|verify|answer,decompose|use_tool|verify,True,SW-8034,SW-8034,2.4,0.2525,0.0015166000000000001,True,True,0.9778452935126282,calibrated text predictions composed under action and cost budgets,
learned_budget,test-document_processing-035,test,document_processing,direct_literal,use_tool|answer,,True,R035,R035,1.3,0.0938084,0.0010834,True,False,0.5687796317550118,calibrated text predictions composed under action and cost budgets,
oracle,test-data_analysis-000,test,data_analysis,direct_literal,answer,,True,R000,R000,0.3,0.0006832,0.0008500000000000001,True,True,1.0,minimum task annotation route,
oracle,test-data_analysis-001,test,data_analysis,aggregate,execute_code|answer,execute_code,True,36,36,1.45,0.0004666,0.0011084,True,True,1.0,minimum task annotation route,
oracle,test-data_analysis-002,test,data_analysis,filtered_sum,decompose|execute_code|answer,decompose|execute_code,True,38,38,1.9,0.0004916,0.0013416,True,True,1.0,minimum task annotation route,
oracle,test-data_analysis-003,test,data_analysis,direct_literal,answer,,True,R003,R003,0.3,0.000475,0.0008166,True,True,1.0,minimum task annotation route,
oracle,test-data_analysis-004,test,data_analysis,aggregate,execute_code|answer,execute_code,True,38,38,1.45,0.0004334,0.0009249999999999999,True,True,1.0,minimum task annotation route,
oracle,test-data_analysis-005,test,data_analysis,filtered_sum,decompose|execute_code|answer,decompose|execute_code,True,26,26,1.9,0.000475,0.0011668,True,True,1.0,minimum task annotation route,
oracle,test-data_analysis-006,test,data_analysis,direct_literal,answer,,True,R006,R006,0.3,0.0004332,0.0008083999999999999,True,True,1.0,minimum task annotation route,
oracle,test-data_analysis-007,test,data_analysis,aggregate,execute_code|answer,execute_code,True,35,35,1.45,0.0004418,0.0009332,True,True,1.0,minimum task annotation route,
oracle,test-data_analysis-008,test,data_analysis,filtered_sum,decompose|execute_code|answer,decompose|execute_code,True,44,44,1.9,0.00045,0.0011584,True,True,1.0,minimum task annotation route,
oracle,test-data_analysis-009,test,data_analysis,direct_literal,answer,,True,R009,R009,0.3,0.0004582,0.000775,True,True,1.0,minimum task annotation route,
oracle,test-data_analysis-010,test,data_analysis,aggregate,execute_code|answer,execute_code,True,36,36,1.45,0.00041660000000000004,0.0009,True,True,1.0,minimum task annotation route,
oracle,test-data_analysis-011,test,data_analysis,filtered_sum,decompose|execute_code|answer,decompose|execute_code,True,53,53,1.9,0.0004416,0.0011584,True,True,1.0,minimum task annotation route,
oracle,test-data_analysis-012,test,data_analysis,direct_literal,answer,,True,R012,R012,0.3,0.0004418,0.0007915999999999999,True,True,1.0,minimum task annotation route,
oracle,test-data_analysis-013,test,data_analysis,aggregate,execute_code|answer,execute_code,True,35,35,1.45,0.000475,0.0009166,True,True,1.0,minimum task annotation route,
oracle,test-data_analysis-014,test,data_analysis,filtered_sum,decompose|execute_code|answer,decompose|execute_code,True,42,42,1.9,0.0004666,0.0011168,True,True,1.0,minimum task annotation route,
oracle,test-data_analysis-015,test,data_analysis,direct_literal,answer,,True,R015,R015,0.3,0.0004332,0.0007918,True,True,1.0,minimum task annotation route,
oracle,test-data_analysis-016,test,data_analysis,aggregate,execute_code|answer,execute_code,True,39,39,1.45,0.00042500000000000003,0.0008918000000000001,True,True,1.0,minimum task annotation route,
oracle,test-data_analysis-017,test,data_analysis,filtered_sum,decompose|execute_code|answer,decompose|execute_code,True,68,68,1.9,0.0004416,0.0011584,True,True,1.0,minimum task annotation route,
oracle,test-data_analysis-018,test,data_analysis,direct_literal,answer,,True,R018,R018,0.3,0.00042500000000000003,0.0007832000000000001,True,True,1.0,minimum task annotation route,
oracle,test-data_analysis-019,test,data_analysis,aggregate,execute_code|answer,execute_code,True,36,36,1.45,0.00041660000000000004,0.0009,True,True,1.0,minimum task annotation route,
oracle,test-data_analysis-020,test,data_analysis,filtered_sum,decompose|execute_code|answer,decompose|execute_code,True,38,38,1.9,0.00045840000000000003,0.0011166000000000001,True,True,1.0,minimum task annotation route,
oracle,test-data_analysis-021,test,data_analysis,direct_literal,answer,,True,R021,R021,0.3,0.0004416,0.0007915999999999999,True,True,1.0,minimum task annotation route,
oracle,test-data_analysis-022,test,data_analysis,aggregate,execute_code|answer,execute_code,True,40,40,1.45,0.00041660000000000004,0.0009168000000000001,True,True,1.0,minimum task annotation route,
oracle,test-data_analysis-023,test,data_analysis,filtered_sum,decompose|execute_code|answer,decompose|execute_code,True,45,45,1.9,0.0004416,0.00115,True,True,1.0,minimum task annotation route,
oracle,test-data_analysis-024,test,data_analysis,direct_literal,answer,,True,R024,R024,0.3,0.0004332,0.0007918,True,True,1.0,minimum task annotation route,
oracle,test-data_analysis-025,test,data_analysis,aggregate,execute_code|answer,execute_code,True,38,38,1.45,0.00041660000000000004,0.0009084,True,True,1.0,minimum task annotation route,
oracle,test-data_analysis-026,test,data_analysis,filtered_sum,decompose|execute_code|answer,decompose|execute_code,True,60,60,1.9,0.0004418,0.001175,True,True,1.0,minimum task annotation route,
oracle,test-data_analysis-027,test,data_analysis,direct_literal,answer,,True,R027,R027,0.3,0.00042500000000000003,0.0008,True,True,1.0,minimum task annotation route,
oracle,test-data_analysis-028,test,data_analysis,aggregate,execute_code|answer,execute_code,True,40,40,1.45,0.0004084,0.0009249999999999999,True,True,1.0,minimum task annotation route,
oracle,test-data_analysis-029,test,data_analysis,filtered_sum,decompose|execute_code|answer,decompose|execute_code,True,73,73,1.9,0.00045,0.0011665999999999998,True,True,1.0,minimum task annotation route,
oracle,test-data_analysis-030,test,data_analysis,direct_literal,answer,,True,R030,R030,0.3,0.0004416,0.0008083999999999999,True,True,1.0,minimum task annotation route,
oracle,test-data_analysis-031,test,data_analysis,aggregate,execute_code|answer,execute_code,True,31,31,1.45,0.0004332,0.0009,True,True,1.0,minimum task annotation route,
oracle,test-data_analysis-032,test,data_analysis,filtered_sum,decompose|execute_code|answer,decompose|execute_code,True,87,87,1.9,0.00045,0.0011417999999999999,True,True,1.0,minimum task annotation route,
oracle,test-data_analysis-033,test,data_analysis,direct_literal,answer,,True,R033,R033,0.3,0.00041660000000000004,0.0007834000000000001,True,True,1.0,minimum task annotation route,
oracle,test-data_analysis-034,test,data_analysis,aggregate,execute_code|answer,execute_code,True,32,32,1.45,0.00040819999999999995,0.0008832,True,True,1.0,minimum task annotation route,
oracle,test-data_analysis-035,test,data_analysis,filtered_sum,decompose|execute_code|answer,decompose|execute_code,True,37,37,1.9,0.0004334,0.0011334000000000001,True,True,1.0,minimum task annotation route,
oracle,test-research-000,test,research,direct_literal,answer,,True,R000,R000,0.3,0.00042500000000000003,0.0007834000000000001,True,True,1.0,minimum task annotation route,
oracle,test-research-001,test,research,research_fact,use_tool|answer,use_tool,True,CODE-101,CODE-101,1.3,0.0004332,0.0012000000000000001,True,True,1.0,minimum task annotation route,
oracle,test-research-002,test,research,research_multihop,decompose|use_tool|answer,decompose|use_tool,True,Oslo,Oslo,1.75,0.00045,0.0017916000000000002,True,True,1.0,minimum task annotation route,
oracle,test-research-003,test,research,research_conflict,use_tool|verify|answer,use_tool|verify,True,active,active,1.95,0.0004416,0.0014,True,True,1.0,minimum task annotation route,
oracle,test-research-004,test,research,research_outage,delegate|answer,delegate,True,SP-304,SP-304,1.7,0.0004334,0.0008666,True,True,1.0,minimum task annotation route,
oracle,test-research-005,test,research,direct_literal,answer,,True,R005,R005,0.3,0.0004168,0.0007832000000000001,True,True,1.0,minimum task annotation route,
oracle,test-research-006,test,research,research_fact,use_tool|answer,use_tool,True,CODE-106,CODE-106,1.3,0.00042500000000000003,0.0010666,True,True,1.0,minimum task annotation route,
oracle,test-research-007,test,research,research_multihop,decompose|use_tool|answer,decompose|use_tool,True,Lima,Lima,1.75,0.0004416,0.0014834,True,True,1.0,minimum task annotation route,
oracle,test-research-008,test,research,research_conflict,use_tool|verify|answer,use_tool|verify,True,completed,completed,1.95,0.00041660000000000004,0.00125,True,True,1.0,minimum task annotation route,
oracle,test-research-009,test,research,research_outage,delegate|answer,delegate,True,SP-309,SP-309,1.7,0.0004334,0.0008581999999999999,True,True,1.0,minimum task annotation route,
oracle,test-research-010,test,research,direct_literal,answer,,True,R010,R010,0.3,0.00040819999999999995,0.0008083999999999999,True,True,1.0,minimum task annotation route,
oracle,test-research-011,test,research,research_fact,use_tool|answer,use_tool,True,CODE-111,CODE-111,1.3,0.0004168,0.0010332,True,True,1.0,minimum task annotation route,
oracle,test-research-012,test,research,research_multihop,decompose|use_tool|answer,decompose|use_tool,True,Montreal,Montreal,1.75,0.0004334,0.0015666,True,True,1.0,minimum task annotation route,
oracle,test-research-013,test,research,research_conflict,use_tool|verify|answer,use_tool|verify,True,active,active,1.95,0.00042500000000000003,0.0012334,True,True,1.0,minimum task annotation route,
oracle,test-research-014,test,research,research_outage,delegate|answer,delegate,True,SP-314,SP-314,1.7,0.00042500000000000003,0.0008583999999999999,True,True,1.0,minimum task annotation route,
oracle,test-research-015,test,research,direct_literal,answer,,True,R015,R015,0.3,0.0004418,0.0008166,True,True,1.0,minimum task annotation route,
oracle,test-research-016,test,research,research_fact,use_tool|answer,use_tool,True,CODE-116,CODE-116,1.3,0.00045,0.0010500000000000002,True,True,1.0,minimum task annotation route,
oracle,test-research-017,test,research,research_multihop,decompose|use_tool|answer,decompose|use_tool,True,Nairobi,Nairobi,1.75,0.0004418,0.0015584000000000001,True,True,1.0,minimum task annotation route,
oracle,test-research-018,test,research,research_conflict,use_tool|verify|answer,use_tool|verify,True,completed,completed,1.95,0.00045,0.0017582000000000001,True,True,1.0,minimum task annotation route,
oracle,test-research-019,test,research,research_outage,delegate|answer,delegate,True,SP-319,SP-319,1.7,0.0004332,0.0008750000000000001,True,True,1.0,minimum task annotation route,
oracle,test-research-020,test,research,direct_literal,answer,,True,R020,R020,0.3,0.00042500000000000003,0.0007915999999999999,True,True,1.0,minimum task annotation route,
oracle,test-research-021,test,research,research_fact,use_tool|answer,use_tool,True,CODE-121,CODE-121,1.3,0.00041660000000000004,0.0010332,True,True,1.0,minimum task annotation route,
oracle,test-research-022,test,research,research_multihop,decompose|use_tool|answer,decompose|use_tool,True,Oslo,Oslo,1.75,0.00042500000000000003,0.0014834,True,True,1.0,minimum task annotation route,
oracle,test-research-023,test,research,research_conflict,use_tool|verify|answer,use_tool|verify,True,active,active,1.95,0.00042500000000000003,0.0012000000000000001,True,True,1.0,minimum task annotation route,
oracle,test-research-024,test,research,research_outage,delegate|answer,delegate,True,SP-324,SP-324,1.7,0.0004334,0.0009168000000000001,True,True,1.0,minimum task annotation route,
oracle,test-research-025,test,research,direct_literal,answer,,True,R025,R025,0.3,0.0004668,0.0008082,True,True,1.0,minimum task annotation route,
oracle,test-research-026,test,research,research_fact,use_tool|answer,use_tool,True,CODE-126,CODE-126,1.3,0.00041660000000000004,0.001025,True,True,1.0,minimum task annotation route,
oracle,test-research-027,test,research,research_multihop,decompose|use_tool|answer,decompose|use_tool,True,Lima,Lima,1.75,0.0004334,0.001475,True,True,1.0,minimum task annotation route,
oracle,test-research-028,test,research,research_conflict,use_tool|verify|answer,use_tool|verify,True,completed,completed,1.95,0.00041660000000000004,0.00125,True,True,1.0,minimum task annotation route,
oracle,test-research-029,test,research,research_outage,delegate|answer,delegate,True,SP-329,SP-329,1.7,0.00042500000000000003,0.0008750000000000001,True,True,1.0,minimum task annotation route,
oracle,test-research-030,test,research,direct_literal,answer,,True,R030,R030,0.3,0.00042500000000000003,0.0008168,True,True,1.0,minimum task annotation route,
oracle,test-research-031,test,research,research_fact,use_tool|answer,use_tool,True,CODE-131,CODE-131,1.3,0.0004168,0.0010332,True,True,1.0,minimum task annotation route,
oracle,test-research-032,test,research,research_multihop,decompose|use_tool|answer,decompose|use_tool,True,Montreal,Montreal,1.75,0.0004418,0.0015334,True,True,1.0,minimum task annotation route,
oracle,test-research-033,test,research,research_conflict,use_tool|verify|answer,use_tool|verify,True,active,active,1.95,0.0004334,0.0011834,True,True,1.0,minimum task annotation route,
oracle,test-research-034,test,research,research_outage,delegate|answer,delegate,True,SP-334,SP-334,1.7,0.00041660000000000004,0.0008334,True,True,1.0,minimum task annotation route,
oracle,test-research-035,test,research,direct_literal,answer,,True,R035,R035,0.3,0.00041660000000000004,0.000775,True,True,1.0,minimum task annotation route,
oracle,test-document_processing-000,test,document_processing,direct_literal,answer,,True,R000,R000,0.3,0.00042500000000000003,0.000775,True,True,1.0,minimum task annotation route,
oracle,test-document_processing-001,test,document_processing,document_extract,use_tool|answer,use_tool,True,V-001,V-001,1.3,0.00041660000000000004,0.0015668000000000001,True,True,1.0,minimum task annotation route,
oracle,test-document_processing-002,test,document_processing,invoice_reconcile,use_tool|execute_code|verify|answer,use_tool|execute_code|verify,True,79,79,3.1,0.00045840000000000003,0.0012666,True,True,1.0,minimum task annotation route,
oracle,test-document_processing-003,test,document_processing,date_normalize,use_tool|delegate|answer,use_tool|delegate,True,2024-04-13,2024-04-13,2.7,0.00045,0.00165,True,True,1.0,minimum task annotation route,
oracle,test-document_processing-004,test,document_processing,crossfield_check,decompose|use_tool|verify|answer,decompose|use_tool|verify,True,SW-8004,SW-8004,2.4,0.0004334,0.0013666,True,True,1.0,minimum task annotation route,
oracle,test-document_processing-005,test,document_processing,direct_literal,answer,,True,R005,R005,0.3,0.00042500000000000003,0.0007832000000000001,True,True,1.0,minimum task annotation route,
oracle,test-document_processing-006,test,document_processing,document_extract,use_tool|answer,use_tool,True,V-006,V-006,1.3,0.00042500000000000003,0.0015,True,True,1.0,minimum task annotation route,
oracle,test-document_processing-007,test,document_processing,invoice_reconcile,use_tool|execute_code|verify|answer,use_tool|execute_code|verify,True,77,77,3.1,0.0004418,0.0011834,True,True,1.0,minimum task annotation route,
oracle,test-document_processing-008,test,document_processing,date_normalize,use_tool|delegate|answer,use_tool|delegate,True,2026-09-18,2026-09-18,2.7,0.0004334,0.001575,True,True,1.0,minimum task annotation route,
oracle,test-document_processing-009,test,document_processing,crossfield_check,decompose|use_tool|verify|answer,decompose|use_tool|verify,True,NE-8009,NE-8009,2.4,0.00041660000000000004,0.0012666,True,True,1.0,minimum task annotation route,
oracle,test-document_processing-010,test,document_processing,direct_literal,answer,,True,R010,R010,0.3,0.0004168,0.0007915999999999999,True,True,1.0,minimum task annotation route,
oracle,test-document_processing-011,test,document_processing,document_extract,use_tool|answer,use_tool,True,V-011,V-011,1.3,0.00042500000000000003,0.0014168,True,True,1.0,minimum task annotation route,
oracle,test-document_processing-012,test,document_processing,invoice_reconcile,use_tool|execute_code|verify|answer,use_tool|execute_code|verify,True,65,65,3.1,0.00041660000000000004,0.0012083999999999999,True,True,1.0,minimum task annotation route,
oracle,test-document_processing-013,test,document_processing,date_normalize,use_tool|delegate|answer,use_tool|delegate,True,2025-05-23,2025-05-23,2.7,0.00041660000000000004,0.0015,True,True,1.0,minimum task annotation route,
oracle,test-document_processing-014,test,document_processing,crossfield_check,decompose|use_tool|verify|answer,decompose|use_tool|verify,True,CE-8014,CE-8014,2.4,0.00042500000000000003,0.0012749999999999999,True,True,1.0,minimum task annotation route,
oracle,test-document_processing-015,test,document_processing,direct_literal,answer,,True,R015,R015,0.3,0.00041660000000000004,0.0007918,True,True,1.0,minimum task annotation route,
oracle,test-document_processing-016,test,document_processing,document_extract,use_tool|answer,use_tool,True,V-016,V-016,1.3,0.0004416,0.0014416,True,True,1.0,minimum task annotation route,
oracle,test-document_processing-017,test,document_processing,invoice_reconcile,use_tool|execute_code|verify|answer,use_tool|execute_code|verify,True,93,93,3.1,0.0004332,0.0011665999999999998,True,True,1.0,minimum task annotation route,
oracle,test-document_processing-018,test,document_processing,date_normalize,use_tool|delegate|answer,use_tool|delegate,True,2024-01-13,2024-01-13,2.7,0.00042500000000000003,0.0015084,True,True,1.0,minimum task annotation route,
oracle,test-document_processing-019,test,document_processing,crossfield_check,decompose|use_tool|verify|answer,decompose|use_tool|verify,True,SW-8019,SW-8019,2.4,0.0004334,0.0012749999999999999,True,True,1.0,minimum task annotation route,
oracle,test-document_processing-020,test,document_processing,direct_literal,answer,,True,R020,R020,0.3,0.0004,0.0007832000000000001,True,True,1.0,minimum task annotation route,
oracle,test-document_processing-021,test,document_processing,document_extract,use_tool|answer,use_tool,True,V-021,V-021,1.3,0.00042500000000000003,0.0014084,True,True,1.0,minimum task annotation route,
oracle,test-document_processing-022,test,document_processing,invoice_reconcile,use_tool|execute_code|verify|answer,use_tool|execute_code|verify,True,64,64,3.1,0.00041660000000000004,0.0011668,True,True,1.0,minimum task annotation route,
oracle,test-document_processing-023,test,document_processing,date_normalize,use_tool|delegate|answer,use_tool|delegate,True,2026-06-18,2026-06-18,2.7,0.00042500000000000003,0.0015,True,True,1.0,minimum task annotation route,
oracle,test-document_processing-024,test,document_processing,crossfield_check,decompose|use_tool|verify|answer,decompose|use_tool|verify,True,NE-8024,NE-8024,2.4,0.00041660000000000004,0.0012668,True,True,1.0,minimum task annotation route,
oracle,test-document_processing-025,test,document_processing,direct_literal,answer,,True,R025,R025,0.3,0.0004084,0.0007834000000000001,True,True,1.0,minimum task annotation route,
oracle,test-document_processing-026,test,document_processing,document_extract,use_tool|answer,use_tool,True,V-026,V-026,1.3,0.00042500000000000003,0.0013834000000000001,True,True,1.0,minimum task annotation route,
oracle,test-document_processing-027,test,document_processing,invoice_reconcile,use_tool|execute_code|verify|answer,use_tool|execute_code|verify,True,70,70,3.1,0.00041660000000000004,0.0011665999999999998,True,True,1.0,minimum task annotation route,
oracle,test-document_processing-028,test,document_processing,date_normalize,use_tool|delegate|answer,use_tool|delegate,True,2025-02-23,2025-02-23,2.7,0.0004334,0.0015084,True,True,1.0,minimum task annotation route,
oracle,test-document_processing-029,test,document_processing,crossfield_check,decompose|use_tool|verify|answer,decompose|use_tool|verify,True,CE-8029,CE-8029,2.4,0.00040819999999999995,0.0012418,True,True,1.0,minimum task annotation route,
oracle,test-document_processing-030,test,document_processing,direct_literal,answer,,True,R030,R030,0.3,0.00041660000000000004,0.0007918,True,True,1.0,minimum task annotation route,
oracle,test-document_processing-031,test,document_processing,document_extract,use_tool|answer,use_tool,True,V-031,V-031,1.3,0.00042500000000000003,0.001425,True,True,1.0,minimum task annotation route,
oracle,test-document_processing-032,test,document_processing,invoice_reconcile,use_tool|execute_code|verify|answer,use_tool|execute_code|verify,True,86,86,3.1,0.00042500000000000003,0.0011582,True,True,1.0,minimum task annotation route,
oracle,test-document_processing-033,test,document_processing,date_normalize,use_tool|delegate|answer,use_tool|delegate,True,2024-07-13,2024-07-13,2.7,0.00042500000000000003,0.0014834,True,True,1.0,minimum task annotation route,
oracle,test-document_processing-034,test,document_processing,crossfield_check,decompose|use_tool|verify|answer,decompose|use_tool|verify,True,SW-8034,SW-8034,2.4,0.00041660000000000004,0.0012416,True,True,1.0,minimum task annotation route,
oracle,test-document_processing-035,test,document_processing,direct_literal,answer,,True,R035,R035,0.3,0.0004168,0.0008166,True,True,1.0,minimum task annotation route,
