policy,task_id,split,workload,kind,actions,required_actions,success,answer,expected_answer,cost,route_latency_ms,execution_latency_ms,within_cost_budget,route_exact_match,confidence,rationale,failure_mode
full,test-data_analysis-000,test,data_analysis,direct_literal,use_tool|answer,,True,R000,R000,1.3,0.0997166,0.019275,True,False,0.5651427533341927,calibrated text predictions composed under action and cost budgets,
full,test-data_analysis-001,test,data_analysis,aggregate,execute_code|answer,execute_code,True,36,36,1.45,0.1232918,0.00165,True,True,0.7372266080698744,calibrated text predictions composed under action and cost budgets,
full,test-data_analysis-002,test,data_analysis,filtered_sum,decompose|execute_code|answer,decompose|execute_code,True,38,38,1.9,0.2649,0.0036165999999999998,True,True,0.9740769264984062,calibrated text predictions composed under action and cost budgets,
full,test-data_analysis-003,test,data_analysis,direct_literal,use_tool|answer,,True,R003,R003,1.3,0.0929334,0.00125,True,False,0.5814456154781409,calibrated text predictions composed under action and cost budgets,
full,test-data_analysis-004,test,data_analysis,aggregate,execute_code|answer,execute_code,True,38,38,1.45,0.11755,0.001125,True,True,0.740344432313894,calibrated text predictions composed under action and cost budgets,
full,test-data_analysis-005,test,data_analysis,filtered_sum,decompose|execute_code|answer,decompose|execute_code,True,26,26,1.9,0.24747499999999997,0.002175,True,True,0.945147827595004,calibrated text predictions composed under action and cost budgets,
full,test-data_analysis-006,test,data_analysis,direct_literal,use_tool|answer,,True,R006,R006,1.3,0.0937666,0.0013166,True,False,0.5848613971725652,calibrated text predictions composed under action and cost budgets,
full,test-data_analysis-007,test,data_analysis,aggregate,execute_code|answer,execute_code,True,35,35,1.45,0.1197416,0.0011582,True,True,0.7386678154306422,calibrated text predictions composed under action and cost budgets,
full,test-data_analysis-008,test,data_analysis,filtered_sum,decompose|execute_code|answer,decompose|execute_code,True,44,44,1.9,0.2584084,0.001375,True,True,0.9837532576750537,calibrated text predictions composed under action and cost budgets,
full,test-data_analysis-009,test,data_analysis,direct_literal,use_tool|answer,,True,R009,R009,1.3,0.0934416,0.0010666,True,False,0.5799969241774906,calibrated text predictions composed under action and cost budgets,
full,test-data_analysis-010,test,data_analysis,aggregate,execute_code|answer,execute_code,True,36,36,1.45,0.120125,0.0010500000000000002,True,True,0.7183924054770046,calibrated text predictions composed under action and cost budgets,
full,test-data_analysis-011,test,data_analysis,filtered_sum,decompose|execute_code|answer,decompose|execute_code,True,53,53,1.9,0.2603584,0.0016416,True,True,0.9838364861725815,calibrated text predictions composed under action and cost budgets,
full,test-data_analysis-012,test,data_analysis,direct_literal,use_tool|answer,,True,R012,R012,1.3,0.0960666,0.0010500000000000002,True,False,0.5692365213251116,calibrated text predictions composed under action and cost budgets,
full,test-data_analysis-013,test,data_analysis,aggregate,execute_code|answer,execute_code,True,35,35,1.45,0.1222,0.0010084,True,True,0.8103346585208161,calibrated text predictions composed under action and cost budgets,
full,test-data_analysis-014,test,data_analysis,filtered_sum,decompose|execute_code|answer,decompose|execute_code,True,42,42,1.9,0.2686416,0.0021666000000000003,True,True,0.9749719105833208,calibrated text predictions composed under action and cost budgets,
full,test-data_analysis-015,test,data_analysis,direct_literal,use_tool|answer,,True,R015,R015,1.3,0.0964418,0.0012916,True,False,0.5599407345124168,calibrated text predictions composed under action and cost budgets,
full,test-data_analysis-016,test,data_analysis,aggregate,execute_code|answer,execute_code,True,39,39,1.45,0.1219168,0.001175,True,True,0.6991726249151425,calibrated text predictions composed under action and cost budgets,
full,test-data_analysis-017,test,data_analysis,filtered_sum,decompose|execute_code|answer,decompose|execute_code,True,68,68,1.9,0.2572334,0.0014332,True,True,0.972015227597957,calibrated text predictions composed under action and cost budgets,
full,test-data_analysis-018,test,data_analysis,direct_literal,use_tool|answer,,True,R018,R018,1.3,0.096625,0.0010500000000000002,True,False,0.5751072392653581,calibrated text predictions composed under action and cost budgets,
full,test-data_analysis-019,test,data_analysis,aggregate,execute_code|answer,execute_code,True,36,36,1.45,0.12562500000000001,0.0010584,True,True,0.7230659288018142,calibrated text predictions composed under action and cost budgets,
full,test-data_analysis-020,test,data_analysis,filtered_sum,decompose|execute_code|answer,decompose|execute_code,True,38,38,1.9,0.2533584,0.001325,True,True,0.9631634738933741,calibrated text predictions composed under action and cost budgets,
full,test-data_analysis-021,test,data_analysis,direct_literal,use_tool|answer,,True,R021,R021,1.3,0.09853340000000001,0.0018249999999999998,True,False,0.5726874041355436,calibrated text predictions composed under action and cost budgets,
full,test-data_analysis-022,test,data_analysis,aggregate,execute_code|answer,execute_code,True,40,40,1.45,0.12890839999999998,0.0010416,True,True,0.7884062345190904,calibrated text predictions composed under action and cost budgets,
full,test-data_analysis-023,test,data_analysis,filtered_sum,decompose|execute_code|answer,decompose|execute_code,True,45,45,1.9,0.2652084,0.00135,True,True,0.9721310132279599,calibrated text predictions composed under action and cost budgets,
full,test-data_analysis-024,test,data_analysis,direct_literal,use_tool|answer,,True,R024,R024,1.3,0.0953334,0.00115,True,False,0.5810585209480242,calibrated text predictions composed under action and cost budgets,
full,test-data_analysis-025,test,data_analysis,aggregate,execute_code|answer,execute_code,True,38,38,1.45,0.12169179999999999,0.0009832,True,True,0.7182141116438215,calibrated text predictions composed under action and cost budgets,
full,test-data_analysis-026,test,data_analysis,filtered_sum,decompose|execute_code|answer,decompose|execute_code,True,60,60,1.9,0.2812582,0.0016418,True,True,0.96329212424062,calibrated text predictions composed under action and cost budgets,
full,test-data_analysis-027,test,data_analysis,direct_literal,use_tool|answer,,True,R027,R027,1.3,0.09170819999999999,0.0011334000000000001,True,False,0.5834550427681531,calibrated text predictions composed under action and cost budgets,
full,test-data_analysis-028,test,data_analysis,aggregate,execute_code|answer,execute_code,True,40,40,1.45,0.1194084,0.0010916,True,True,0.7799848662067629,calibrated text predictions composed under action and cost budgets,
full,test-data_analysis-029,test,data_analysis,filtered_sum,decompose|execute_code|answer,decompose|execute_code,True,73,73,1.9,0.2508584,0.001375,True,True,0.9718285487990294,calibrated text predictions composed under action and cost budgets,
full,test-data_analysis-030,test,data_analysis,direct_literal,use_tool|answer,,True,R030,R030,1.3,0.094525,0.0010582,True,False,0.564146792933562,calibrated text predictions composed under action and cost budgets,
full,test-data_analysis-031,test,data_analysis,aggregate,execute_code|answer,execute_code,True,31,31,1.45,0.11897500000000001,0.0010500000000000002,True,True,0.7753046102052333,calibrated text predictions composed under action and cost budgets,
full,test-data_analysis-032,test,data_analysis,filtered_sum,decompose|execute_code|answer,decompose|execute_code,True,87,87,1.9,0.2490584,0.0013916,True,True,0.9649016395374423,calibrated text predictions composed under action and cost budgets,
full,test-data_analysis-033,test,data_analysis,direct_literal,use_tool|answer,,True,R033,R033,1.3,0.0937,0.0010416,True,False,0.5804807860467994,calibrated text predictions composed under action and cost budgets,
full,test-data_analysis-034,test,data_analysis,aggregate,execute_code|answer,execute_code,True,32,32,1.45,0.1239584,0.0010668000000000001,True,True,0.8135393774167426,calibrated text predictions composed under action and cost budgets,
full,test-data_analysis-035,test,data_analysis,filtered_sum,decompose|execute_code|answer,decompose|execute_code,True,37,37,1.9,0.2624082,0.0013666,True,True,0.9695160175610986,calibrated text predictions composed under action and cost budgets,
full,test-research-000,test,research,direct_literal,use_tool|answer,,True,R000,R000,1.3,0.0950916,0.0010418,True,False,0.5651427533341927,calibrated text predictions composed under action and cost budgets,
full,test-research-001,test,research,research_fact,use_tool|answer,use_tool,True,CODE-101,CODE-101,1.3,0.1280416,0.0016084,True,True,0.9543854846820877,calibrated text predictions composed under action and cost budgets,
full,test-research-002,test,research,research_multihop,decompose|use_tool|answer,decompose|use_tool,True,Oslo,Oslo,1.75,0.1399,0.0029666000000000002,True,True,0.9735735949333685,calibrated text predictions composed under action and cost budgets,
full,test-research-003,test,research,research_conflict,use_tool|verify|answer,use_tool|verify,True,active,active,1.95,0.1774084,0.0034916,True,True,0.8250117745145871,calibrated text predictions composed under action and cost budgets,
full,test-research-004,test,research,research_outage,delegate|answer,delegate,True,SP-304,SP-304,1.7,0.1509916,0.0011834,True,True,0.9977006548711119,calibrated text predictions composed under action and cost budgets,
full,test-research-005,test,research,direct_literal,use_tool|answer,,True,R005,R005,1.3,0.09255820000000001,0.0010834,True,False,0.5706654749581742,calibrated text predictions composed under action and cost budgets,
full,test-research-006,test,research,research_fact,use_tool|answer,use_tool,True,CODE-106,CODE-106,1.3,0.12397499999999999,0.0012918,True,True,0.954232624124796,calibrated text predictions composed under action and cost budgets,
full,test-research-007,test,research,research_multihop,decompose|use_tool|answer,decompose|use_tool,True,Lima,Lima,1.75,0.1372166,0.00215,True,True,0.9737044729529505,calibrated text predictions composed under action and cost budgets,
full,test-research-008,test,research,research_conflict,use_tool|verify|answer,use_tool|verify,True,completed,completed,1.95,0.168025,0.0014834,True,True,0.8250132854012151,calibrated text predictions composed under action and cost budgets,
full,test-research-009,test,research,research_outage,delegate|answer,delegate,True,SP-309,SP-309,1.7,0.1480832,0.000975,True,True,0.997697322446546,calibrated text predictions composed under action and cost budgets,
full,test-research-010,test,research,direct_literal,use_tool|answer,,True,R010,R010,1.3,0.0951916,0.0010082000000000001,True,False,0.5693120042353004,calibrated text predictions composed under action and cost budgets,
full,test-research-011,test,research,research_fact,use_tool|answer,use_tool,True,CODE-111,CODE-111,1.3,0.125575,0.0011582,True,True,0.941539911091139,calibrated text predictions composed under action and cost budgets,
full,test-research-012,test,research,research_multihop,decompose|use_tool|answer,decompose|use_tool,True,Montreal,Montreal,1.75,0.13905,0.0018499999999999999,True,True,0.9718198633580557,calibrated text predictions composed under action and cost budgets,
full,test-research-013,test,research,research_conflict,use_tool|verify|answer,use_tool|verify,True,active,active,1.95,0.1732418,0.0014918000000000002,True,True,0.8077052618644867,calibrated text predictions composed under action and cost budgets,
full,test-research-014,test,research,research_outage,delegate|answer,delegate,True,SP-314,SP-314,1.7,0.147975,0.0009332,True,True,0.9972509259376003,calibrated text predictions composed under action and cost budgets,
full,test-research-015,test,research,direct_literal,use_tool|answer,,True,R015,R015,1.3,0.094475,0.0010165999999999999,True,False,0.5599407345124168,calibrated text predictions composed under action and cost budgets,
full,test-research-016,test,research,research_fact,use_tool|answer,use_tool,True,CODE-116,CODE-116,1.3,0.12649159999999998,0.0011416,True,True,0.9455099269484215,calibrated text predictions composed under action and cost budgets,
full,test-research-017,test,research,research_multihop,decompose|use_tool|answer,decompose|use_tool,True,Nairobi,Nairobi,1.75,0.1358416,0.0017000000000000001,True,True,0.9725762781719828,calibrated text predictions composed under action and cost budgets,
full,test-research-018,test,research,research_conflict,use_tool|verify|answer,use_tool|verify,True,completed,completed,1.95,0.16425,0.0014166,True,True,0.8076599420704177,calibrated text predictions composed under action and cost budgets,
full,test-research-019,test,research,research_outage,delegate|answer,delegate,True,SP-319,SP-319,1.7,0.1479,0.0009666,True,True,0.9972858746845948,calibrated text predictions composed under action and cost budgets,
full,test-research-020,test,research,direct_literal,use_tool|answer,,True,R020,R020,1.3,0.09425839999999999,0.001,True,False,0.5603417667533546,calibrated text predictions composed under action and cost budgets,
full,test-research-021,test,research,research_fact,use_tool|answer,use_tool,True,CODE-121,CODE-121,1.3,0.1251834,0.00115,True,True,0.9431859362817648,calibrated text predictions composed under action and cost budgets,
full,test-research-022,test,research,research_multihop,decompose|use_tool|answer,decompose|use_tool,True,Oslo,Oslo,1.75,0.13671660000000002,0.0016250000000000001,True,True,0.9734223290419752,calibrated text predictions composed under action and cost budgets,
full,test-research-023,test,research,research_conflict,use_tool|verify|answer,use_tool|verify,True,active,active,1.95,0.163625,0.0013582,True,True,0.8116497928088516,calibrated text predictions composed under action and cost budgets,
full,test-research-024,test,research,research_outage,delegate|answer,delegate,True,SP-324,SP-324,1.7,0.1480166,0.0009668,True,True,0.9974141078873998,calibrated text predictions composed under action and cost budgets,
full,test-research-025,test,research,direct_literal,use_tool|answer,,True,R025,R025,1.3,0.0948832,0.0009834000000000002,True,False,0.5754034061636838,calibrated text predictions composed under action and cost budgets,
full,test-research-026,test,research,research_fact,use_tool|answer,use_tool,True,CODE-126,CODE-126,1.3,0.1230666,0.0011668,True,True,0.9494324163837713,calibrated text predictions composed under action and cost budgets,
full,test-research-027,test,research,research_multihop,decompose|use_tool|answer,decompose|use_tool,True,Lima,Lima,1.75,0.13556680000000002,0.0016584000000000002,True,True,0.9732272269830289,calibrated text predictions composed under action and cost budgets,
full,test-research-028,test,research,research_conflict,use_tool|verify|answer,use_tool|verify,True,completed,completed,1.95,0.162375,0.001375,True,True,0.820321990228726,calibrated text predictions composed under action and cost budgets,
full,test-research-029,test,research,research_outage,delegate|answer,delegate,True,SP-329,SP-329,1.7,0.1474166,0.0009668,True,True,0.9973405126240776,calibrated text predictions composed under action and cost budgets,
full,test-research-030,test,research,direct_literal,use_tool|answer,,True,R030,R030,1.3,0.09525,0.001,True,False,0.564146792933562,calibrated text predictions composed under action and cost budgets,
full,test-research-031,test,research,research_fact,use_tool|answer,use_tool,True,CODE-131,CODE-131,1.3,0.12725,0.0012834,True,True,0.9462316879678943,calibrated text predictions composed under action and cost budgets,
full,test-research-032,test,research,research_multihop,decompose|use_tool|answer,decompose|use_tool,True,Montreal,Montreal,1.75,0.1467166,0.0024334,True,True,0.9735342757181553,calibrated text predictions composed under action and cost budgets,
full,test-research-033,test,research,research_conflict,use_tool|verify|answer,use_tool|verify,True,active,active,1.95,0.1657416,0.0017250000000000002,True,True,0.8334690059690116,calibrated text predictions composed under action and cost budgets,
full,test-research-034,test,research,research_outage,delegate|answer,delegate,True,SP-334,SP-334,1.7,0.1472834,0.001075,True,True,0.9972890503695097,calibrated text predictions composed under action and cost budgets,
full,test-research-035,test,research,direct_literal,use_tool|answer,,True,R035,R035,1.3,0.09308340000000001,0.001025,True,False,0.5687796317550117,calibrated text predictions composed under action and cost budgets,
full,test-document_processing-000,test,document_processing,direct_literal,use_tool|answer,,True,R000,R000,1.3,0.0922666,0.0009834000000000002,True,False,0.5651427533341927,calibrated text predictions composed under action and cost budgets,
full,test-document_processing-001,test,document_processing,document_extract,use_tool|answer,use_tool,True,V-001,V-001,1.3,0.199275,0.0118,True,True,0.9999950040900308,calibrated text predictions composed under action and cost budgets,
full,test-document_processing-002,test,document_processing,invoice_reconcile,use_tool|execute_code|verify|answer,use_tool|execute_code|verify,True,79,79,3.1,0.2907,0.00215,True,True,0.9922945277117344,calibrated text predictions composed under action and cost budgets,
full,test-document_processing-003,test,document_processing,date_normalize,use_tool|delegate|answer,use_tool|delegate,True,2024-04-13,2024-04-13,2.7,0.2506334,0.0028334000000000002,True,True,0.9988342247065747,calibrated text predictions composed under action and cost budgets,
full,test-document_processing-004,test,document_processing,crossfield_check,decompose|use_tool|verify|answer,decompose|use_tool|verify,True,SW-8004,SW-8004,2.4,0.260975,0.0020834,True,True,0.9782056641324149,calibrated text predictions composed under action and cost budgets,
full,test-document_processing-005,test,document_processing,direct_literal,use_tool|answer,,True,R005,R005,1.3,0.0953834,0.001075,True,False,0.5706654749581742,calibrated text predictions composed under action and cost budgets,
full,test-document_processing-006,test,document_processing,document_extract,use_tool|answer,use_tool,True,V-006,V-006,1.3,0.18545,0.008083400000000001,True,True,0.9999924069707633,calibrated text predictions composed under action and cost budgets,
full,test-document_processing-007,test,document_processing,invoice_reconcile,use_tool|execute_code|verify|answer,use_tool|execute_code|verify,True,77,77,3.1,0.3053916,0.0015834,True,True,0.9892423923137933,calibrated text predictions composed under action and cost budgets,
full,test-document_processing-008,test,document_processing,date_normalize,use_tool|delegate|answer,use_tool|delegate,True,2026-09-18,2026-09-18,2.7,0.245175,0.0022584,True,True,0.99901093859682,calibrated text predictions composed under action and cost budgets,
full,test-document_processing-009,test,document_processing,crossfield_check,decompose|use_tool|verify|answer,decompose|use_tool|verify,True,NE-8009,NE-8009,2.4,0.26259160000000004,0.0016666,True,True,0.9797020760275279,calibrated text predictions composed under action and cost budgets,
full,test-document_processing-010,test,document_processing,direct_literal,use_tool|answer,,True,R010,R010,1.3,0.0957082,0.0010500000000000002,True,False,0.5693120042353004,calibrated text predictions composed under action and cost budgets,
full,test-document_processing-011,test,document_processing,document_extract,use_tool|answer,use_tool,True,V-011,V-011,1.3,0.18660000000000002,0.0089084,True,True,0.9999858405070026,calibrated text predictions composed under action and cost budgets,
full,test-document_processing-012,test,document_processing,invoice_reconcile,use_tool|execute_code|verify|answer,use_tool|execute_code|verify,True,65,65,3.1,0.292375,0.0014834,True,True,0.9895279682685384,calibrated text predictions composed under action and cost budgets,
full,test-document_processing-013,test,document_processing,date_normalize,use_tool|delegate|answer,use_tool|delegate,True,2025-05-23,2025-05-23,2.7,0.25317500000000004,0.0018582000000000002,True,True,0.9985535571221675,calibrated text predictions composed under action and cost budgets,
full,test-document_processing-014,test,document_processing,crossfield_check,decompose|use_tool|verify|answer,decompose|use_tool|verify,True,CE-8014,CE-8014,2.4,0.2639582,0.0015834,True,True,0.9806236853325788,calibrated text predictions composed under action and cost budgets,
full,test-document_processing-015,test,document_processing,direct_literal,use_tool|answer,,True,R015,R015,1.3,0.09614160000000001,0.0010666,True,False,0.5599407345124168,calibrated text predictions composed under action and cost budgets,
full,test-document_processing-016,test,document_processing,document_extract,use_tool|answer,use_tool,True,V-016,V-016,1.3,0.20707499999999998,0.0022082,True,True,0.9999948433328925,calibrated text predictions composed under action and cost budgets,
full,test-document_processing-017,test,document_processing,invoice_reconcile,use_tool|execute_code|verify|answer,use_tool|execute_code|verify,True,93,93,3.1,0.2910584,0.0016416,True,True,0.9903278747728482,calibrated text predictions composed under action and cost budgets,
full,test-document_processing-018,test,document_processing,date_normalize,use_tool|delegate|answer,use_tool|delegate,True,2024-01-13,2024-01-13,2.7,0.2506,0.0021000000000000003,True,True,0.9989147664434046,calibrated text predictions composed under action and cost budgets,
full,test-document_processing-019,test,document_processing,crossfield_check,decompose|use_tool|verify|answer,decompose|use_tool|verify,True,SW-8019,SW-8019,2.4,0.2633918,0.0016332,True,True,0.979108803534611,calibrated text predictions composed under action and cost budgets,
full,test-document_processing-020,test,document_processing,direct_literal,use_tool|answer,,True,R020,R020,1.3,0.0952666,0.0010999999999999998,True,False,0.5603417667533546,calibrated text predictions composed under action and cost budgets,
full,test-document_processing-021,test,document_processing,document_extract,use_tool|answer,use_tool,True,V-021,V-021,1.3,0.1849,0.0017334,True,True,0.9999921264185898,calibrated text predictions composed under action and cost budgets,
full,test-document_processing-022,test,document_processing,invoice_reconcile,use_tool|execute_code|verify|answer,use_tool|execute_code|verify,True,64,64,3.1,0.28955000000000003,0.0015,True,True,0.9918292125717606,calibrated text predictions composed under action and cost budgets,
full,test-document_processing-023,test,document_processing,date_normalize,use_tool|delegate|answer,use_tool|delegate,True,2026-06-18,2026-06-18,2.7,0.24755,0.0017416,True,True,0.998739663050781,calibrated text predictions composed under action and cost budgets,
full,test-document_processing-024,test,document_processing,crossfield_check,decompose|use_tool|verify|answer,decompose|use_tool|verify,True,NE-8024,NE-8024,2.4,0.2602834,0.0014834,True,True,0.9796649200114601,calibrated text predictions composed under action and cost budgets,
full,test-document_processing-025,test,document_processing,direct_literal,use_tool|answer,,True,R025,R025,1.3,0.1013666,0.001225,True,False,0.5754034061636838,calibrated text predictions composed under action and cost budgets,
full,test-document_processing-026,test,document_processing,document_extract,use_tool|answer,use_tool,True,V-026,V-026,1.3,0.1804,0.0028918,True,True,0.9999862694177347,calibrated text predictions composed under action and cost budgets,
full,test-document_processing-027,test,document_processing,invoice_reconcile,use_tool|execute_code|verify|answer,use_tool|execute_code|verify,True,70,70,3.1,0.2910084,0.0014500000000000001,True,True,0.9924290907636367,calibrated text predictions composed under action and cost budgets,
full,test-document_processing-028,test,document_processing,date_normalize,use_tool|delegate|answer,use_tool|delegate,True,2025-02-23,2025-02-23,2.7,0.2508834,0.0019334,True,True,0.9987239599055867,calibrated text predictions composed under action and cost budgets,
full,test-document_processing-029,test,document_processing,crossfield_check,decompose|use_tool|verify|answer,decompose|use_tool|verify,True,CE-8029,CE-8029,2.4,0.2652666,0.00155,True,True,0.9800863443363207,calibrated text predictions composed under action and cost budgets,
full,test-document_processing-030,test,document_processing,direct_literal,use_tool|answer,,True,R030,R030,1.3,0.0948584,0.001025,True,False,0.564146792933562,calibrated text predictions composed under action and cost budgets,
full,test-document_processing-031,test,document_processing,document_extract,use_tool|answer,use_tool,True,V-031,V-031,1.3,0.1973584,0.0017082,True,True,0.9999948363239931,calibrated text predictions composed under action and cost budgets,
full,test-document_processing-032,test,document_processing,invoice_reconcile,use_tool|execute_code|verify|answer,use_tool|execute_code|verify,True,86,86,3.1,0.292825,0.0014500000000000001,True,True,0.9905361653839929,calibrated text predictions composed under action and cost budgets,
full,test-document_processing-033,test,document_processing,date_normalize,use_tool|delegate|answer,use_tool|delegate,True,2024-07-13,2024-07-13,2.7,0.2528916,0.0018499999999999999,True,True,0.9987378036744066,calibrated text predictions composed under action and cost budgets,
full,test-document_processing-034,test,document_processing,crossfield_check,decompose|use_tool|verify|answer,decompose|use_tool|verify,True,SW-8034,SW-8034,2.4,0.267525,0.0016166,True,True,0.9778452935126282,calibrated text predictions composed under action and cost budgets,
full,test-document_processing-035,test,document_processing,direct_literal,use_tool|answer,,True,R035,R035,1.3,0.0931916,0.0010084,True,False,0.5687796317550117,calibrated text predictions composed under action and cost budgets,
learned_one_shot,test-data_analysis-000,test,data_analysis,direct_literal,use_tool|answer,,True,R000,R000,1.3,0.09260840000000001,0.0010416,True,False,0.5651427533341927,highest calibrated raw-text operation probability,
learned_one_shot,test-data_analysis-001,test,data_analysis,aggregate,execute_code|answer,execute_code,True,36,36,1.45,0.11805000000000002,0.0011084,True,True,0.7372266080698744,highest calibrated raw-text operation probability,
learned_one_shot,test-data_analysis-002,test,data_analysis,filtered_sum,execute_code|answer,decompose|execute_code,False,131,38,1.45,0.25698319999999997,0.0015,True,False,0.9967283540507166,highest calibrated raw-text operation probability,incorrect_answer
learned_one_shot,test-data_analysis-003,test,data_analysis,direct_literal,use_tool|answer,,True,R003,R003,1.3,0.0928832,0.0010168,True,False,0.5814456154781409,highest calibrated raw-text operation probability,
learned_one_shot,test-data_analysis-004,test,data_analysis,aggregate,execute_code|answer,execute_code,True,38,38,1.45,0.1195084,0.0010084,True,True,0.740344432313894,highest calibrated raw-text operation probability,
learned_one_shot,test-data_analysis-005,test,data_analysis,filtered_sum,execute_code|answer,decompose|execute_code,False,93,26,1.45,0.2234918,0.0011834,True,False,0.988415907104697,highest calibrated raw-text operation probability,incorrect_answer
learned_one_shot,test-data_analysis-006,test,data_analysis,direct_literal,use_tool|answer,,True,R006,R006,1.3,0.0930166,0.001,True,False,0.5848613971725652,highest calibrated raw-text operation probability,
learned_one_shot,test-data_analysis-007,test,data_analysis,aggregate,execute_code|answer,execute_code,True,35,35,1.45,0.12155,0.0009916,True,True,0.7386678154306422,highest calibrated raw-text operation probability,
learned_one_shot,test-data_analysis-008,test,data_analysis,filtered_sum,execute_code|answer,decompose|execute_code,False,108,44,1.45,0.258375,0.0011918,True,False,0.9977216158557931,highest calibrated raw-text operation probability,incorrect_answer
learned_one_shot,test-data_analysis-009,test,data_analysis,direct_literal,use_tool|answer,,True,R009,R009,1.3,0.09255820000000001,0.0010082000000000001,True,False,0.5799969241774906,highest calibrated raw-text operation probability,
learned_one_shot,test-data_analysis-010,test,data_analysis,aggregate,execute_code|answer,execute_code,True,36,36,1.45,0.14702500000000002,0.0010082000000000001,True,True,0.7183924054770046,highest calibrated raw-text operation probability,
learned_one_shot,test-data_analysis-011,test,data_analysis,filtered_sum,execute_code|answer,decompose|execute_code,False,95,53,1.45,0.2588834,0.0012334,True,False,0.9977489396458508,highest calibrated raw-text operation probability,incorrect_answer
learned_one_shot,test-data_analysis-012,test,data_analysis,direct_literal,use_tool|answer,,True,R012,R012,1.3,0.0950834,0.0010165999999999999,True,False,0.5692365213251116,highest calibrated raw-text operation probability,
learned_one_shot,test-data_analysis-013,test,data_analysis,aggregate,execute_code|answer,execute_code,True,35,35,1.45,0.119225,0.0010333999999999999,True,True,0.8103346585208161,highest calibrated raw-text operation probability,
learned_one_shot,test-data_analysis-014,test,data_analysis,filtered_sum,execute_code|answer,decompose|execute_code,False,120,42,1.45,0.2646168,0.001225,True,False,0.9971897262210894,highest calibrated raw-text operation probability,incorrect_answer
learned_one_shot,test-data_analysis-015,test,data_analysis,direct_literal,use_tool|answer,,True,R015,R015,1.3,0.100075,0.0010084,True,False,0.5599407345124168,highest calibrated raw-text operation probability,
learned_one_shot,test-data_analysis-016,test,data_analysis,aggregate,execute_code|answer,execute_code,True,39,39,1.45,0.12053339999999998,0.0009832,True,True,0.6991726249151425,highest calibrated raw-text operation probability,
learned_one_shot,test-data_analysis-017,test,data_analysis,filtered_sum,execute_code|answer,decompose|execute_code,False,105,68,1.45,0.25579999999999997,0.00115,True,False,0.996572669756523,highest calibrated raw-text operation probability,incorrect_answer
learned_one_shot,test-data_analysis-018,test,data_analysis,direct_literal,use_tool|answer,,True,R018,R018,1.3,0.0934334,0.001,True,False,0.5751072392653581,highest calibrated raw-text operation probability,
learned_one_shot,test-data_analysis-019,test,data_analysis,aggregate,execute_code|answer,execute_code,True,36,36,1.45,0.1208416,0.0009834000000000002,True,True,0.7230659288018142,highest calibrated raw-text operation probability,
learned_one_shot,test-data_analysis-020,test,data_analysis,filtered_sum,execute_code|answer,decompose|execute_code,False,112,38,1.45,0.246125,0.00115,True,False,0.994677136080552,highest calibrated raw-text operation probability,incorrect_answer
learned_one_shot,test-data_analysis-021,test,data_analysis,direct_literal,use_tool|answer,,True,R021,R021,1.3,0.0938584,0.0009834000000000002,True,False,0.5726874041355436,highest calibrated raw-text operation probability,
learned_one_shot,test-data_analysis-022,test,data_analysis,aggregate,execute_code|answer,execute_code,True,40,40,1.45,0.12365,0.0009916,True,True,0.7884062345190904,highest calibrated raw-text operation probability,
learned_one_shot,test-data_analysis-023,test,data_analysis,filtered_sum,execute_code|answer,decompose|execute_code,False,110,45,1.45,0.25671659999999996,0.0011834,True,False,0.9970832061736588,highest calibrated raw-text operation probability,incorrect_answer
learned_one_shot,test-data_analysis-024,test,data_analysis,direct_literal,use_tool|answer,,True,R024,R024,1.3,0.0946832,0.0009834000000000002,True,False,0.5810585209480242,highest calibrated raw-text operation probability,
learned_one_shot,test-data_analysis-025,test,data_analysis,aggregate,execute_code|answer,execute_code,True,38,38,1.45,0.1218666,0.0010333999999999999,True,True,0.7182141116438215,highest calibrated raw-text operation probability,
learned_one_shot,test-data_analysis-026,test,data_analysis,filtered_sum,execute_code|answer,decompose|execute_code,False,106,60,1.45,0.2513084,0.0011584,True,False,0.9971970610486689,highest calibrated raw-text operation probability,incorrect_answer
learned_one_shot,test-data_analysis-027,test,data_analysis,direct_literal,use_tool|answer,,True,R027,R027,1.3,0.099,0.0012166,True,False,0.5834550427681531,highest calibrated raw-text operation probability,
learned_one_shot,test-data_analysis-028,test,data_analysis,aggregate,execute_code|answer,execute_code,True,40,40,1.45,0.12189160000000002,0.0011416,True,True,0.7799848662067629,highest calibrated raw-text operation probability,
learned_one_shot,test-data_analysis-029,test,data_analysis,filtered_sum,execute_code|answer,decompose|execute_code,False,106,73,1.45,0.25111659999999997,0.0013,True,False,0.9952033809733198,highest calibrated raw-text operation probability,incorrect_answer
learned_one_shot,test-data_analysis-030,test,data_analysis,direct_literal,use_tool|answer,,True,R030,R030,1.3,0.09615,0.000975,True,False,0.564146792933562,highest calibrated raw-text operation probability,
learned_one_shot,test-data_analysis-031,test,data_analysis,aggregate,execute_code|answer,execute_code,True,31,31,1.45,0.11674999999999999,0.001,True,True,0.7753046102052333,highest calibrated raw-text operation probability,
learned_one_shot,test-data_analysis-032,test,data_analysis,filtered_sum,execute_code|answer,decompose|execute_code,False,111,87,1.45,0.24984160000000002,0.0012083999999999999,True,False,0.9964994616160635,highest calibrated raw-text operation probability,incorrect_answer
learned_one_shot,test-data_analysis-033,test,data_analysis,direct_literal,use_tool|answer,,True,R033,R033,1.3,0.0928668,0.001025,True,False,0.5804807860467994,highest calibrated raw-text operation probability,
learned_one_shot,test-data_analysis-034,test,data_analysis,aggregate,execute_code|answer,execute_code,True,32,32,1.45,0.1244,0.000975,True,True,0.8135393774167426,highest calibrated raw-text operation probability,
learned_one_shot,test-data_analysis-035,test,data_analysis,filtered_sum,execute_code|answer,decompose|execute_code,False,103,37,1.45,0.27135,0.0016584000000000002,True,False,0.9975194314077536,highest calibrated raw-text operation probability,incorrect_answer
learned_one_shot,test-research-000,test,research,direct_literal,use_tool|answer,,True,R000,R000,1.3,0.0985084,0.0011168,True,False,0.5651427533341927,highest calibrated raw-text operation probability,
learned_one_shot,test-research-001,test,research,research_fact,use_tool|answer,use_tool,True,CODE-101,CODE-101,1.3,0.1214,0.0012584,True,True,0.9543854846820877,highest calibrated raw-text operation probability,
learned_one_shot,test-research-002,test,research,research_multihop,use_tool|answer,decompose|use_tool,False,Lab-02,Oslo,1.3,0.13359179999999998,0.0015082,True,False,0.9842354687620449,highest calibrated raw-text operation probability,incorrect_answer
learned_one_shot,test-research-003,test,research,research_conflict,use_tool|answer,use_tool|verify,False,paused,active,1.3,0.163875,0.0012000000000000001,True,False,0.995586356412692,highest calibrated raw-text operation probability,incorrect_answer
learned_one_shot,test-research-004,test,research,research_outage,delegate|answer,delegate,True,SP-304,SP-304,1.7,0.1477584,0.0010165999999999999,True,True,0.9977006548711119,highest calibrated raw-text operation probability,
learned_one_shot,test-research-005,test,research,direct_literal,use_tool|answer,,True,R005,R005,1.3,0.09425839999999999,0.001075,True,False,0.5706654749581742,highest calibrated raw-text operation probability,
learned_one_shot,test-research-006,test,research,research_fact,use_tool|answer,use_tool,True,CODE-106,CODE-106,1.3,0.125125,0.0012082,True,True,0.954232624124796,highest calibrated raw-text operation probability,
learned_one_shot,test-research-007,test,research,research_multihop,use_tool|answer,decompose|use_tool,False,Lab-07,Lima,1.3,0.1377,0.001375,True,False,0.9839318060866045,highest calibrated raw-text operation probability,incorrect_answer
learned_one_shot,test-research-008,test,research,research_conflict,use_tool|answer,use_tool|verify,False,active,completed,1.3,0.1643832,0.0011168,True,False,0.9955278465461221,highest calibrated raw-text operation probability,incorrect_answer
learned_one_shot,test-research-009,test,research,research_outage,delegate|answer,delegate,True,SP-309,SP-309,1.7,0.1475832,0.000975,True,True,0.997697322446546,highest calibrated raw-text operation probability,
learned_one_shot,test-research-010,test,research,direct_literal,use_tool|answer,,True,R010,R010,1.3,0.093625,0.0009916,True,False,0.5693120042353004,highest calibrated raw-text operation probability,
learned_one_shot,test-research-011,test,research,research_fact,use_tool|answer,use_tool,True,CODE-111,CODE-111,1.3,0.123875,0.0011582,True,True,0.941539911091139,highest calibrated raw-text operation probability,
learned_one_shot,test-research-012,test,research,research_multihop,use_tool|answer,decompose|use_tool,False,Lab-12,Montreal,1.3,0.13574999999999998,0.00135,True,False,0.9788089987738408,highest calibrated raw-text operation probability,incorrect_answer
learned_one_shot,test-research-013,test,research,research_conflict,use_tool|answer,use_tool|verify,False,paused,active,1.3,0.16225,0.0010666,True,False,0.9949645989779371,highest calibrated raw-text operation probability,incorrect_answer
learned_one_shot,test-research-014,test,research,research_outage,delegate|answer,delegate,True,SP-314,SP-314,1.7,0.1462668,0.00095,True,True,0.9972509259376003,highest calibrated raw-text operation probability,
learned_one_shot,test-research-015,test,research,direct_literal,use_tool|answer,,True,R015,R015,1.3,0.0949334,0.0009916,True,False,0.5599407345124168,highest calibrated raw-text operation probability,
learned_one_shot,test-research-016,test,research,research_fact,use_tool|answer,use_tool,True,CODE-116,CODE-116,1.3,0.12430840000000001,0.0011665999999999998,True,True,0.9455099269484215,highest calibrated raw-text operation probability,
learned_one_shot,test-research-017,test,research,research_multihop,use_tool|answer,decompose|use_tool,False,Lab-17,Nairobi,1.3,0.1358916,0.0012749999999999999,True,False,0.9806494663091272,highest calibrated raw-text operation probability,incorrect_answer
learned_one_shot,test-research-018,test,research,research_conflict,use_tool|answer,use_tool|verify,False,active,completed,1.3,0.16735,0.0010999999999999998,True,False,0.9951183315228928,highest calibrated raw-text operation probability,incorrect_answer
learned_one_shot,test-research-019,test,research,research_outage,delegate|answer,delegate,True,SP-319,SP-319,1.7,0.1565,0.0010834,True,True,0.9972858746845948,highest calibrated raw-text operation probability,
learned_one_shot,test-research-020,test,research,direct_literal,use_tool|answer,,True,R020,R020,1.3,0.0964918,0.0010333999999999999,True,False,0.5603417667533546,highest calibrated raw-text operation probability,
learned_one_shot,test-research-021,test,research,research_fact,use_tool|answer,use_tool,True,CODE-121,CODE-121,1.3,0.1250084,0.0012416,True,True,0.9431859362817648,highest calibrated raw-text operation probability,
learned_one_shot,test-research-022,test,research,research_multihop,use_tool|answer,decompose|use_tool,False,Lab-22,Oslo,1.3,0.1359918,0.0015831999999999999,True,False,0.9808667922842375,highest calibrated raw-text operation probability,incorrect_answer
learned_one_shot,test-research-023,test,research,research_conflict,use_tool|answer,use_tool|verify,False,paused,active,1.3,0.16360840000000001,0.0023166,True,False,0.9951451998481308,highest calibrated raw-text operation probability,incorrect_answer
learned_one_shot,test-research-024,test,research,research_outage,delegate|answer,delegate,True,SP-324,SP-324,1.7,0.1632084,0.0011584,True,True,0.9974141078873998,highest calibrated raw-text operation probability,
learned_one_shot,test-research-025,test,research,direct_literal,use_tool|answer,,True,R025,R025,1.3,0.09365,0.0010834,True,False,0.5754034061636838,highest calibrated raw-text operation probability,
learned_one_shot,test-research-026,test,research,research_fact,use_tool|answer,use_tool,True,CODE-126,CODE-126,1.3,0.1209668,0.0011834,True,True,0.9494324163837713,highest calibrated raw-text operation probability,
learned_one_shot,test-research-027,test,research,research_multihop,use_tool|answer,decompose|use_tool,False,Lab-27,Lima,1.3,0.13551660000000001,0.0014168,True,False,0.9824648308161547,highest calibrated raw-text operation probability,incorrect_answer
learned_one_shot,test-research-028,test,research,research_conflict,use_tool|answer,use_tool|verify,False,active,completed,1.3,0.1646166,0.0011834,True,False,0.9950841190667225,highest calibrated raw-text operation probability,incorrect_answer
learned_one_shot,test-research-029,test,research,research_outage,delegate|answer,delegate,True,SP-329,SP-329,1.7,0.14614180000000002,0.0009834000000000002,True,True,0.9973405126240776,highest calibrated raw-text operation probability,
learned_one_shot,test-research-030,test,research,direct_literal,use_tool|answer,,True,R030,R030,1.3,0.0947334,0.000975,True,False,0.564146792933562,highest calibrated raw-text operation probability,
learned_one_shot,test-research-031,test,research,research_fact,use_tool|answer,use_tool,True,CODE-131,CODE-131,1.3,0.12434179999999999,0.0010999999999999998,True,True,0.9462316879678943,highest calibrated raw-text operation probability,
learned_one_shot,test-research-032,test,research,research_multihop,use_tool|answer,decompose|use_tool,False,Lab-32,Montreal,1.3,0.1402166,0.0013,True,False,0.9821882544739118,highest calibrated raw-text operation probability,incorrect_answer
learned_one_shot,test-research-033,test,research,research_conflict,use_tool|answer,use_tool|verify,False,paused,active,1.3,0.16575,0.001075,True,False,0.9954391753995808,highest calibrated raw-text operation probability,incorrect_answer
learned_one_shot,test-research-034,test,research,research_outage,delegate|answer,delegate,True,SP-334,SP-334,1.7,0.1477834,0.0009334,True,True,0.9972890503695097,highest calibrated raw-text operation probability,
learned_one_shot,test-research-035,test,research,direct_literal,use_tool|answer,,True,R035,R035,1.3,0.09428339999999999,0.0009832,True,False,0.5687796317550117,highest calibrated raw-text operation probability,
learned_one_shot,test-document_processing-000,test,document_processing,direct_literal,use_tool|answer,,True,R000,R000,1.3,0.0930416,0.0009668,True,False,0.5651427533341927,highest calibrated raw-text operation probability,
learned_one_shot,test-document_processing-001,test,document_processing,document_extract,use_tool|answer,use_tool,True,V-001,V-001,1.3,0.1824916,0.0016418,True,True,0.9999950040900308,highest calibrated raw-text operation probability,
learned_one_shot,test-document_processing-002,test,document_processing,invoice_reconcile,use_tool|answer,use_tool|execute_code|verify,False,77,79,1.3,0.2921668,0.00115,True,False,0.9999773998197525,highest calibrated raw-text operation probability,incorrect_answer
learned_one_shot,test-document_processing-003,test,document_processing,date_normalize,use_tool|answer,use_tool|delegate,False,13/04/2024,2024-04-13,1.3,0.249975,0.001175,True,False,0.9996048166072078,highest calibrated raw-text operation probability,incorrect_answer
learned_one_shot,test-document_processing-004,test,document_processing,crossfield_check,use_tool|answer,decompose|use_tool|verify,False,SW,SW-8004,1.3,0.2631,0.0010999999999999998,True,False,0.9999698791442359,highest calibrated raw-text operation probability,incorrect_answer
learned_one_shot,test-document_processing-005,test,document_processing,direct_literal,use_tool|answer,,True,R005,R005,1.3,0.0954416,0.001025,True,False,0.5706654749581742,highest calibrated raw-text operation probability,
learned_one_shot,test-document_processing-006,test,document_processing,document_extract,use_tool|answer,use_tool,True,V-006,V-006,1.3,0.1852916,0.0016416,True,True,0.9999924069707633,highest calibrated raw-text operation probability,
learned_one_shot,test-document_processing-007,test,document_processing,invoice_reconcile,use_tool|answer,use_tool|execute_code|verify,False,80,77,1.3,0.29500000000000004,0.0010500000000000002,True,False,0.9999792437324173,highest calibrated raw-text operation probability,incorrect_answer
learned_one_shot,test-document_processing-008,test,document_processing,date_normalize,use_tool|answer,use_tool|delegate,False,09/18/2026,2026-09-18,1.3,0.259225,0.0011416,True,False,0.9995916852759107,highest calibrated raw-text operation probability,incorrect_answer
learned_one_shot,test-document_processing-009,test,document_processing,crossfield_check,use_tool|answer,decompose|use_tool|verify,False,NE,NE-8009,1.3,0.2870332,0.0015332,True,False,0.9999686482620905,highest calibrated raw-text operation probability,incorrect_answer
learned_one_shot,test-document_processing-010,test,document_processing,direct_literal,use_tool|answer,,True,R010,R010,1.3,0.09357499999999999,0.0010584,True,False,0.5693120042353004,highest calibrated raw-text operation probability,
learned_one_shot,test-document_processing-011,test,document_processing,document_extract,use_tool|answer,use_tool,True,V-011,V-011,1.3,0.1765334,0.00215,True,True,0.9999858405070026,highest calibrated raw-text operation probability,
learned_one_shot,test-document_processing-012,test,document_processing,invoice_reconcile,use_tool|answer,use_tool|execute_code|verify,False,63,65,1.3,0.28525839999999997,0.0012083999999999999,True,False,0.9999777012809438,highest calibrated raw-text operation probability,incorrect_answer
learned_one_shot,test-document_processing-013,test,document_processing,date_normalize,use_tool|answer,use_tool|delegate,False,23/05/2025,2025-05-23,1.3,0.2488084,0.001225,True,False,0.999589614349788,highest calibrated raw-text operation probability,incorrect_answer
learned_one_shot,test-document_processing-014,test,document_processing,crossfield_check,use_tool|answer,decompose|use_tool|verify,False,CE,CE-8014,1.3,0.2649334,0.0010999999999999998,True,False,0.9999664671248134,highest calibrated raw-text operation probability,incorrect_answer
learned_one_shot,test-document_processing-015,test,document_processing,direct_literal,use_tool|answer,,True,R015,R015,1.3,0.095275,0.0010332,True,False,0.5599407345124168,highest calibrated raw-text operation probability,
learned_one_shot,test-document_processing-016,test,document_processing,document_extract,use_tool|answer,use_tool,True,V-016,V-016,1.3,0.1810416,0.001675,True,True,0.9999948433328925,highest calibrated raw-text operation probability,
learned_one_shot,test-document_processing-017,test,document_processing,invoice_reconcile,use_tool|answer,use_tool|execute_code|verify,False,96,93,1.3,0.2888834,0.0010916,True,False,0.9999759816312275,highest calibrated raw-text operation probability,incorrect_answer
learned_one_shot,test-document_processing-018,test,document_processing,date_normalize,use_tool|answer,use_tool|delegate,False,01/13/2024,2024-01-13,1.3,0.2602166,0.0015,True,False,0.9995601772952175,highest calibrated raw-text operation probability,incorrect_answer
learned_one_shot,test-document_processing-019,test,document_processing,crossfield_check,use_tool|answer,decompose|use_tool|verify,False,SW,SW-8019,1.3,0.263525,0.0011166000000000001,True,False,0.999968780639226,highest calibrated raw-text operation probability,incorrect_answer
learned_one_shot,test-document_processing-020,test,document_processing,direct_literal,use_tool|answer,,True,R020,R020,1.3,0.0943,0.0010332,True,False,0.5603417667533546,highest calibrated raw-text operation probability,
learned_one_shot,test-document_processing-021,test,document_processing,document_extract,use_tool|answer,use_tool,True,V-021,V-021,1.3,0.1881334,0.0018582000000000002,True,True,0.9999921264185898,highest calibrated raw-text operation probability,
learned_one_shot,test-document_processing-022,test,document_processing,invoice_reconcile,use_tool|answer,use_tool|execute_code|verify,False,62,64,1.3,0.29165,0.0012834,True,False,0.9999749442571844,highest calibrated raw-text operation probability,incorrect_answer
learned_one_shot,test-document_processing-023,test,document_processing,date_normalize,use_tool|answer,use_tool|delegate,False,18/06/2026,2026-06-18,1.3,0.2802,0.0013832,True,False,0.9996287074233,highest calibrated raw-text operation probability,incorrect_answer
learned_one_shot,test-document_processing-024,test,document_processing,crossfield_check,use_tool|answer,decompose|use_tool|verify,False,NE,NE-8024,1.3,0.2607084,0.0011166000000000001,True,False,0.9999687832046886,highest calibrated raw-text operation probability,incorrect_answer
learned_one_shot,test-document_processing-025,test,document_processing,direct_literal,use_tool|answer,,True,R025,R025,1.3,0.094125,0.0010666,True,False,0.5754034061636838,highest calibrated raw-text operation probability,
learned_one_shot,test-document_processing-026,test,document_processing,document_extract,use_tool|answer,use_tool,True,V-026,V-026,1.3,0.1799666,0.0017167999999999999,True,True,0.9999862694177347,highest calibrated raw-text operation probability,
learned_one_shot,test-document_processing-027,test,document_processing,invoice_reconcile,use_tool|answer,use_tool|execute_code|verify,False,73,70,1.3,0.3012416,0.00115,True,False,0.9999746864916715,highest calibrated raw-text operation probability,incorrect_answer
learned_one_shot,test-document_processing-028,test,document_processing,date_normalize,use_tool|answer,use_tool|delegate,False,02/23/2025,2025-02-23,1.3,0.2464334,0.001125,True,False,0.9995580958218871,highest calibrated raw-text operation probability,incorrect_answer
learned_one_shot,test-document_processing-029,test,document_processing,crossfield_check,use_tool|answer,decompose|use_tool|verify,False,CE,CE-8029,1.3,0.2629834,0.0010831999999999999,True,False,0.9999665763709569,highest calibrated raw-text operation probability,incorrect_answer
learned_one_shot,test-document_processing-030,test,document_processing,direct_literal,use_tool|answer,,True,R030,R030,1.3,0.0957584,0.0010165999999999999,True,False,0.564146792933562,highest calibrated raw-text operation probability,
learned_one_shot,test-document_processing-031,test,document_processing,document_extract,use_tool|answer,use_tool,True,V-031,V-031,1.3,0.1827918,0.0017416,True,True,0.9999948363239931,highest calibrated raw-text operation probability,
learned_one_shot,test-document_processing-032,test,document_processing,invoice_reconcile,use_tool|answer,use_tool|execute_code|verify,False,84,86,1.3,0.2892,0.0010668000000000001,True,False,0.9999743142647385,highest calibrated raw-text operation probability,incorrect_answer
learned_one_shot,test-document_processing-033,test,document_processing,date_normalize,use_tool|answer,use_tool|delegate,False,13/07/2024,2024-07-13,1.3,0.24979179999999998,0.0011082,True,False,0.9996120375646996,highest calibrated raw-text operation probability,incorrect_answer
learned_one_shot,test-document_processing-034,test,document_processing,crossfield_check,use_tool|answer,decompose|use_tool|verify,False,SW,SW-8034,1.3,0.2599666,0.001025,True,False,0.9999692246673878,highest calibrated raw-text operation probability,incorrect_answer
learned_one_shot,test-document_processing-035,test,document_processing,direct_literal,use_tool|answer,,True,R035,R035,1.3,0.09563340000000001,0.0009832,True,False,0.5687796317550117,highest calibrated raw-text operation probability,
word_only,test-data_analysis-000,test,data_analysis,direct_literal,answer,,True,R000,R000,0.3,0.015,0.0008583999999999999,True,True,0.7744025437318057,calibrated text predictions composed under action and cost budgets,
word_only,test-data_analysis-001,test,data_analysis,aggregate,execute_code|answer,execute_code,True,36,36,1.45,0.0191668,0.001125,True,True,0.6593369626385994,calibrated text predictions composed under action and cost budgets,
word_only,test-data_analysis-002,test,data_analysis,filtered_sum,decompose|execute_code|answer,decompose|execute_code,True,38,38,1.9,0.0355834,0.0014168,True,True,0.6754787107460771,calibrated text predictions composed under action and cost budgets,
word_only,test-data_analysis-003,test,data_analysis,direct_literal,answer,,True,R003,R003,0.3,0.0129916,0.000825,True,True,0.7720175069203375,calibrated text predictions composed under action and cost budgets,
word_only,test-data_analysis-004,test,data_analysis,aggregate,execute_code|answer,execute_code,True,38,38,1.45,0.0183,0.000975,True,True,0.6852247558032787,calibrated text predictions composed under action and cost budgets,
word_only,test-data_analysis-005,test,data_analysis,filtered_sum,decompose|execute_code|answer,decompose|execute_code,True,26,26,1.9,0.033283400000000005,0.0012416,True,True,0.5741714151164036,calibrated text predictions composed under action and cost budgets,
word_only,test-data_analysis-006,test,data_analysis,direct_literal,answer,,True,R006,R006,0.3,0.0131334,0.0008166,True,True,0.7720175069203375,calibrated text predictions composed under action and cost budgets,
word_only,test-data_analysis-007,test,data_analysis,aggregate,execute_code|answer,execute_code,True,35,35,1.45,0.0184668,0.0009666,True,True,0.6542110738521945,calibrated text predictions composed under action and cost budgets,
word_only,test-data_analysis-008,test,data_analysis,filtered_sum,decompose|execute_code|answer,decompose|execute_code,True,44,44,1.9,0.035941600000000004,0.0012000000000000001,True,True,0.7082861156639292,calibrated text predictions composed under action and cost budgets,
word_only,test-data_analysis-009,test,data_analysis,direct_literal,answer,,True,R009,R009,0.3,0.0167166,0.0014166,True,True,0.7720175069203375,calibrated text predictions composed under action and cost budgets,
word_only,test-data_analysis-010,test,data_analysis,aggregate,execute_code|answer,execute_code,True,36,36,1.45,0.0193334,0.0010666,True,True,0.6322986821878058,calibrated text predictions composed under action and cost budgets,
word_only,test-data_analysis-011,test,data_analysis,filtered_sum,decompose|execute_code|answer,decompose|execute_code,True,53,53,1.9,0.035316799999999995,0.0013166,True,True,0.7261622777782266,calibrated text predictions composed under action and cost budgets,
word_only,test-data_analysis-012,test,data_analysis,direct_literal,answer,,True,R012,R012,0.3,0.013166800000000001,0.0008334,True,True,0.7720175069203375,calibrated text predictions composed under action and cost budgets,
word_only,test-data_analysis-013,test,data_analysis,aggregate,execute_code|answer,execute_code,True,35,35,1.45,0.0182666,0.001025,True,True,0.815898690606642,calibrated text predictions composed under action and cost budgets,
word_only,test-data_analysis-014,test,data_analysis,filtered_sum,decompose|execute_code|answer,decompose|execute_code,True,42,42,1.9,0.0340584,0.0012416,True,True,0.6870744302702709,calibrated text predictions composed under action and cost budgets,
word_only,test-data_analysis-015,test,data_analysis,direct_literal,answer,,True,R015,R015,0.3,0.013566600000000002,0.0008750000000000001,True,True,0.7744025437318057,calibrated text predictions composed under action and cost budgets,
word_only,test-data_analysis-016,test,data_analysis,aggregate,execute_code|answer,execute_code,True,39,39,1.45,0.01765,0.0010082000000000001,True,True,0.5971663213503017,calibrated text predictions composed under action and cost budgets,
word_only,test-data_analysis-017,test,data_analysis,filtered_sum,decompose|execute_code|answer,decompose|execute_code,True,68,68,1.9,0.034366799999999996,0.0012666,True,True,0.6987604341802337,calibrated text predictions composed under action and cost budgets,
word_only,test-data_analysis-018,test,data_analysis,direct_literal,answer,,True,R018,R018,0.3,0.0131,0.0008834,True,True,0.7720175069203375,calibrated text predictions composed under action and cost budgets,
word_only,test-data_analysis-019,test,data_analysis,aggregate,execute_code|answer,execute_code,True,36,36,1.45,0.0185416,0.0009918,True,True,0.6766205234179037,calibrated text predictions composed under action and cost budgets,
word_only,test-data_analysis-020,test,data_analysis,filtered_sum,decompose|execute_code|answer,decompose|execute_code,True,38,38,1.9,0.0318334,0.0012083999999999999,True,True,0.631861592614004,calibrated text predictions composed under action and cost budgets,
word_only,test-data_analysis-021,test,data_analysis,direct_literal,answer,,True,R021,R021,0.3,0.0126916,0.000825,True,True,0.7720175069203375,calibrated text predictions composed under action and cost budgets,
word_only,test-data_analysis-022,test,data_analysis,aggregate,execute_code|answer,execute_code,True,40,40,1.45,0.01825,0.0009666,True,True,0.7694005012092942,calibrated text predictions composed under action and cost budgets,
word_only,test-data_analysis-023,test,data_analysis,filtered_sum,decompose|execute_code|answer,decompose|execute_code,True,45,45,1.9,0.0336834,0.0012083999999999999,True,True,0.6811921953091872,calibrated text predictions composed under action and cost budgets,
word_only,test-data_analysis-024,test,data_analysis,direct_literal,answer,,True,R024,R024,0.3,0.0126332,0.0008168,True,True,0.7720175069203375,calibrated text predictions composed under action and cost budgets,
word_only,test-data_analysis-025,test,data_analysis,aggregate,execute_code|answer,execute_code,True,38,38,1.45,0.0171416,0.0009249999999999999,True,True,0.6183207405446859,calibrated text predictions composed under action and cost budgets,
word_only,test-data_analysis-026,test,data_analysis,filtered_sum,decompose|execute_code|answer,decompose|execute_code,True,60,60,1.9,0.0349,0.0012749999999999999,True,True,0.6895198992410044,calibrated text predictions composed under action and cost budgets,
word_only,test-data_analysis-027,test,data_analysis,direct_literal,answer,,True,R027,R027,0.3,0.0165834,0.001025,True,True,0.7720175069203375,calibrated text predictions composed under action and cost budgets,
word_only,test-data_analysis-028,test,data_analysis,aggregate,execute_code|answer,execute_code,True,40,40,1.45,0.019275,0.0011084,True,True,0.8006055983916438,calibrated text predictions composed under action and cost budgets,
word_only,test-data_analysis-029,test,data_analysis,filtered_sum,decompose|execute_code|answer,decompose|execute_code,True,73,73,1.9,0.037825,0.0014334,True,True,0.678821175157202,calibrated text predictions composed under action and cost budgets,
word_only,test-data_analysis-030,test,data_analysis,direct_literal,answer,,True,R030,R030,0.3,0.0128666,0.000825,True,True,0.7744025437318057,calibrated text predictions composed under action and cost budgets,
word_only,test-data_analysis-031,test,data_analysis,aggregate,execute_code|answer,execute_code,True,31,31,1.45,0.0174582,0.0009584000000000001,True,True,0.7891986919511439,calibrated text predictions composed under action and cost budgets,
word_only,test-data_analysis-032,test,data_analysis,filtered_sum,decompose|execute_code|answer,decompose|execute_code,True,87,87,1.9,0.0329,0.0012166,True,True,0.6965202090338276,calibrated text predictions composed under action and cost budgets,
word_only,test-data_analysis-033,test,data_analysis,direct_literal,answer,,True,R033,R033,0.3,0.0121668,0.0008166,True,True,0.7720175069203375,calibrated text predictions composed under action and cost budgets,
word_only,test-data_analysis-034,test,data_analysis,aggregate,execute_code|answer,execute_code,True,32,32,1.45,0.019025,0.0009249999999999999,True,True,0.7752728672021602,calibrated text predictions composed under action and cost budgets,
word_only,test-data_analysis-035,test,data_analysis,filtered_sum,decompose|execute_code|answer,decompose|execute_code,True,37,37,1.9,0.03325,0.0011416,True,True,0.6951242879101968,calibrated text predictions composed under action and cost budgets,
word_only,test-research-000,test,research,direct_literal,answer,,True,R000,R000,0.3,0.012725,0.0008834,True,True,0.7744025437318057,calibrated text predictions composed under action and cost budgets,
word_only,test-research-001,test,research,research_fact,use_tool|answer,use_tool,True,CODE-101,CODE-101,1.3,0.0166,0.0012000000000000001,True,True,0.5499109863300389,calibrated text predictions composed under action and cost budgets,
word_only,test-research-002,test,research,research_multihop,decompose|use_tool|answer,decompose|use_tool,True,Oslo,Oslo,1.75,0.019758400000000002,0.0018832000000000002,True,True,0.6774408453341003,calibrated text predictions composed under action and cost budgets,
word_only,test-research-003,test,research,research_conflict,use_tool|answer,use_tool|verify,False,paused,active,1.3,0.0186332,0.001075,True,False,0.5835583424666144,calibrated text predictions composed under action and cost budgets,incorrect_answer
word_only,test-research-004,test,research,research_outage,answer,delegate,False,,SP-304,0.3,0.0163084,0.00041660000000000004,True,False,0.7976861545307086,calibrated text predictions composed under action and cost budgets,no_answer
word_only,test-research-005,test,research,direct_literal,answer,,True,R005,R005,0.3,0.0128666,0.0008500000000000001,True,True,0.7736207421818615,calibrated text predictions composed under action and cost budgets,
word_only,test-research-006,test,research,research_fact,use_tool|answer,use_tool,True,CODE-106,CODE-106,1.3,0.0165916,0.001075,True,True,0.5497385419079484,calibrated text predictions composed under action and cost budgets,
word_only,test-research-007,test,research,research_multihop,decompose|use_tool|answer,decompose|use_tool,True,Lima,Lima,1.75,0.0193584,0.0015666,True,True,0.6774458111919592,calibrated text predictions composed under action and cost budgets,
word_only,test-research-008,test,research,research_conflict,use_tool|answer,use_tool|verify,False,active,completed,1.3,0.0183666,0.0010916,True,False,0.583663034716833,calibrated text predictions composed under action and cost budgets,incorrect_answer
word_only,test-research-009,test,research,research_outage,answer,delegate,False,,SP-309,0.3,0.0160666,0.00035,True,False,0.7977423468785714,calibrated text predictions composed under action and cost budgets,no_answer
word_only,test-research-010,test,research,direct_literal,answer,,True,R010,R010,0.3,0.013108400000000001,0.0008166,True,True,0.7736207421818615,calibrated text predictions composed under action and cost budgets,
word_only,test-research-011,test,research,research_fact,use_tool|answer,use_tool,True,CODE-111,CODE-111,1.3,0.0167084,0.00115,True,True,0.4729680344182343,calibrated text predictions composed under action and cost budgets,
word_only,test-research-012,test,research,research_multihop,decompose|use_tool|answer,decompose|use_tool,True,Montreal,Montreal,1.75,0.01935,0.0016167999999999998,True,True,0.6539069983096915,calibrated text predictions composed under action and cost budgets,
word_only,test-research-013,test,research,research_conflict,use_tool|answer,use_tool|verify,False,paused,active,1.3,0.018375,0.0009834000000000002,True,False,0.5381141000630606,calibrated text predictions composed under action and cost budgets,incorrect_answer
word_only,test-research-014,test,research,research_outage,answer,delegate,False,,SP-314,0.3,0.01595,0.00035,True,False,0.7955621635141051,calibrated text predictions composed under action and cost budgets,no_answer
word_only,test-research-015,test,research,direct_literal,answer,,True,R015,R015,0.3,0.013041800000000001,0.0008166,True,True,0.7744025437318057,calibrated text predictions composed under action and cost budgets,
word_only,test-research-016,test,research,research_fact,use_tool|answer,use_tool,True,CODE-116,CODE-116,1.3,0.018291599999999998,0.001075,True,True,0.5078638788527733,calibrated text predictions composed under action and cost budgets,
word_only,test-research-017,test,research,research_multihop,decompose|use_tool|answer,decompose|use_tool,True,Nairobi,Nairobi,1.75,0.019700000000000002,0.0015332,True,True,0.663601176635082,calibrated text predictions composed under action and cost budgets,
word_only,test-research-018,test,research,research_conflict,use_tool|answer,use_tool|verify,False,active,completed,1.3,0.018125,0.0010500000000000002,True,False,0.5542036035385918,calibrated text predictions composed under action and cost budgets,incorrect_answer
word_only,test-research-019,test,research,research_outage,answer,delegate,False,,SP-319,0.3,0.01585,0.00035,True,False,0.7865070898858886,calibrated text predictions composed under action and cost budgets,no_answer
word_only,test-research-020,test,research,direct_literal,answer,,True,R020,R020,0.3,0.0129,0.0008166,True,True,0.7736207421818615,calibrated text predictions composed under action and cost budgets,
word_only,test-research-021,test,research,research_fact,use_tool|answer,use_tool,True,CODE-121,CODE-121,1.3,0.0165416,0.0010999999999999998,True,True,0.47606438293089903,calibrated text predictions composed under action and cost budgets,
word_only,test-research-022,test,research,research_multihop,decompose|use_tool|answer,decompose|use_tool,True,Oslo,Oslo,1.75,0.0198416,0.0015582,True,True,0.6692548709929138,calibrated text predictions composed under action and cost budgets,
word_only,test-research-023,test,research,research_conflict,use_tool|answer,use_tool|verify,False,paused,active,1.3,0.018166599999999998,0.0009918,True,False,0.5516457718365881,calibrated text predictions composed under action and cost budgets,incorrect_answer
word_only,test-research-024,test,research,research_outage,answer,delegate,False,,SP-324,0.3,0.0158832,0.00035,True,False,0.7870310812235565,calibrated text predictions composed under action and cost budgets,no_answer
word_only,test-research-025,test,research,direct_literal,answer,,True,R025,R025,0.3,0.0128916,0.000825,True,True,0.7736207421818615,calibrated text predictions composed under action and cost budgets,
word_only,test-research-026,test,research,research_fact,use_tool|answer,use_tool,True,CODE-126,CODE-126,1.3,0.0167082,0.0011668,True,True,0.5191106881040406,calibrated text predictions composed under action and cost budgets,
word_only,test-research-027,test,research,research_multihop,decompose|use_tool|answer,decompose|use_tool,True,Lima,Lima,1.75,0.019916800000000002,0.0015334,True,True,0.6753702887360624,calibrated text predictions composed under action and cost budgets,
word_only,test-research-028,test,research,research_conflict,use_tool|answer,use_tool|verify,False,active,completed,1.3,0.0196166,0.0010084,True,False,0.5384844483861467,calibrated text predictions composed under action and cost budgets,incorrect_answer
word_only,test-research-029,test,research,research_outage,answer,delegate,False,,SP-329,0.3,0.01615,0.00035,True,False,0.8019242981427988,calibrated text predictions composed under action and cost budgets,no_answer
word_only,test-research-030,test,research,direct_literal,answer,,True,R030,R030,0.3,0.0129584,0.0008083999999999999,True,True,0.7744025437318057,calibrated text predictions composed under action and cost budgets,
word_only,test-research-031,test,research,research_fact,use_tool|answer,use_tool,True,CODE-131,CODE-131,1.3,0.0165666,0.0010999999999999998,True,True,0.4804247752154221,calibrated text predictions composed under action and cost budgets,
word_only,test-research-032,test,research,research_multihop,decompose|use_tool|answer,decompose|use_tool,True,Montreal,Montreal,1.75,0.019875,0.0015584000000000001,True,True,0.6740263237154756,calibrated text predictions composed under action and cost budgets,
word_only,test-research-033,test,research,research_conflict,use_tool|answer,use_tool|verify,False,paused,active,1.3,0.0182084,0.0009916,True,False,0.5769171582789321,calibrated text predictions composed under action and cost budgets,incorrect_answer
word_only,test-research-034,test,research,research_outage,answer,delegate,False,,SP-334,0.3,0.0159084,0.00035,True,False,0.8033867394370982,calibrated text predictions composed under action and cost budgets,no_answer
word_only,test-research-035,test,research,direct_literal,answer,,True,R035,R035,0.3,0.0127334,0.000825,True,True,0.7736207421818615,calibrated text predictions composed under action and cost budgets,
word_only,test-document_processing-000,test,document_processing,direct_literal,answer,,True,R000,R000,0.3,0.012525,0.0007918,True,True,0.7744025437318057,calibrated text predictions composed under action and cost budgets,
word_only,test-document_processing-001,test,document_processing,document_extract,use_tool|answer,use_tool,True,V-001,V-001,1.3,0.0214166,0.0016166,True,True,0.9965469648055608,calibrated text predictions composed under action and cost budgets,
word_only,test-document_processing-002,test,document_processing,invoice_reconcile,use_tool|execute_code|verify|answer,use_tool|execute_code|verify,True,79,79,3.1,0.0331834,0.0013916,True,True,0.8022567563464246,calibrated text predictions composed under action and cost budgets,
word_only,test-document_processing-003,test,document_processing,date_normalize,use_tool|delegate|answer,use_tool|delegate,True,2024-04-13,2024-04-13,2.7,0.0307834,0.0020082,True,True,0.8633808404893559,calibrated text predictions composed under action and cost budgets,
word_only,test-document_processing-004,test,document_processing,crossfield_check,decompose|use_tool|verify|answer,decompose|use_tool|verify,True,SW-8004,SW-8004,2.4,0.0281582,0.0015582,True,True,0.7390642738537857,calibrated text predictions composed under action and cost budgets,
word_only,test-document_processing-005,test,document_processing,direct_literal,answer,,True,R005,R005,0.3,0.0130084,0.000825,True,True,0.7736207421818615,calibrated text predictions composed under action and cost budgets,
word_only,test-document_processing-006,test,document_processing,document_extract,use_tool|answer,use_tool,True,V-006,V-006,1.3,0.0215168,0.0015582,True,True,0.9957889231014222,calibrated text predictions composed under action and cost budgets,
word_only,test-document_processing-007,test,document_processing,invoice_reconcile,use_tool|execute_code|verify|answer,use_tool|execute_code|verify,True,77,77,3.1,0.032875,0.0012418,True,True,0.795943483076902,calibrated text predictions composed under action and cost budgets,
word_only,test-document_processing-008,test,document_processing,date_normalize,use_tool|delegate|answer,use_tool|delegate,True,2026-09-18,2026-09-18,2.7,0.0293584,0.00165,True,True,0.8682063958331274,calibrated text predictions composed under action and cost budgets,
word_only,test-document_processing-009,test,document_processing,crossfield_check,decompose|use_tool|verify|answer,decompose|use_tool|verify,True,NE-8009,NE-8009,2.4,0.0277916,0.0013334,True,True,0.7390642738537857,calibrated text predictions composed under action and cost budgets,
word_only,test-document_processing-010,test,document_processing,direct_literal,answer,,True,R010,R010,0.3,0.0130334,0.0008416,True,True,0.7736207421818615,calibrated text predictions composed under action and cost budgets,
word_only,test-document_processing-011,test,document_processing,document_extract,use_tool|answer,use_tool,True,V-011,V-011,1.3,0.0228168,0.0015166000000000001,True,True,0.9965469648055608,calibrated text predictions composed under action and cost budgets,
word_only,test-document_processing-012,test,document_processing,invoice_reconcile,use_tool|execute_code|verify|answer,use_tool|execute_code|verify,True,65,65,3.1,0.0322084,0.0012584,True,True,0.7708232335164401,calibrated text predictions composed under action and cost budgets,
word_only,test-document_processing-013,test,document_processing,date_normalize,use_tool|delegate|answer,use_tool|delegate,True,2025-05-23,2025-05-23,2.7,0.0292668,0.0016250000000000001,True,True,0.8476409467947961,calibrated text predictions composed under action and cost budgets,
word_only,test-document_processing-014,test,document_processing,crossfield_check,decompose|use_tool|verify|answer,decompose|use_tool|verify,True,CE-8014,CE-8014,2.4,0.0278416,0.0013416,True,True,0.7332917623962839,calibrated text predictions composed under action and cost budgets,
word_only,test-document_processing-015,test,document_processing,direct_literal,answer,,True,R015,R015,0.3,0.013125000000000001,0.000825,True,True,0.7744025437318057,calibrated text predictions composed under action and cost budgets,
word_only,test-document_processing-016,test,document_processing,document_extract,use_tool|answer,use_tool,True,V-016,V-016,1.3,0.021575,0.0014916,True,True,0.9965469648055608,calibrated text predictions composed under action and cost budgets,
word_only,test-document_processing-017,test,document_processing,invoice_reconcile,use_tool|execute_code|verify|answer,use_tool|execute_code|verify,True,93,93,3.1,0.0332166,0.0012083999999999999,True,True,0.7803463990188533,calibrated text predictions composed under action and cost budgets,
word_only,test-document_processing-018,test,document_processing,date_normalize,use_tool|delegate|answer,use_tool|delegate,True,2024-01-13,2024-01-13,2.7,0.0293584,0.0016581999999999999,True,True,0.8517923060224457,calibrated text predictions composed under action and cost budgets,
word_only,test-document_processing-019,test,document_processing,crossfield_check,decompose|use_tool|verify|answer,decompose|use_tool|verify,True,SW-8019,SW-8019,2.4,0.0277668,0.0013084,True,True,0.7390642738537857,calibrated text predictions composed under action and cost budgets,
word_only,test-document_processing-020,test,document_processing,direct_literal,answer,,True,R020,R020,0.3,0.0130168,0.000825,True,True,0.7736207421818615,calibrated text predictions composed under action and cost budgets,
word_only,test-document_processing-021,test,document_processing,document_extract,use_tool|answer,use_tool,True,V-021,V-021,1.3,0.0217834,0.0015416,True,True,0.9957889231014222,calibrated text predictions composed under action and cost budgets,
word_only,test-document_processing-022,test,document_processing,invoice_reconcile,use_tool|execute_code|verify|answer,use_tool|execute_code|verify,True,64,64,3.1,0.034350000000000006,0.0012584,True,True,0.7930561465311122,calibrated text predictions composed under action and cost budgets,
word_only,test-document_processing-023,test,document_processing,date_normalize,use_tool|delegate|answer,use_tool|delegate,True,2026-06-18,2026-06-18,2.7,0.0334,0.0016916000000000001,True,True,0.8571288724088055,calibrated text predictions composed under action and cost budgets,
word_only,test-document_processing-024,test,document_processing,crossfield_check,decompose|use_tool|verify|answer,decompose|use_tool|verify,True,NE-8024,NE-8024,2.4,0.0278084,0.00135,True,True,0.7390642738537857,calibrated text predictions composed under action and cost budgets,
word_only,test-document_processing-025,test,document_processing,direct_literal,answer,,True,R025,R025,0.3,0.013225,0.0008082,True,True,0.7736207421818615,calibrated text predictions composed under action and cost budgets,
word_only,test-document_processing-026,test,document_processing,document_extract,use_tool|answer,use_tool,True,V-026,V-026,1.3,0.02155,0.0014916,True,True,0.9965469648055608,calibrated text predictions composed under action and cost budgets,
word_only,test-document_processing-027,test,document_processing,invoice_reconcile,use_tool|execute_code|verify|answer,use_tool|execute_code|verify,True,70,70,3.1,0.038175,0.0016250000000000001,True,True,0.8125274312612816,calibrated text predictions composed under action and cost budgets,
word_only,test-document_processing-028,test,document_processing,date_normalize,use_tool|delegate|answer,use_tool|delegate,True,2025-02-23,2025-02-23,2.7,0.029699999999999997,0.0018499999999999999,True,True,0.8411410018384409,calibrated text predictions composed under action and cost budgets,
word_only,test-document_processing-029,test,document_processing,crossfield_check,decompose|use_tool|verify|answer,decompose|use_tool|verify,True,CE-8029,CE-8029,2.4,0.028675,0.0015334,True,True,0.7332917623962839,calibrated text predictions composed under action and cost budgets,
word_only,test-document_processing-030,test,document_processing,direct_literal,answer,,True,R030,R030,0.3,0.013183400000000001,0.0008666,True,True,0.7744025437318057,calibrated text predictions composed under action and cost budgets,
word_only,test-document_processing-031,test,document_processing,document_extract,use_tool|answer,use_tool,True,V-031,V-031,1.3,0.0218834,0.0018332,True,True,0.9965469648055608,calibrated text predictions composed under action and cost budgets,
word_only,test-document_processing-032,test,document_processing,invoice_reconcile,use_tool|execute_code|verify|answer,use_tool|execute_code|verify,True,86,86,3.1,0.0329,0.0013084,True,True,0.8079816829099276,calibrated text predictions composed under action and cost budgets,
word_only,test-document_processing-033,test,document_processing,date_normalize,use_tool|delegate|answer,use_tool|delegate,True,2024-07-13,2024-07-13,2.7,0.0299834,0.00165,True,True,0.8528707775781154,calibrated text predictions composed under action and cost budgets,
word_only,test-document_processing-034,test,document_processing,crossfield_check,decompose|use_tool|verify|answer,decompose|use_tool|verify,True,SW-8034,SW-8034,2.4,0.028683399999999998,0.0014,True,True,0.7390642738537857,calibrated text predictions composed under action and cost budgets,
word_only,test-document_processing-035,test,document_processing,direct_literal,answer,,True,R035,R035,0.3,0.013241600000000001,0.000825,True,True,0.7736207421818615,calibrated text predictions composed under action and cost budgets,
no_calibration,test-data_analysis-000,test,data_analysis,direct_literal,use_tool|answer,,True,R000,R000,1.3,0.0967918,0.00095,True,False,0.5327107815376135,calibrated text predictions composed under action and cost budgets,
no_calibration,test-data_analysis-001,test,data_analysis,aggregate,execute_code|answer,execute_code,True,36,36,1.45,0.1201084,0.001025,True,True,0.6261655270772669,calibrated text predictions composed under action and cost budgets,
no_calibration,test-data_analysis-002,test,data_analysis,filtered_sum,decompose|execute_code|answer,decompose|execute_code,True,38,38,1.9,0.25601660000000004,0.0013084,True,True,0.8807524181763786,calibrated text predictions composed under action and cost budgets,
no_calibration,test-data_analysis-003,test,data_analysis,direct_literal,use_tool|answer,,True,R003,R003,1.3,0.0933084,0.0010084,True,False,0.5409965822490344,calibrated text predictions composed under action and cost budgets,
no_calibration,test-data_analysis-004,test,data_analysis,aggregate,execute_code|answer,execute_code,True,38,38,1.45,0.1221918,0.0010082000000000001,True,True,0.628054534797718,calibrated text predictions composed under action and cost budgets,
no_calibration,test-data_analysis-005,test,data_analysis,filtered_sum,decompose|execute_code|answer,decompose|execute_code,True,26,26,1.9,0.2291334,0.0012584,True,True,0.827143086170975,calibrated text predictions composed under action and cost budgets,
no_calibration,test-data_analysis-006,test,data_analysis,direct_literal,use_tool|answer,,True,R006,R006,1.3,0.09371660000000001,0.0009834000000000002,True,False,0.5427407432882548,calibrated text predictions composed under action and cost budgets,
no_calibration,test-data_analysis-007,test,data_analysis,aggregate,execute_code|answer,execute_code,True,35,35,1.45,0.123225,0.0009834000000000002,True,True,0.6270373877898904,calibrated text predictions composed under action and cost budgets,
no_calibration,test-data_analysis-008,test,data_analysis,filtered_sum,decompose|execute_code|answer,decompose|execute_code,True,44,44,1.9,0.2592584,0.0012582,True,True,0.902181302510457,calibrated text predictions composed under action and cost budgets,
no_calibration,test-data_analysis-009,test,data_analysis,direct_literal,use_tool|answer,,True,R009,R009,1.3,0.1044332,0.0010418,True,False,0.5402577621043965,calibrated text predictions composed under action and cost budgets,
no_calibration,test-data_analysis-010,test,data_analysis,aggregate,execute_code|answer,execute_code,True,36,36,1.45,0.1292834,0.0010084,True,True,0.6149696314236296,calibrated text predictions composed under action and cost budgets,
no_calibration,test-data_analysis-011,test,data_analysis,filtered_sum,decompose|execute_code|answer,decompose|execute_code,True,53,53,1.9,0.2610668,0.0012666,True,True,0.9024641173043043,calibrated text predictions composed under action and cost budgets,
no_calibration,test-data_analysis-012,test,data_analysis,direct_literal,use_tool|answer,,True,R012,R012,1.3,0.0945418,0.0010082000000000001,True,False,0.5347858204251428,calibrated text predictions composed under action and cost budgets,
no_calibration,test-data_analysis-013,test,data_analysis,aggregate,execute_code|answer,execute_code,True,35,35,1.45,0.11937500000000001,0.0009668,True,True,0.6739473413226247,calibrated text predictions composed under action and cost budgets,
no_calibration,test-data_analysis-014,test,data_analysis,filtered_sum,decompose|execute_code|answer,decompose|execute_code,True,42,42,1.9,0.25485,0.001225,True,True,0.8837306817528545,calibrated text predictions composed under action and cost budgets,
no_calibration,test-data_analysis-015,test,data_analysis,direct_literal,use_tool|answer,,True,R015,R015,1.3,0.0972916,0.0009834000000000002,True,False,0.5300788283265985,calibrated text predictions composed under action and cost budgets,
no_calibration,test-data_analysis-016,test,data_analysis,aggregate,execute_code|answer,execute_code,True,39,39,1.45,0.121475,0.000975,True,True,0.6038853178348615,calibrated text predictions composed under action and cost budgets,
no_calibration,test-data_analysis-017,test,data_analysis,filtered_sum,decompose|execute_code|answer,decompose|execute_code,True,68,68,1.9,0.254475,0.0012749999999999999,True,True,0.8769997240475413,calibrated text predictions composed under action and cost budgets,
no_calibration,test-data_analysis-018,test,data_analysis,direct_literal,use_tool|answer,,True,R018,R018,1.3,0.09455,0.0009918,True,False,0.5377678875674102,calibrated text predictions composed under action and cost budgets,
no_calibration,test-data_analysis-019,test,data_analysis,aggregate,execute_code|answer,execute_code,True,36,36,1.45,0.12237499999999998,0.0009916,True,True,0.6177149260246616,calibrated text predictions composed under action and cost budgets,
no_calibration,test-data_analysis-020,test,data_analysis,filtered_sum,decompose|execute_code|answer,decompose|execute_code,True,38,38,1.9,0.24474999999999997,0.0012584,True,True,0.8593514588391271,calibrated text predictions composed under action and cost budgets,
no_calibration,test-data_analysis-021,test,data_analysis,direct_literal,use_tool|answer,,True,R021,R021,1.3,0.0938334,0.0010168,True,False,0.5365377787856872,calibrated text predictions composed under action and cost budgets,
no_calibration,test-data_analysis-022,test,data_analysis,aggregate,execute_code|answer,execute_code,True,40,40,1.45,0.1234,0.001,True,True,0.658737382007175,calibrated text predictions composed under action and cost budgets,
no_calibration,test-data_analysis-023,test,data_analysis,filtered_sum,decompose|execute_code|answer,decompose|execute_code,True,45,45,1.9,0.26564160000000003,0.0014583999999999999,True,True,0.8788261064099446,calibrated text predictions composed under action and cost budgets,
no_calibration,test-data_analysis-024,test,data_analysis,direct_literal,use_tool|answer,,True,R024,R024,1.3,0.09358340000000001,0.0010500000000000002,True,False,0.5407991152830611,calibrated text predictions composed under action and cost budgets,
no_calibration,test-data_analysis-025,test,data_analysis,aggregate,execute_code|answer,execute_code,True,38,38,1.45,0.120875,0.0010084,True,True,0.6148653066804891,calibrated text predictions composed under action and cost budgets,
no_calibration,test-data_analysis-026,test,data_analysis,filtered_sum,decompose|execute_code|answer,decompose|execute_code,True,60,60,1.9,0.2543666,0.0013084,True,True,0.8667859630342494,calibrated text predictions composed under action and cost budgets,
no_calibration,test-data_analysis-027,test,data_analysis,direct_literal,use_tool|answer,,True,R027,R027,1.3,0.0923584,0.0010584,True,False,0.5420222629948334,calibrated text predictions composed under action and cost budgets,
no_calibration,test-data_analysis-028,test,data_analysis,aggregate,execute_code|answer,execute_code,True,40,40,1.45,0.1214916,0.0010584,True,True,0.653121610982604,calibrated text predictions composed under action and cost budgets,
no_calibration,test-data_analysis-029,test,data_analysis,filtered_sum,decompose|execute_code|answer,decompose|execute_code,True,73,73,1.9,0.2523916,0.0013084,True,True,0.8730148489113214,calibrated text predictions composed under action and cost budgets,
no_calibration,test-data_analysis-030,test,data_analysis,direct_literal,use_tool|answer,,True,R030,R030,1.3,0.1170584,0.0010916,True,False,0.5322064698483001,calibrated text predictions composed under action and cost budgets,
no_calibration,test-data_analysis-031,test,data_analysis,aggregate,execute_code|answer,execute_code,True,31,31,1.45,0.124825,0.0010584,True,True,0.6500491291856236,calibrated text predictions composed under action and cost budgets,
no_calibration,test-data_analysis-032,test,data_analysis,filtered_sum,decompose|execute_code|answer,decompose|execute_code,True,87,87,1.9,0.25245839999999997,0.0013,True,True,0.8665554589730855,calibrated text predictions composed under action and cost budgets,
no_calibration,test-data_analysis-033,test,data_analysis,direct_literal,use_tool|answer,,True,R033,R033,1.3,0.09704159999999999,0.0010333999999999999,True,False,0.5405044685051065,calibrated text predictions composed under action and cost budgets,
no_calibration,test-data_analysis-034,test,data_analysis,aggregate,execute_code|answer,execute_code,True,32,32,1.45,0.12558339999999998,0.000975,True,True,0.6762491043657338,calibrated text predictions composed under action and cost budgets,
no_calibration,test-data_analysis-035,test,data_analysis,filtered_sum,decompose|execute_code|answer,decompose|execute_code,True,37,37,1.9,0.2605666,0.0013418,True,True,0.8764939997789158,calibrated text predictions composed under action and cost budgets,
no_calibration,test-research-000,test,research,direct_literal,use_tool|answer,,True,R000,R000,1.3,0.0958,0.0009916,True,False,0.5327107815376135,calibrated text predictions composed under action and cost budgets,
no_calibration,test-research-001,test,research,research_fact,use_tool|answer,use_tool,True,CODE-101,CODE-101,1.3,0.1270332,0.0013166,True,True,0.8206004428843661,calibrated text predictions composed under action and cost budgets,
no_calibration,test-research-002,test,research,research_multihop,decompose|use_tool|answer,decompose|use_tool,True,Oslo,Oslo,1.75,0.1410916,0.0021416,True,True,0.8618000205042358,calibrated text predictions composed under action and cost budgets,
no_calibration,test-research-003,test,research,research_conflict,use_tool|verify|answer,use_tool|verify,True,active,active,1.95,0.1682334,0.0016,True,True,0.7583639503636062,calibrated text predictions composed under action and cost budgets,
no_calibration,test-research-004,test,research,research_outage,delegate|answer,delegate,True,SP-304,SP-304,1.7,0.15239160000000002,0.0009834000000000002,True,True,0.9541923629867288,calibrated text predictions composed under action and cost budgets,
no_calibration,test-research-005,test,research,direct_literal,use_tool|answer,,True,R005,R005,1.3,0.0949084,0.0009916,True,False,0.5355109598017986,calibrated text predictions composed under action and cost budgets,
no_calibration,test-research-006,test,research,research_fact,use_tool|answer,use_tool,True,CODE-106,CODE-106,1.3,0.1253918,0.0010999999999999998,True,True,0.8203422502973163,calibrated text predictions composed under action and cost budgets,
no_calibration,test-research-007,test,research,research_multihop,decompose|use_tool|answer,decompose|use_tool,True,Lima,Lima,1.75,0.1388582,0.0017000000000000001,True,True,0.8618602462837943,calibrated text predictions composed under action and cost budgets,
no_calibration,test-research-008,test,research,research_conflict,use_tool|verify|answer,use_tool|verify,True,completed,completed,1.95,0.1671332,0.0014418,True,True,0.7581864099587765,calibrated text predictions composed under action and cost budgets,
no_calibration,test-research-009,test,research,research_outage,delegate|answer,delegate,True,SP-309,SP-309,1.7,0.148175,0.00095,True,True,0.954160628672985,calibrated text predictions composed under action and cost budgets,
no_calibration,test-research-010,test,research,direct_literal,use_tool|answer,,True,R010,R010,1.3,0.0951082,0.0010084,True,False,0.5348241140756487,calibrated text predictions composed under action and cost budgets,
no_calibration,test-research-011,test,research,research_fact,use_tool|answer,use_tool,True,CODE-111,CODE-111,1.3,0.1287916,0.0011416,True,True,0.8005261787228187,calibrated text predictions composed under action and cost budgets,
no_calibration,test-research-012,test,research,research_multihop,decompose|use_tool|answer,decompose|use_tool,True,Montreal,Montreal,1.75,0.1406,0.0017250000000000002,True,True,0.8557098574388087,calibrated text predictions composed under action and cost budgets,
no_calibration,test-research-013,test,research,research_conflict,use_tool|verify|answer,use_tool|verify,True,active,active,1.95,0.1676334,0.0013584,True,True,0.7473539041318359,calibrated text predictions composed under action and cost budgets,
no_calibration,test-research-014,test,research,research_outage,delegate|answer,delegate,True,SP-314,SP-314,1.7,0.1564334,0.0012418,True,True,0.9501153062232687,calibrated text predictions composed under action and cost budgets,
no_calibration,test-research-015,test,research,direct_literal,use_tool|answer,,True,R015,R015,1.3,0.0949334,0.00115,True,False,0.5300788283265985,calibrated text predictions composed under action and cost budgets,
no_calibration,test-research-016,test,research,research_fact,use_tool|answer,use_tool,True,CODE-116,CODE-116,1.3,0.12476659999999999,0.0012666,True,True,0.8064104912184487,calibrated text predictions composed under action and cost budgets,
no_calibration,test-research-017,test,research,research_multihop,decompose|use_tool|answer,decompose|use_tool,True,Nairobi,Nairobi,1.75,0.154775,0.002175,True,True,0.8579337261479201,calibrated text predictions composed under action and cost budgets,
no_calibration,test-research-018,test,research,research_conflict,use_tool|verify|answer,use_tool|verify,True,completed,completed,1.95,0.171725,0.00165,True,True,0.7477697937748793,calibrated text predictions composed under action and cost budgets,
no_calibration,test-research-019,test,research,research_outage,delegate|answer,delegate,True,SP-319,SP-319,1.7,0.14923340000000002,0.0010082000000000001,True,True,0.950418463773197,calibrated text predictions composed under action and cost budgets,
no_calibration,test-research-020,test,research,direct_literal,use_tool|answer,,True,R020,R020,1.3,0.09505,0.001025,True,False,0.53028154680706,calibrated text predictions composed under action and cost budgets,
no_calibration,test-research-021,test,research,research_fact,use_tool|answer,use_tool,True,CODE-121,CODE-121,1.3,0.127775,0.0012918,True,True,0.802934941564589,calibrated text predictions composed under action and cost budgets,
no_calibration,test-research-022,test,research,research_multihop,decompose|use_tool|answer,decompose|use_tool,True,Oslo,Oslo,1.75,0.1380084,0.0017332,True,True,0.8597172605354458,calibrated text predictions composed under action and cost budgets,
no_calibration,test-research-023,test,research,research_conflict,use_tool|verify|answer,use_tool|verify,True,active,active,1.95,0.16749160000000002,0.0013834000000000001,True,True,0.7499397315055863,calibrated text predictions composed under action and cost budgets,
no_calibration,test-research-024,test,research,research_outage,delegate|answer,delegate,True,SP-324,SP-324,1.7,0.1490416,0.000975,True,True,0.9515494395447616,calibrated text predictions composed under action and cost budgets,
no_calibration,test-research-025,test,research,direct_literal,use_tool|answer,,True,R025,R025,1.3,0.0977916,0.001025,True,False,0.5379185354283282,calibrated text predictions composed under action and cost budgets,
no_calibration,test-research-026,test,research,research_fact,use_tool|answer,use_tool,True,CODE-126,CODE-126,1.3,0.1252834,0.0011416,True,True,0.8124908196705182,calibrated text predictions composed under action and cost budgets,
no_calibration,test-research-027,test,research,research_multihop,decompose|use_tool|answer,decompose|use_tool,True,Lima,Lima,1.75,0.1377918,0.0016666,True,True,0.8600884716955793,calibrated text predictions composed under action and cost budgets,
no_calibration,test-research-028,test,research,research_conflict,use_tool|verify|answer,use_tool|verify,True,completed,completed,1.95,0.1675666,0.001375,True,True,0.7543602098891107,calibrated text predictions composed under action and cost budgets,
no_calibration,test-research-029,test,research,research_outage,delegate|answer,delegate,True,SP-329,SP-329,1.7,0.1533,0.001025,True,True,0.9508967111322127,calibrated text predictions composed under action and cost budgets,
no_calibration,test-research-030,test,research,direct_literal,use_tool|answer,,True,R030,R030,1.3,0.093725,0.0010666,True,False,0.5322064698483001,calibrated text predictions composed under action and cost budgets,
no_calibration,test-research-031,test,research,research_fact,use_tool|answer,use_tool,True,CODE-131,CODE-131,1.3,0.1205668,0.0011665999999999998,True,True,0.8075084988729244,calibrated text predictions composed under action and cost budgets,
no_calibration,test-research-032,test,research,research_multihop,decompose|use_tool|answer,decompose|use_tool,True,Montreal,Montreal,1.75,0.136175,0.0020832,True,True,0.8605504962137775,calibrated text predictions composed under action and cost budgets,
no_calibration,test-research-033,test,research,research_conflict,use_tool|verify|answer,use_tool|verify,True,active,active,1.95,0.16436679999999998,0.0015915999999999999,True,True,0.762517279783743,calibrated text predictions composed under action and cost budgets,
no_calibration,test-research-034,test,research,research_outage,delegate|answer,delegate,True,SP-334,SP-334,1.7,0.1474666,0.001025,True,True,0.9504461160809534,calibrated text predictions composed under action and cost budgets,
no_calibration,test-research-035,test,research,direct_literal,use_tool|answer,,True,R035,R035,1.3,0.09460840000000001,0.0010084,True,False,0.5345540593015851,calibrated text predictions composed under action and cost budgets,
no_calibration,test-document_processing-000,test,document_processing,direct_literal,use_tool|answer,,True,R000,R000,1.3,0.094125,0.001,True,False,0.5327107815376135,calibrated text predictions composed under action and cost budgets,
no_calibration,test-document_processing-001,test,document_processing,document_extract,use_tool|answer,use_tool,True,V-001,V-001,1.3,0.1825416,0.0017833999999999999,True,True,0.9977698259780868,calibrated text predictions composed under action and cost budgets,
no_calibration,test-document_processing-002,test,document_processing,invoice_reconcile,use_tool|execute_code|verify|answer,use_tool|execute_code|verify,True,79,79,3.1,0.2950916,0.0016,True,True,0.9480298267649475,calibrated text predictions composed under action and cost budgets,
no_calibration,test-document_processing-003,test,document_processing,date_normalize,use_tool|delegate|answer,use_tool|delegate,True,2024-04-13,2024-04-13,2.7,0.26708319999999997,0.0019834,True,True,0.9691579587004453,calibrated text predictions composed under action and cost budgets,
no_calibration,test-document_processing-004,test,document_processing,crossfield_check,decompose|use_tool|verify|answer,decompose|use_tool|verify,True,SW-8004,SW-8004,2.4,0.2741334,0.0018,True,True,0.8993467152778721,calibrated text predictions composed under action and cost budgets,
no_calibration,test-document_processing-005,test,document_processing,direct_literal,use_tool|answer,,True,R005,R005,1.3,0.0946082,0.0010666,True,False,0.5355109598017986,calibrated text predictions composed under action and cost budgets,
no_calibration,test-document_processing-006,test,document_processing,document_extract,use_tool|answer,use_tool,True,V-006,V-006,1.3,0.1852334,0.0017334,True,True,0.9972520165800959,calibrated text predictions composed under action and cost budgets,
no_calibration,test-document_processing-007,test,document_processing,invoice_reconcile,use_tool|execute_code|verify|answer,use_tool|execute_code|verify,True,77,77,3.1,0.2966166,0.0013668,True,True,0.9423683368891377,calibrated text predictions composed under action and cost budgets,
no_calibration,test-document_processing-008,test,document_processing,date_normalize,use_tool|delegate|answer,use_tool|delegate,True,2026-09-18,2026-09-18,2.7,0.2521832,0.0022084,True,True,0.9710249175317874,calibrated text predictions composed under action and cost budgets,
no_calibration,test-document_processing-009,test,document_processing,crossfield_check,decompose|use_tool|verify|answer,decompose|use_tool|verify,True,NE-8009,NE-8009,2.4,0.26465,0.0015,True,True,0.9030692131284922,calibrated text predictions composed under action and cost budgets,
no_calibration,test-document_processing-010,test,document_processing,direct_literal,use_tool|answer,,True,R010,R010,1.3,0.09574160000000001,0.0010500000000000002,True,False,0.5348241140756487,calibrated text predictions composed under action and cost budgets,
no_calibration,test-document_processing-011,test,document_processing,document_extract,use_tool|answer,use_tool,True,V-011,V-011,1.3,0.1804666,0.0017250000000000002,True,True,0.9962511697938274,calibrated text predictions composed under action and cost budgets,
no_calibration,test-document_processing-012,test,document_processing,invoice_reconcile,use_tool|execute_code|verify|answer,use_tool|execute_code|verify,True,65,65,3.1,0.2883418,0.0013832,True,True,0.9419202124917622,calibrated text predictions composed under action and cost budgets,
no_calibration,test-document_processing-013,test,document_processing,date_normalize,use_tool|delegate|answer,use_tool|delegate,True,2025-05-23,2025-05-23,2.7,0.2514916,0.0017918,True,True,0.9663120183727825,calibrated text predictions composed under action and cost budgets,
no_calibration,test-document_processing-014,test,document_processing,crossfield_check,decompose|use_tool|verify|answer,decompose|use_tool|verify,True,CE-8014,CE-8014,2.4,0.2727,0.0017166,True,True,0.903106557499903,calibrated text predictions composed under action and cost budgets,
no_calibration,test-document_processing-015,test,document_processing,direct_literal,use_tool|answer,,True,R015,R015,1.3,0.09439159999999999,0.0010668000000000001,True,False,0.5300788283265985,calibrated text predictions composed under action and cost budgets,
no_calibration,test-document_processing-016,test,document_processing,document_extract,use_tool|answer,use_tool,True,V-016,V-016,1.3,0.1816916,0.0017250000000000002,True,True,0.9977343095474853,calibrated text predictions composed under action and cost budgets,
no_calibration,test-document_processing-017,test,document_processing,invoice_reconcile,use_tool|execute_code|verify|answer,use_tool|execute_code|verify,True,93,93,3.1,0.2952666,0.0014168,True,True,0.9431560359311951,calibrated text predictions composed under action and cost budgets,
no_calibration,test-document_processing-018,test,document_processing,date_normalize,use_tool|delegate|answer,use_tool|delegate,True,2024-01-13,2024-01-13,2.7,0.2574084,0.0019081999999999999,True,True,0.9697408492910907,calibrated text predictions composed under action and cost budgets,
no_calibration,test-document_processing-019,test,document_processing,crossfield_check,decompose|use_tool|verify|answer,decompose|use_tool|verify,True,SW-8019,SW-8019,2.4,0.2758084,0.001475,True,True,0.9007038929058204,calibrated text predictions composed under action and cost budgets,
no_calibration,test-document_processing-020,test,document_processing,direct_literal,use_tool|answer,,True,R020,R020,1.3,0.0950334,0.0010165999999999999,True,False,0.53028154680706,calibrated text predictions composed under action and cost budgets,
no_calibration,test-document_processing-021,test,document_processing,document_extract,use_tool|answer,use_tool,True,V-021,V-021,1.3,0.1869832,0.0016082,True,True,0.9972018502924582,calibrated text predictions composed under action and cost budgets,
no_calibration,test-document_processing-022,test,document_processing,invoice_reconcile,use_tool|execute_code|verify|answer,use_tool|execute_code|verify,True,64,64,3.1,0.2913668,0.0014084,True,True,0.9473855599463253,calibrated text predictions composed under action and cost budgets,
no_calibration,test-document_processing-023,test,document_processing,date_normalize,use_tool|delegate|answer,use_tool|delegate,True,2026-06-18,2026-06-18,2.7,0.249975,0.0017500000000000003,True,True,0.9683695124195404,calibrated text predictions composed under action and cost budgets,
no_calibration,test-document_processing-024,test,document_processing,crossfield_check,decompose|use_tool|verify|answer,decompose|use_tool|verify,True,NE-8024,NE-8024,2.4,0.26385000000000003,0.0014583999999999999,True,True,0.9024524829469346,calibrated text predictions composed under action and cost budgets,
no_calibration,test-document_processing-025,test,document_processing,direct_literal,use_tool|answer,,True,R025,R025,1.3,0.0968668,0.0010500000000000002,True,False,0.5379185354283282,calibrated text predictions composed under action and cost budgets,
no_calibration,test-document_processing-026,test,document_processing,document_extract,use_tool|answer,use_tool,True,V-026,V-026,1.3,0.18009999999999998,0.001575,True,True,0.9963081746080366,calibrated text predictions composed under action and cost budgets,
no_calibration,test-document_processing-027,test,document_processing,invoice_reconcile,use_tool|execute_code|verify|answer,use_tool|execute_code|verify,True,70,70,3.1,0.29320840000000004,0.0013166,True,True,0.9480401469925428,calibrated text predictions composed under action and cost budgets,
no_calibration,test-document_processing-028,test,document_processing,date_normalize,use_tool|delegate|answer,use_tool|delegate,True,2025-02-23,2025-02-23,2.7,0.2512,0.0017000000000000001,True,True,0.9677216535574374,calibrated text predictions composed under action and cost budgets,
no_calibration,test-document_processing-029,test,document_processing,crossfield_check,decompose|use_tool|verify|answer,decompose|use_tool|verify,True,CE-8029,CE-8029,2.4,0.2625666,0.0014416,True,True,0.9021307737214904,calibrated text predictions composed under action and cost budgets,
no_calibration,test-document_processing-030,test,document_processing,direct_literal,use_tool|answer,,True,R030,R030,1.3,0.0995666,0.0010332,True,False,0.5322064698483001,calibrated text predictions composed under action and cost budgets,
no_calibration,test-document_processing-031,test,document_processing,document_extract,use_tool|answer,use_tool,True,V-031,V-031,1.3,0.185225,0.0016167999999999998,True,True,0.997732773798317,calibrated text predictions composed under action and cost budgets,
no_calibration,test-document_processing-032,test,document_processing,invoice_reconcile,use_tool|execute_code|verify|answer,use_tool|execute_code|verify,True,86,86,3.1,0.3025168,0.0016,True,True,0.9444028160247067,calibrated text predictions composed under action and cost budgets,
no_calibration,test-document_processing-033,test,document_processing,date_normalize,use_tool|delegate|answer,use_tool|delegate,True,2024-07-13,2024-07-13,2.7,0.2717416,0.002,True,True,0.968227680958343,calibrated text predictions composed under action and cost budgets,
no_calibration,test-document_processing-034,test,document_processing,crossfield_check,decompose|use_tool|verify|answer,decompose|use_tool|verify,True,SW-8034,SW-8034,2.4,0.2637,0.0014916,True,True,0.8988057090285498,calibrated text predictions composed under action and cost budgets,
no_calibration,test-document_processing-035,test,document_processing,direct_literal,use_tool|answer,,True,R035,R035,1.3,0.09385,0.0010168,True,False,0.5345540593015851,calibrated text predictions composed under action and cost budgets,
no_budget,test-data_analysis-000,test,data_analysis,direct_literal,use_tool|answer,,True,R000,R000,1.3,0.096475,0.0010165999999999999,True,False,0.5651427533341927,calibrated text predictions composed under action and cost budgets,
no_budget,test-data_analysis-001,test,data_analysis,aggregate,execute_code|answer,execute_code,True,36,36,1.45,0.12241679999999999,0.0011916,True,True,0.7372266080698744,calibrated text predictions composed under action and cost budgets,
no_budget,test-data_analysis-002,test,data_analysis,filtered_sum,decompose|execute_code|answer,decompose|execute_code,True,38,38,1.9,0.2580418,0.0013916,True,True,0.9740769264984062,calibrated text predictions composed under action and cost budgets,
no_budget,test-data_analysis-003,test,data_analysis,direct_literal,use_tool|answer,,True,R003,R003,1.3,0.0925334,0.0010084,True,False,0.5814456154781409,calibrated text predictions composed under action and cost budgets,
no_budget,test-data_analysis-004,test,data_analysis,aggregate,execute_code|answer,execute_code,True,38,38,1.45,0.11925840000000001,0.001025,True,True,0.740344432313894,calibrated text predictions composed under action and cost budgets,
no_budget,test-data_analysis-005,test,data_analysis,filtered_sum,decompose|execute_code|answer,decompose|execute_code,True,26,26,1.9,0.22365,0.0013,True,True,0.945147827595004,calibrated text predictions composed under action and cost budgets,
no_budget,test-data_analysis-006,test,data_analysis,direct_literal,use_tool|answer,,True,R006,R006,1.3,0.09365,0.0010084,True,False,0.5848613971725652,calibrated text predictions composed under action and cost budgets,
no_budget,test-data_analysis-007,test,data_analysis,aggregate,execute_code|answer,execute_code,True,35,35,1.45,0.1225666,0.0010084,True,True,0.7386678154306422,calibrated text predictions composed under action and cost budgets,
no_budget,test-data_analysis-008,test,data_analysis,filtered_sum,decompose|execute_code|answer,decompose|execute_code,True,44,44,1.9,0.26715,0.0016250000000000001,True,True,0.9837532576750537,calibrated text predictions composed under action and cost budgets,
no_budget,test-data_analysis-009,test,data_analysis,direct_literal,use_tool|answer,,True,R009,R009,1.3,0.0922832,0.0010584,True,False,0.5799969241774906,calibrated text predictions composed under action and cost budgets,
no_budget,test-data_analysis-010,test,data_analysis,aggregate,execute_code|answer,execute_code,True,36,36,1.45,0.11892499999999999,0.0010666,True,True,0.7183924054770046,calibrated text predictions composed under action and cost budgets,
no_budget,test-data_analysis-011,test,data_analysis,filtered_sum,decompose|execute_code|answer,decompose|execute_code,True,53,53,1.9,0.2544,0.0012749999999999999,True,True,0.9838364861725815,calibrated text predictions composed under action and cost budgets,
no_budget,test-data_analysis-012,test,data_analysis,direct_literal,use_tool|answer,,True,R012,R012,1.3,0.0958666,0.0010084,True,False,0.5692365213251116,calibrated text predictions composed under action and cost budgets,
no_budget,test-data_analysis-013,test,data_analysis,aggregate,execute_code|answer,execute_code,True,35,35,1.45,0.119775,0.0009916,True,True,0.8103346585208161,calibrated text predictions composed under action and cost budgets,
no_budget,test-data_analysis-014,test,data_analysis,filtered_sum,decompose|execute_code|answer,decompose|execute_code,True,42,42,1.9,0.25865,0.0012668,True,True,0.9749719105833208,calibrated text predictions composed under action and cost budgets,
no_budget,test-data_analysis-015,test,data_analysis,direct_literal,use_tool|answer,,True,R015,R015,1.3,0.09759999999999999,0.001,True,False,0.5599407345124168,calibrated text predictions composed under action and cost budgets,
no_budget,test-data_analysis-016,test,data_analysis,aggregate,execute_code|answer,execute_code,True,39,39,1.45,0.12399160000000001,0.0010084,True,True,0.6991726249151425,calibrated text predictions composed under action and cost budgets,
no_budget,test-data_analysis-017,test,data_analysis,filtered_sum,decompose|execute_code|answer,decompose|execute_code,True,68,68,1.9,0.2573916,0.0013584,True,True,0.972015227597957,calibrated text predictions composed under action and cost budgets,
no_budget,test-data_analysis-018,test,data_analysis,direct_literal,use_tool|answer,,True,R018,R018,1.3,0.1019916,0.0013166,True,False,0.5751072392653581,calibrated text predictions composed under action and cost budgets,
no_budget,test-data_analysis-019,test,data_analysis,aggregate,execute_code|answer,execute_code,True,36,36,1.45,0.1326416,0.00125,True,True,0.7230659288018142,calibrated text predictions composed under action and cost budgets,
no_budget,test-data_analysis-020,test,data_analysis,filtered_sum,decompose|execute_code|answer,decompose|execute_code,True,38,38,1.9,0.25545840000000003,0.0014334,True,True,0.9631634738933741,calibrated text predictions composed under action and cost budgets,
no_budget,test-data_analysis-021,test,data_analysis,direct_literal,use_tool|answer,,True,R021,R021,1.3,0.0934334,0.001,True,False,0.5726874041355436,calibrated text predictions composed under action and cost budgets,
no_budget,test-data_analysis-022,test,data_analysis,aggregate,execute_code|answer,execute_code,True,40,40,1.45,0.12045840000000001,0.0010165999999999999,True,True,0.7884062345190904,calibrated text predictions composed under action and cost budgets,
no_budget,test-data_analysis-023,test,data_analysis,filtered_sum,decompose|execute_code|answer,decompose|execute_code,True,45,45,1.9,0.25070000000000003,0.0012668,True,True,0.9721310132279599,calibrated text predictions composed under action and cost budgets,
no_budget,test-data_analysis-024,test,data_analysis,direct_literal,use_tool|answer,,True,R024,R024,1.3,0.09295,0.0011332,True,False,0.5810585209480242,calibrated text predictions composed under action and cost budgets,
no_budget,test-data_analysis-025,test,data_analysis,aggregate,execute_code|answer,execute_code,True,38,38,1.45,0.120875,0.0010165999999999999,True,True,0.7182141116438215,calibrated text predictions composed under action and cost budgets,
no_budget,test-data_analysis-026,test,data_analysis,filtered_sum,decompose|execute_code|answer,decompose|execute_code,True,60,60,1.9,0.24757500000000002,0.0012584,True,True,0.96329212424062,calibrated text predictions composed under action and cost budgets,
no_budget,test-data_analysis-027,test,data_analysis,direct_literal,use_tool|answer,,True,R027,R027,1.3,0.0933166,0.001025,True,False,0.5834550427681531,calibrated text predictions composed under action and cost budgets,
no_budget,test-data_analysis-028,test,data_analysis,aggregate,execute_code|answer,execute_code,True,40,40,1.45,0.1209834,0.0010165999999999999,True,True,0.7799848662067629,calibrated text predictions composed under action and cost budgets,
no_budget,test-data_analysis-029,test,data_analysis,filtered_sum,decompose|execute_code|answer,decompose|execute_code,True,73,73,1.9,0.2476084,0.0012334,True,True,0.9718285487990294,calibrated text predictions composed under action and cost budgets,
no_budget,test-data_analysis-030,test,data_analysis,direct_literal,use_tool|answer,,True,R030,R030,1.3,0.094275,0.0009834000000000002,True,False,0.564146792933562,calibrated text predictions composed under action and cost budgets,
no_budget,test-data_analysis-031,test,data_analysis,aggregate,execute_code|answer,execute_code,True,31,31,1.45,0.1167,0.0009832,True,True,0.7753046102052333,calibrated text predictions composed under action and cost budgets,
no_budget,test-data_analysis-032,test,data_analysis,filtered_sum,decompose|execute_code|answer,decompose|execute_code,True,87,87,1.9,0.2452584,0.0013166,True,True,0.9649016395374423,calibrated text predictions composed under action and cost budgets,
no_budget,test-data_analysis-033,test,data_analysis,direct_literal,use_tool|answer,,True,R033,R033,1.3,0.0937832,0.0009834000000000002,True,False,0.5804807860467994,calibrated text predictions composed under action and cost budgets,
no_budget,test-data_analysis-034,test,data_analysis,aggregate,execute_code|answer,execute_code,True,32,32,1.45,0.1224084,0.000975,True,True,0.8135393774167426,calibrated text predictions composed under action and cost budgets,
no_budget,test-data_analysis-035,test,data_analysis,filtered_sum,decompose|execute_code|answer,decompose|execute_code,True,37,37,1.9,0.2571666,0.0012334,True,True,0.9695160175610986,calibrated text predictions composed under action and cost budgets,
no_budget,test-research-000,test,research,direct_literal,use_tool|answer,,True,R000,R000,1.3,0.0964918,0.001,True,False,0.5651427533341927,calibrated text predictions composed under action and cost budgets,
no_budget,test-research-001,test,research,research_fact,use_tool|answer,use_tool,True,CODE-101,CODE-101,1.3,0.1262666,0.0012000000000000001,True,True,0.9543854846820877,calibrated text predictions composed under action and cost budgets,
no_budget,test-research-002,test,research,research_multihop,decompose|use_tool|answer,decompose|use_tool,True,Oslo,Oslo,1.75,0.1381834,0.0018166000000000002,True,True,0.9735735949333685,calibrated text predictions composed under action and cost budgets,
no_budget,test-research-003,test,research,research_conflict,use_tool|verify|answer,use_tool|verify,True,active,active,1.95,0.16579159999999998,0.0013668,True,True,0.8250117745145871,calibrated text predictions composed under action and cost budgets,
no_budget,test-research-004,test,research,research_outage,delegate|answer,delegate,True,SP-304,SP-304,1.7,0.1694584,0.001175,True,True,0.9977006548711119,calibrated text predictions composed under action and cost budgets,
no_budget,test-research-005,test,research,direct_literal,use_tool|answer,,True,R005,R005,1.3,0.0957334,0.0010834,True,False,0.5706654749581742,calibrated text predictions composed under action and cost budgets,
no_budget,test-research-006,test,research,research_fact,use_tool|answer,use_tool,True,CODE-106,CODE-106,1.3,0.12615,0.00125,True,True,0.954232624124796,calibrated text predictions composed under action and cost budgets,
no_budget,test-research-007,test,research,research_multihop,decompose|use_tool|answer,decompose|use_tool,True,Lima,Lima,1.75,0.1366834,0.0018668,True,True,0.9737044729529505,calibrated text predictions composed under action and cost budgets,
no_budget,test-research-008,test,research,research_conflict,use_tool|verify|answer,use_tool|verify,True,completed,completed,1.95,0.1647834,0.0014916,True,True,0.8250132854012151,calibrated text predictions composed under action and cost budgets,
no_budget,test-research-009,test,research,research_outage,delegate|answer,delegate,True,SP-309,SP-309,1.7,0.1459,0.00095,True,True,0.997697322446546,calibrated text predictions composed under action and cost budgets,
no_budget,test-research-010,test,research,direct_literal,use_tool|answer,,True,R010,R010,1.3,0.09506679999999999,0.0009832,True,False,0.5693120042353004,calibrated text predictions composed under action and cost budgets,
no_budget,test-research-011,test,research,research_fact,use_tool|answer,use_tool,True,CODE-111,CODE-111,1.3,0.1268832,0.0012168,True,True,0.941539911091139,calibrated text predictions composed under action and cost budgets,
no_budget,test-research-012,test,research,research_multihop,decompose|use_tool|answer,decompose|use_tool,True,Montreal,Montreal,1.75,0.1367416,0.0017167999999999999,True,True,0.9718198633580557,calibrated text predictions composed under action and cost budgets,
no_budget,test-research-013,test,research,research_conflict,use_tool|verify|answer,use_tool|verify,True,active,active,1.95,0.165625,0.0013916,True,True,0.8077052618644867,calibrated text predictions composed under action and cost budgets,
no_budget,test-research-014,test,research,research_outage,delegate|answer,delegate,True,SP-314,SP-314,1.7,0.148525,0.00095,True,True,0.9972509259376003,calibrated text predictions composed under action and cost budgets,
no_budget,test-research-015,test,research,direct_literal,use_tool|answer,,True,R015,R015,1.3,0.095875,0.0010084,True,False,0.5599407345124168,calibrated text predictions composed under action and cost budgets,
no_budget,test-research-016,test,research,research_fact,use_tool|answer,use_tool,True,CODE-116,CODE-116,1.3,0.12495,0.0011832000000000001,True,True,0.9455099269484215,calibrated text predictions composed under action and cost budgets,
no_budget,test-research-017,test,research,research_multihop,decompose|use_tool|answer,decompose|use_tool,True,Nairobi,Nairobi,1.75,0.1370082,0.0016833999999999998,True,True,0.9725762781719828,calibrated text predictions composed under action and cost budgets,
no_budget,test-research-018,test,research,research_conflict,use_tool|verify|answer,use_tool|verify,True,completed,completed,1.95,0.1691666,0.0018499999999999999,True,True,0.8076599420704177,calibrated text predictions composed under action and cost budgets,
no_budget,test-research-019,test,research,research_outage,delegate|answer,delegate,True,SP-319,SP-319,1.7,0.149125,0.0010416,True,True,0.9972858746845948,calibrated text predictions composed under action and cost budgets,
no_budget,test-research-020,test,research,direct_literal,use_tool|answer,,True,R020,R020,1.3,0.093375,0.001025,True,False,0.5603417667533546,calibrated text predictions composed under action and cost budgets,
no_budget,test-research-021,test,research,research_fact,use_tool|answer,use_tool,True,CODE-121,CODE-121,1.3,0.1238584,0.0012083999999999999,True,True,0.9431859362817648,calibrated text predictions composed under action and cost budgets,
no_budget,test-research-022,test,research,research_multihop,decompose|use_tool|answer,decompose|use_tool,True,Oslo,Oslo,1.75,0.13571660000000002,0.0017918,True,True,0.9734223290419752,calibrated text predictions composed under action and cost budgets,
no_budget,test-research-023,test,research,research_conflict,use_tool|verify|answer,use_tool|verify,True,active,active,1.95,0.1669084,0.0014500000000000001,True,True,0.8116497928088516,calibrated text predictions composed under action and cost budgets,
no_budget,test-research-024,test,research,research_outage,delegate|answer,delegate,True,SP-324,SP-324,1.7,0.14905839999999998,0.0009334,True,True,0.9974141078873998,calibrated text predictions composed under action and cost budgets,
no_budget,test-research-025,test,research,direct_literal,use_tool|answer,,True,R025,R025,1.3,0.0947582,0.000975,True,False,0.5754034061636838,calibrated text predictions composed under action and cost budgets,
no_budget,test-research-026,test,research,research_fact,use_tool|answer,use_tool,True,CODE-126,CODE-126,1.3,0.1239082,0.00115,True,True,0.9494324163837713,calibrated text predictions composed under action and cost budgets,
no_budget,test-research-027,test,research,research_multihop,decompose|use_tool|answer,decompose|use_tool,True,Lima,Lima,1.75,0.1369166,0.0016666,True,True,0.9732272269830289,calibrated text predictions composed under action and cost budgets,
no_budget,test-research-028,test,research,research_conflict,use_tool|verify|answer,use_tool|verify,True,completed,completed,1.95,0.19225,0.0017416,True,True,0.820321990228726,calibrated text predictions composed under action and cost budgets,
no_budget,test-research-029,test,research,research_outage,delegate|answer,delegate,True,SP-329,SP-329,1.7,0.1493332,0.0010168,True,True,0.9973405126240776,calibrated text predictions composed under action and cost budgets,
no_budget,test-research-030,test,research,direct_literal,use_tool|answer,,True,R030,R030,1.3,0.0929916,0.001,True,False,0.564146792933562,calibrated text predictions composed under action and cost budgets,
no_budget,test-research-031,test,research,research_fact,use_tool|answer,use_tool,True,CODE-131,CODE-131,1.3,0.12192499999999999,0.0012416,True,True,0.9462316879678943,calibrated text predictions composed under action and cost budgets,
no_budget,test-research-032,test,research,research_multihop,decompose|use_tool|answer,decompose|use_tool,True,Montreal,Montreal,1.75,0.1410584,0.001875,True,True,0.9735342757181553,calibrated text predictions composed under action and cost budgets,
no_budget,test-research-033,test,research,research_conflict,use_tool|verify|answer,use_tool|verify,True,active,active,1.95,0.1628,0.0014082,True,True,0.8334690059690116,calibrated text predictions composed under action and cost budgets,
no_budget,test-research-034,test,research,research_outage,delegate|answer,delegate,True,SP-334,SP-334,1.7,0.1475834,0.000975,True,True,0.9972890503695097,calibrated text predictions composed under action and cost budgets,
no_budget,test-research-035,test,research,direct_literal,use_tool|answer,,True,R035,R035,1.3,0.0951834,0.0010666,True,False,0.5687796317550117,calibrated text predictions composed under action and cost budgets,
no_budget,test-document_processing-000,test,document_processing,direct_literal,use_tool|answer,,True,R000,R000,1.3,0.09242500000000001,0.0009916,True,False,0.5651427533341927,calibrated text predictions composed under action and cost budgets,
no_budget,test-document_processing-001,test,document_processing,document_extract,use_tool|answer,use_tool,True,V-001,V-001,1.3,0.18275840000000002,0.0018166000000000002,True,True,0.9999950040900308,calibrated text predictions composed under action and cost budgets,
no_budget,test-document_processing-002,test,document_processing,invoice_reconcile,use_tool|execute_code|verify|answer,use_tool|execute_code|verify,True,79,79,3.1,0.29175840000000003,0.0014582,True,True,0.9922945277117344,calibrated text predictions composed under action and cost budgets,
no_budget,test-document_processing-003,test,document_processing,date_normalize,use_tool|delegate|answer,use_tool|delegate,True,2024-04-13,2024-04-13,2.7,0.2505332,0.0019084,True,True,0.9988342247065747,calibrated text predictions composed under action and cost budgets,
no_budget,test-document_processing-004,test,document_processing,crossfield_check,decompose|use_tool|verify|answer,decompose|use_tool|verify,True,SW-8004,SW-8004,2.4,0.2648334,0.0015918000000000002,True,True,0.9782056641324149,calibrated text predictions composed under action and cost budgets,
no_budget,test-document_processing-005,test,document_processing,direct_literal,use_tool|answer,,True,R005,R005,1.3,0.0942832,0.0010333999999999999,True,False,0.5706654749581742,calibrated text predictions composed under action and cost budgets,
no_budget,test-document_processing-006,test,document_processing,document_extract,use_tool|answer,use_tool,True,V-006,V-006,1.3,0.1856166,0.0016917999999999998,True,True,0.9999924069707633,calibrated text predictions composed under action and cost budgets,
no_budget,test-document_processing-007,test,document_processing,invoice_reconcile,use_tool|execute_code|verify|answer,use_tool|execute_code|verify,True,77,77,3.1,0.29346679999999997,0.0014,True,True,0.9892423923137933,calibrated text predictions composed under action and cost budgets,
no_budget,test-document_processing-008,test,document_processing,date_normalize,use_tool|delegate|answer,use_tool|delegate,True,2026-09-18,2026-09-18,2.7,0.25532499999999997,0.0021916,True,True,0.99901093859682,calibrated text predictions composed under action and cost budgets,
no_budget,test-document_processing-009,test,document_processing,crossfield_check,decompose|use_tool|verify|answer,decompose|use_tool|verify,True,NE-8009,NE-8009,2.4,0.2621584,0.001675,True,True,0.9797020760275279,calibrated text predictions composed under action and cost budgets,
no_budget,test-document_processing-010,test,document_processing,direct_literal,use_tool|answer,,True,R010,R010,1.3,0.09650840000000001,0.0010165999999999999,True,False,0.5693120042353004,calibrated text predictions composed under action and cost budgets,
no_budget,test-document_processing-011,test,document_processing,document_extract,use_tool|answer,use_tool,True,V-011,V-011,1.3,0.191125,0.0017166,True,True,0.9999858405070026,calibrated text predictions composed under action and cost budgets,
no_budget,test-document_processing-012,test,document_processing,invoice_reconcile,use_tool|execute_code|verify|answer,use_tool|execute_code|verify,True,65,65,3.1,0.2910416,0.001425,True,True,0.9895279682685384,calibrated text predictions composed under action and cost budgets,
no_budget,test-document_processing-013,test,document_processing,date_normalize,use_tool|delegate|answer,use_tool|delegate,True,2025-05-23,2025-05-23,2.7,0.25222500000000003,0.0018499999999999999,True,True,0.9985535571221675,calibrated text predictions composed under action and cost budgets,
no_budget,test-document_processing-014,test,document_processing,crossfield_check,decompose|use_tool|verify|answer,decompose|use_tool|verify,True,CE-8014,CE-8014,2.4,0.2648666,0.0015084,True,True,0.9806236853325788,calibrated text predictions composed under action and cost budgets,
no_budget,test-document_processing-015,test,document_processing,direct_literal,use_tool|answer,,True,R015,R015,1.3,0.097575,0.001075,True,False,0.5599407345124168,calibrated text predictions composed under action and cost budgets,
no_budget,test-document_processing-016,test,document_processing,document_extract,use_tool|answer,use_tool,True,V-016,V-016,1.3,0.1839,0.0016,True,True,0.9999948433328925,calibrated text predictions composed under action and cost budgets,
no_budget,test-document_processing-017,test,document_processing,invoice_reconcile,use_tool|execute_code|verify|answer,use_tool|execute_code|verify,True,93,93,3.1,0.30448339999999996,0.0017250000000000002,True,True,0.9903278747728482,calibrated text predictions composed under action and cost budgets,
no_budget,test-document_processing-018,test,document_processing,date_normalize,use_tool|delegate|answer,use_tool|delegate,True,2024-01-13,2024-01-13,2.7,0.2502584,0.0020418,True,True,0.9989147664434046,calibrated text predictions composed under action and cost budgets,
no_budget,test-document_processing-019,test,document_processing,crossfield_check,decompose|use_tool|verify|answer,decompose|use_tool|verify,True,SW-8019,SW-8019,2.4,0.26325,0.0015666,True,True,0.979108803534611,calibrated text predictions composed under action and cost budgets,
no_budget,test-document_processing-020,test,document_processing,direct_literal,use_tool|answer,,True,R020,R020,1.3,0.0964332,0.0010500000000000002,True,False,0.5603417667533546,calibrated text predictions composed under action and cost budgets,
no_budget,test-document_processing-021,test,document_processing,document_extract,use_tool|answer,use_tool,True,V-021,V-021,1.3,0.18812500000000001,0.0018499999999999999,True,True,0.9999921264185898,calibrated text predictions composed under action and cost budgets,
no_budget,test-document_processing-022,test,document_processing,invoice_reconcile,use_tool|execute_code|verify|answer,use_tool|execute_code|verify,True,64,64,3.1,0.28905820000000004,0.0013668,True,True,0.9918292125717606,calibrated text predictions composed under action and cost budgets,
no_budget,test-document_processing-023,test,document_processing,date_normalize,use_tool|delegate|answer,use_tool|delegate,True,2026-06-18,2026-06-18,2.7,0.2509166,0.0018249999999999998,True,True,0.998739663050781,calibrated text predictions composed under action and cost budgets,
no_budget,test-document_processing-024,test,document_processing,crossfield_check,decompose|use_tool|verify|answer,decompose|use_tool|verify,True,NE-8024,NE-8024,2.4,0.2651,0.0014166,True,True,0.9796649200114601,calibrated text predictions composed under action and cost budgets,
no_budget,test-document_processing-025,test,document_processing,direct_literal,use_tool|answer,,True,R025,R025,1.3,0.0969416,0.0010165999999999999,True,False,0.5754034061636838,calibrated text predictions composed under action and cost budgets,
no_budget,test-document_processing-026,test,document_processing,document_extract,use_tool|answer,use_tool,True,V-026,V-026,1.3,0.2048832,0.0021666000000000003,True,True,0.9999862694177347,calibrated text predictions composed under action and cost budgets,
no_budget,test-document_processing-027,test,document_processing,invoice_reconcile,use_tool|execute_code|verify|answer,use_tool|execute_code|verify,True,70,70,3.1,0.30301680000000003,0.0016,True,True,0.9924290907636367,calibrated text predictions composed under action and cost budgets,
no_budget,test-document_processing-028,test,document_processing,date_normalize,use_tool|delegate|answer,use_tool|delegate,True,2025-02-23,2025-02-23,2.7,0.2564,0.0020168,True,True,0.9987239599055867,calibrated text predictions composed under action and cost budgets,
no_budget,test-document_processing-029,test,document_processing,crossfield_check,decompose|use_tool|verify|answer,decompose|use_tool|verify,True,CE-8029,CE-8029,2.4,0.26880000000000004,0.0016418,True,True,0.9800863443363207,calibrated text predictions composed under action and cost budgets,
no_budget,test-document_processing-030,test,document_processing,direct_literal,use_tool|answer,,True,R030,R030,1.3,0.0978,0.0010918,True,False,0.564146792933562,calibrated text predictions composed under action and cost budgets,
no_budget,test-document_processing-031,test,document_processing,document_extract,use_tool|answer,use_tool,True,V-031,V-031,1.3,0.1864582,0.0017084,True,True,0.9999948363239931,calibrated text predictions composed under action and cost budgets,
no_budget,test-document_processing-032,test,document_processing,invoice_reconcile,use_tool|execute_code|verify|answer,use_tool|execute_code|verify,True,86,86,3.1,0.2959416,0.0013918,True,True,0.9905361653839929,calibrated text predictions composed under action and cost budgets,
no_budget,test-document_processing-033,test,document_processing,date_normalize,use_tool|delegate|answer,use_tool|delegate,True,2024-07-13,2024-07-13,2.7,0.25615,0.0017832,True,True,0.9987378036744066,calibrated text predictions composed under action and cost budgets,
no_budget,test-document_processing-034,test,document_processing,crossfield_check,decompose|use_tool|verify|answer,decompose|use_tool|verify,True,SW-8034,SW-8034,2.4,0.2618916,0.0014416,True,True,0.9778452935126282,calibrated text predictions composed under action and cost budgets,
no_budget,test-document_processing-035,test,document_processing,direct_literal,use_tool|answer,,True,R035,R035,1.3,0.0952666,0.0010168,True,False,0.5687796317550117,calibrated text predictions composed under action and cost budgets,
