policy,task_id,split,workload,kind,actions,required_actions,success,answer,expected_answer,cost,route_latency_ms,execution_latency_ms,within_cost_budget,route_exact_match,confidence,rationale,failure_mode
direct,challenge-data_analysis-000,challenge,data_analysis,direct_literal,answer,,True,R000,R000,0.3,0.0014583999999999999,0.0020334000000000003,True,True,0.5,answer directly,
direct,challenge-data_analysis-001,challenge,data_analysis,aggregate,answer,execute_code,False,,39,0.3,0.0005584,0.0005499999999999999,True,False,0.5,answer directly,no_answer
direct,challenge-data_analysis-002,challenge,data_analysis,filtered_sum,answer,decompose|execute_code,False,,82,0.3,0.0004916,0.00039160000000000003,True,False,0.5,answer directly,no_answer
direct,challenge-data_analysis-003,challenge,data_analysis,direct_literal,answer,,True,R003,R003,0.3,0.00042500000000000003,0.00095,True,True,0.5,answer directly,
direct,challenge-data_analysis-004,challenge,data_analysis,aggregate,answer,execute_code,False,,36,0.3,0.00045,0.00039160000000000003,True,False,0.5,answer directly,no_answer
direct,challenge-data_analysis-005,challenge,data_analysis,filtered_sum,answer,decompose|execute_code,False,,59,0.3,0.0004418,0.0003834,True,False,0.5,answer directly,no_answer
direct,challenge-data_analysis-006,challenge,data_analysis,direct_literal,answer,,True,R006,R006,0.3,0.00041660000000000004,0.0008750000000000001,True,True,0.5,answer directly,
direct,challenge-data_analysis-007,challenge,data_analysis,aggregate,answer,execute_code,False,,38,0.3,0.00040819999999999995,0.00035,True,False,0.5,answer directly,no_answer
direct,challenge-data_analysis-008,challenge,data_analysis,filtered_sum,answer,decompose|execute_code,False,,23,0.3,0.0004084,0.0003334,True,False,0.5,answer directly,no_answer
direct,challenge-data_analysis-009,challenge,data_analysis,direct_literal,answer,,True,R009,R009,0.3,0.0004,0.0008581999999999999,True,True,0.5,answer directly,
direct,challenge-data_analysis-010,challenge,data_analysis,aggregate,answer,execute_code,False,,35,0.3,0.0004084,0.00035,True,False,0.5,answer directly,no_answer
direct,challenge-data_analysis-011,challenge,data_analysis,filtered_sum,answer,decompose|execute_code,False,,66,0.3,0.0004,0.00033319999999999997,True,False,0.5,answer directly,no_answer
direct,challenge-data_analysis-012,challenge,data_analysis,direct_literal,answer,,True,R012,R012,0.3,0.0004084,0.0008334,True,True,0.5,answer directly,
direct,challenge-data_analysis-013,challenge,data_analysis,aggregate,answer,execute_code,False,,37,0.3,0.0004334,0.00035,True,False,0.5,answer directly,no_answer
direct,challenge-data_analysis-014,challenge,data_analysis,filtered_sum,answer,decompose|execute_code,False,,56,0.3,0.0004,0.0003334,True,False,0.5,answer directly,no_answer
direct,challenge-data_analysis-015,challenge,data_analysis,direct_literal,answer,,True,R015,R015,0.3,0.0003918,0.0008500000000000001,True,True,0.5,answer directly,
direct,challenge-data_analysis-016,challenge,data_analysis,aggregate,answer,execute_code,False,,37,0.3,0.0004,0.0003418,True,False,0.5,answer directly,no_answer
direct,challenge-data_analysis-017,challenge,data_analysis,filtered_sum,answer,decompose|execute_code,False,,67,0.3,0.00039160000000000003,0.0003418,True,False,0.5,answer directly,no_answer
direct,challenge-data_analysis-018,challenge,data_analysis,direct_literal,answer,,True,R018,R018,0.3,0.00039160000000000003,0.0008668,True,True,0.5,answer directly,
direct,challenge-data_analysis-019,challenge,data_analysis,aggregate,answer,execute_code,False,,38,0.3,0.0004,0.00035,True,False,0.5,answer directly,no_answer
direct,challenge-data_analysis-020,challenge,data_analysis,filtered_sum,answer,decompose|execute_code,False,,32,0.3,0.0003832,0.0003334,True,False,0.5,answer directly,no_answer
direct,challenge-data_analysis-021,challenge,data_analysis,direct_literal,answer,,True,R021,R021,0.3,0.00039160000000000003,0.0008918000000000001,True,True,0.5,answer directly,
direct,challenge-data_analysis-022,challenge,data_analysis,aggregate,answer,execute_code,False,,38,0.3,0.0004,0.000375,True,False,0.5,answer directly,no_answer
direct,challenge-data_analysis-023,challenge,data_analysis,filtered_sum,answer,decompose|execute_code,False,,44,0.3,0.0004,0.00035,True,False,0.5,answer directly,no_answer
direct,challenge-data_analysis-024,challenge,data_analysis,direct_literal,answer,,True,R024,R024,0.3,0.00039160000000000003,0.0008916,True,True,0.5,answer directly,
direct,challenge-data_analysis-025,challenge,data_analysis,aggregate,answer,execute_code,False,,39,0.3,0.00042500000000000003,0.00035,True,False,0.5,answer directly,no_answer
direct,challenge-data_analysis-026,challenge,data_analysis,filtered_sum,answer,decompose|execute_code,False,,50,0.3,0.0004,0.00035,True,False,0.5,answer directly,no_answer
direct,challenge-data_analysis-027,challenge,data_analysis,direct_literal,answer,,True,R027,R027,0.3,0.0004,0.0009084,True,True,0.5,answer directly,
direct,challenge-data_analysis-028,challenge,data_analysis,aggregate,answer,execute_code,False,,35,0.3,0.0004,0.00036679999999999997,True,False,0.5,answer directly,no_answer
direct,challenge-data_analysis-029,challenge,data_analysis,filtered_sum,answer,decompose|execute_code,False,,41,0.3,0.0003832,0.00035,True,False,0.5,answer directly,no_answer
direct,challenge-data_analysis-030,challenge,data_analysis,direct_literal,answer,,True,R030,R030,0.3,0.00039160000000000003,0.0008750000000000001,True,True,0.5,answer directly,
direct,challenge-data_analysis-031,challenge,data_analysis,aggregate,answer,execute_code,False,,32,0.3,0.00039160000000000003,0.0003584,True,False,0.5,answer directly,no_answer
direct,challenge-data_analysis-032,challenge,data_analysis,filtered_sum,answer,decompose|execute_code,False,,58,0.3,0.0003918,0.0003416,True,False,0.5,answer directly,no_answer
direct,challenge-data_analysis-033,challenge,data_analysis,direct_literal,answer,,True,R033,R033,0.3,0.0003834,0.0008500000000000001,True,True,0.5,answer directly,
direct,challenge-data_analysis-034,challenge,data_analysis,aggregate,answer,execute_code,False,,36,0.3,0.0004084,0.00035,True,False,0.5,answer directly,no_answer
direct,challenge-data_analysis-035,challenge,data_analysis,filtered_sum,answer,decompose|execute_code,False,,28,0.3,0.0004084,0.0003334,True,False,0.5,answer directly,no_answer
direct,challenge-research-000,challenge,research,direct_literal,answer,,True,R000,R000,0.3,0.0003918,0.0008750000000000001,True,True,0.5,answer directly,
direct,challenge-research-001,challenge,research,research_fact,answer,use_tool,False,,CODE-101,0.3,0.0003918,0.0003416,True,False,0.5,answer directly,no_answer
direct,challenge-research-002,challenge,research,research_multihop,answer,decompose|use_tool,False,,Oslo,0.3,0.0004,0.00035,True,False,0.5,answer directly,no_answer
direct,challenge-research-003,challenge,research,research_conflict,answer,use_tool|verify,False,,active,0.3,0.00039160000000000003,0.0003418,True,False,0.5,answer directly,no_answer
direct,challenge-research-004,challenge,research,research_outage,answer,delegate,False,,SP-304,0.3,0.00039160000000000003,0.000325,True,False,0.5,answer directly,no_answer
direct,challenge-research-005,challenge,research,direct_literal,answer,,True,R005,R005,0.3,0.00039160000000000003,0.0008834,True,True,0.5,answer directly,
direct,challenge-research-006,challenge,research,research_fact,answer,use_tool,False,,CODE-106,0.3,0.0004,0.00035,True,False,0.5,answer directly,no_answer
direct,challenge-research-007,challenge,research,research_multihop,answer,decompose|use_tool,False,,Lima,0.3,0.00040819999999999995,0.000325,True,False,0.5,answer directly,no_answer
direct,challenge-research-008,challenge,research,research_conflict,answer,use_tool|verify,False,,completed,0.3,0.00039160000000000003,0.000325,True,False,0.5,answer directly,no_answer
direct,challenge-research-009,challenge,research,research_outage,answer,delegate,False,,SP-309,0.3,0.0003918,0.00033319999999999997,True,False,0.5,answer directly,no_answer
direct,challenge-research-010,challenge,research,direct_literal,answer,,True,R010,R010,0.3,0.0003834,0.0008916,True,True,0.5,answer directly,
direct,challenge-research-011,challenge,research,research_fact,answer,use_tool,False,,CODE-111,0.3,0.0004,0.000375,True,False,0.5,answer directly,no_answer
direct,challenge-research-012,challenge,research,research_multihop,answer,decompose|use_tool,False,,Montreal,0.3,0.0004084,0.0003418,True,False,0.5,answer directly,no_answer
direct,challenge-research-013,challenge,research,research_conflict,answer,use_tool|verify,False,,active,0.3,0.0004,0.0003584,True,False,0.5,answer directly,no_answer
direct,challenge-research-014,challenge,research,research_outage,answer,delegate,False,,SP-314,0.3,0.0003918,0.00035,True,False,0.5,answer directly,no_answer
direct,challenge-research-015,challenge,research,direct_literal,answer,,True,R015,R015,0.3,0.00041660000000000004,0.0008750000000000001,True,True,0.5,answer directly,
direct,challenge-research-016,challenge,research,research_fact,answer,use_tool,False,,CODE-116,0.3,0.0004084,0.00035,True,False,0.5,answer directly,no_answer
direct,challenge-research-017,challenge,research,research_multihop,answer,decompose|use_tool,False,,Nairobi,0.3,0.0004,0.000325,True,False,0.5,answer directly,no_answer
direct,challenge-research-018,challenge,research,research_conflict,answer,use_tool|verify,False,,completed,0.3,0.0003834,0.0003334,True,False,0.5,answer directly,no_answer
direct,challenge-research-019,challenge,research,research_outage,answer,delegate,False,,SP-319,0.3,0.0004,0.000325,True,False,0.5,answer directly,no_answer
direct,challenge-research-020,challenge,research,direct_literal,answer,,True,R020,R020,0.3,0.0003834,0.0008666,True,True,0.5,answer directly,
direct,challenge-research-021,challenge,research,research_fact,answer,use_tool,False,,CODE-121,0.3,0.0003918,0.0003416,True,False,0.5,answer directly,no_answer
direct,challenge-research-022,challenge,research,research_multihop,answer,decompose|use_tool,False,,Oslo,0.3,0.00040819999999999995,0.00033319999999999997,True,False,0.5,answer directly,no_answer
direct,challenge-research-023,challenge,research,research_conflict,answer,use_tool|verify,False,,active,0.3,0.0004168,0.00033319999999999997,True,False,0.5,answer directly,no_answer
direct,challenge-research-024,challenge,research,research_outage,answer,delegate,False,,SP-324,0.3,0.00039160000000000003,0.000325,True,False,0.5,answer directly,no_answer
direct,challenge-research-025,challenge,research,direct_literal,answer,,True,R025,R025,0.3,0.0003832,0.0009082,True,True,0.5,answer directly,
direct,challenge-research-026,challenge,research,research_fact,answer,use_tool,False,,CODE-126,0.3,0.0004,0.0003418,True,False,0.5,answer directly,no_answer
direct,challenge-research-027,challenge,research,research_multihop,answer,decompose|use_tool,False,,Lima,0.3,0.0003834,0.0003334,True,False,0.5,answer directly,no_answer
direct,challenge-research-028,challenge,research,research_conflict,answer,use_tool|verify,False,,completed,0.3,0.0003834,0.0003666,True,False,0.5,answer directly,no_answer
direct,challenge-research-029,challenge,research,research_outage,answer,delegate,False,,SP-329,0.3,0.0004084,0.0003334,True,False,0.5,answer directly,no_answer
direct,challenge-research-030,challenge,research,direct_literal,answer,,True,R030,R030,0.3,0.0003834,0.0008834,True,True,0.5,answer directly,
direct,challenge-research-031,challenge,research,research_fact,answer,use_tool,False,,CODE-131,0.3,0.0003918,0.0003584,True,False,0.5,answer directly,no_answer
direct,challenge-research-032,challenge,research,research_multihop,answer,decompose|use_tool,False,,Montreal,0.3,0.0004,0.000325,True,False,0.5,answer directly,no_answer
direct,challenge-research-033,challenge,research,research_conflict,answer,use_tool|verify,False,,active,0.3,0.00041660000000000004,0.0003416,True,False,0.5,answer directly,no_answer
direct,challenge-research-034,challenge,research,research_outage,answer,delegate,False,,SP-334,0.3,0.00041660000000000004,0.0003584,True,False,0.5,answer directly,no_answer
direct,challenge-research-035,challenge,research,direct_literal,answer,,True,R035,R035,0.3,0.0004084,0.0008750000000000001,True,True,0.5,answer directly,
direct,challenge-document_processing-000,challenge,document_processing,direct_literal,answer,,True,R000,R000,0.3,0.00039160000000000003,0.000825,True,True,0.5,answer directly,
direct,challenge-document_processing-001,challenge,document_processing,document_extract,answer,use_tool,False,,V-001,0.3,0.0003834,0.0003584,True,False,0.5,answer directly,no_answer
direct,challenge-document_processing-002,challenge,document_processing,invoice_reconcile,answer,use_tool|execute_code|verify,False,,43,0.3,0.0004084,0.0003166,True,False,0.5,answer directly,no_answer
direct,challenge-document_processing-003,challenge,document_processing,date_normalize,answer,use_tool|delegate,False,,2024-04-13,0.3,0.0004,0.00035,True,False,0.5,answer directly,no_answer
direct,challenge-document_processing-004,challenge,document_processing,crossfield_check,answer,decompose|use_tool|verify,False,,SW-8004,0.3,0.00039160000000000003,0.0003584,True,False,0.5,answer directly,no_answer
direct,challenge-document_processing-005,challenge,document_processing,direct_literal,answer,,True,R005,R005,0.3,0.00039160000000000003,0.0008500000000000001,True,True,0.5,answer directly,
direct,challenge-document_processing-006,challenge,document_processing,document_extract,answer,use_tool,False,,V-006,0.3,0.0003832,0.00035,True,False,0.5,answer directly,no_answer
direct,challenge-document_processing-007,challenge,document_processing,invoice_reconcile,answer,use_tool|execute_code|verify,False,,69,0.3,0.0003832,0.00033319999999999997,True,False,0.5,answer directly,no_answer
direct,challenge-document_processing-008,challenge,document_processing,date_normalize,answer,use_tool|delegate,False,,2026-09-18,0.3,0.0003918,0.0003416,True,False,0.5,answer directly,no_answer
direct,challenge-document_processing-009,challenge,document_processing,crossfield_check,answer,decompose|use_tool|verify,False,,NE-8009,0.3,0.0003832,0.0003666,True,False,0.5,answer directly,no_answer
direct,challenge-document_processing-010,challenge,document_processing,direct_literal,answer,,True,R010,R010,0.3,0.000375,0.0008666,True,True,0.5,answer directly,
direct,challenge-document_processing-011,challenge,document_processing,document_extract,answer,use_tool,False,,V-011,0.3,0.0004,0.00033319999999999997,True,False,0.5,answer directly,no_answer
direct,challenge-document_processing-012,challenge,document_processing,invoice_reconcile,answer,use_tool|execute_code|verify,False,,71,0.3,0.0003832,0.000325,True,False,0.5,answer directly,no_answer
direct,challenge-document_processing-013,challenge,document_processing,date_normalize,answer,use_tool|delegate,False,,2025-05-23,0.3,0.0003832,0.0003334,True,False,0.5,answer directly,no_answer
direct,challenge-document_processing-014,challenge,document_processing,crossfield_check,answer,decompose|use_tool|verify,False,,CE-8014,0.3,0.0003834,0.000325,True,False,0.5,answer directly,no_answer
direct,challenge-document_processing-015,challenge,document_processing,direct_literal,answer,,True,R015,R015,0.3,0.0003834,0.0008500000000000001,True,True,0.5,answer directly,
direct,challenge-document_processing-016,challenge,document_processing,document_extract,answer,use_tool,False,,V-016,0.3,0.00041660000000000004,0.0003416,True,False,0.5,answer directly,no_answer
direct,challenge-document_processing-017,challenge,document_processing,invoice_reconcile,answer,use_tool|execute_code|verify,False,,64,0.3,0.0003834,0.0003334,True,False,0.5,answer directly,no_answer
direct,challenge-document_processing-018,challenge,document_processing,date_normalize,answer,use_tool|delegate,False,,2024-01-13,0.3,0.000375,0.00035,True,False,0.5,answer directly,no_answer
direct,challenge-document_processing-019,challenge,document_processing,crossfield_check,answer,decompose|use_tool|verify,False,,SW-8019,0.3,0.0003834,0.00033319999999999997,True,False,0.5,answer directly,no_answer
direct,challenge-document_processing-020,challenge,document_processing,direct_literal,answer,,True,R020,R020,0.3,0.0003834,0.0008583999999999999,True,True,0.5,answer directly,
direct,challenge-document_processing-021,challenge,document_processing,document_extract,answer,use_tool,False,,V-021,0.3,0.00039160000000000003,0.00035,True,False,0.5,answer directly,no_answer
direct,challenge-document_processing-022,challenge,document_processing,invoice_reconcile,answer,use_tool|execute_code|verify,False,,92,0.3,0.0004168,0.0003334,True,False,0.5,answer directly,no_answer
direct,challenge-document_processing-023,challenge,document_processing,date_normalize,answer,use_tool|delegate,False,,2026-06-18,0.3,0.0003832,0.0003418,True,False,0.5,answer directly,no_answer
direct,challenge-document_processing-024,challenge,document_processing,crossfield_check,answer,decompose|use_tool|verify,False,,NE-8024,0.3,0.000375,0.00033319999999999997,True,False,0.5,answer directly,no_answer
direct,challenge-document_processing-025,challenge,document_processing,direct_literal,answer,,True,R025,R025,0.3,0.000375,0.0008583999999999999,True,True,0.5,answer directly,
direct,challenge-document_processing-026,challenge,document_processing,document_extract,answer,use_tool,False,,V-026,0.3,0.00039160000000000003,0.0003418,True,False,0.5,answer directly,no_answer
direct,challenge-document_processing-027,challenge,document_processing,invoice_reconcile,answer,use_tool|execute_code|verify,False,,57,0.3,0.000375,0.000325,True,False,0.5,answer directly,no_answer
direct,challenge-document_processing-028,challenge,document_processing,date_normalize,answer,use_tool|delegate,False,,2025-02-23,0.3,0.00039160000000000003,0.0003418,True,False,0.5,answer directly,no_answer
direct,challenge-document_processing-029,challenge,document_processing,crossfield_check,answer,decompose|use_tool|verify,False,,CE-8029,0.3,0.00039160000000000003,0.00033319999999999997,True,False,0.5,answer directly,no_answer
direct,challenge-document_processing-030,challenge,document_processing,direct_literal,answer,,True,R030,R030,0.3,0.00039160000000000003,0.0008666,True,True,0.5,answer directly,
direct,challenge-document_processing-031,challenge,document_processing,document_extract,answer,use_tool,False,,V-031,0.3,0.0003918,0.00035,True,False,0.5,answer directly,no_answer
direct,challenge-document_processing-032,challenge,document_processing,invoice_reconcile,answer,use_tool|execute_code|verify,False,,61,0.3,0.0003832,0.0003166,True,False,0.5,answer directly,no_answer
direct,challenge-document_processing-033,challenge,document_processing,date_normalize,answer,use_tool|delegate,False,,2024-07-13,0.3,0.0003834,0.000325,True,False,0.5,answer directly,no_answer
direct,challenge-document_processing-034,challenge,document_processing,crossfield_check,answer,decompose|use_tool|verify,False,,SW-8034,0.3,0.0003918,0.0003334,True,False,0.5,answer directly,no_answer
direct,challenge-document_processing-035,challenge,document_processing,direct_literal,answer,,True,R035,R035,0.3,0.0003832,0.0008668,True,True,0.5,answer directly,
random,challenge-data_analysis-000,challenge,data_analysis,direct_literal,verify|answer,,True,R000,R000,0.95,0.0106584,0.0010416,True,False,0.5,deterministic random route,
random,challenge-data_analysis-001,challenge,data_analysis,aggregate,delegate|answer,execute_code,False,,39,1.7,0.0071082,0.0004917999999999999,True,False,0.5,deterministic random route,no_answer
random,challenge-data_analysis-002,challenge,data_analysis,filtered_sum,verify|answer,decompose|execute_code,False,,82,0.95,0.007008200000000001,0.00045,True,False,0.5,deterministic random route,no_answer
random,challenge-data_analysis-003,challenge,data_analysis,direct_literal,decompose|answer,,True,R003,R003,0.75,0.007016799999999999,0.0009916,True,False,0.5,deterministic random route,
random,challenge-data_analysis-004,challenge,data_analysis,aggregate,decompose|execute_code|delegate|answer,execute_code,True,36,36,3.3,0.00735,0.0014332,True,False,0.5,deterministic random route,
random,challenge-data_analysis-005,challenge,data_analysis,filtered_sum,decompose|delegate|verify|answer,decompose|execute_code,False,,59,2.8,0.0073084,0.0006165999999999999,True,False,0.5,deterministic random route,no_answer
random,challenge-data_analysis-006,challenge,data_analysis,direct_literal,execute_code|delegate|answer,,True,R006,R006,2.85,0.0072168,0.0010916,True,False,0.5,deterministic random route,
random,challenge-data_analysis-007,challenge,data_analysis,aggregate,verify|answer,execute_code,False,,38,0.95,0.007008200000000001,0.00042500000000000003,True,False,0.5,deterministic random route,no_answer
random,challenge-data_analysis-008,challenge,data_analysis,filtered_sum,answer,decompose|execute_code,False,,23,0.3,0.0069166,0.0003584,True,False,0.5,deterministic random route,no_answer
random,challenge-data_analysis-009,challenge,data_analysis,direct_literal,delegate|answer,,True,R009,R009,1.7,0.006933400000000001,0.0009666,True,False,0.5,deterministic random route,
random,challenge-data_analysis-010,challenge,data_analysis,aggregate,answer,execute_code,False,,35,0.3,0.006841600000000001,0.0003584,True,False,0.5,deterministic random route,no_answer
random,challenge-data_analysis-011,challenge,data_analysis,filtered_sum,decompose|use_tool|delegate|answer,decompose|execute_code,False,,66,3.15,0.007274999999999999,0.0007832000000000001,True,False,0.5,deterministic random route,no_answer
random,challenge-data_analysis-012,challenge,data_analysis,direct_literal,decompose|execute_code|verify|answer,,True,R012,R012,2.55,0.0072499999999999995,0.0011084,True,False,0.5,deterministic random route,
random,challenge-data_analysis-013,challenge,data_analysis,aggregate,decompose|use_tool|verify|answer,execute_code,False,,37,2.4,0.007258199999999999,0.000625,True,False,0.5,deterministic random route,no_answer
random,challenge-data_analysis-014,challenge,data_analysis,filtered_sum,answer,decompose|execute_code,False,,56,0.3,0.00685,0.00035820000000000003,True,False,0.5,deterministic random route,no_answer
random,challenge-data_analysis-015,challenge,data_analysis,direct_literal,use_tool|verify|answer,,True,R015,R015,1.95,0.007075,0.0010999999999999998,True,False,0.5,deterministic random route,
random,challenge-data_analysis-016,challenge,data_analysis,aggregate,answer,execute_code,False,,37,0.3,0.006791800000000001,0.0003584,True,False,0.5,deterministic random route,no_answer
random,challenge-data_analysis-017,challenge,data_analysis,filtered_sum,decompose|use_tool|execute_code|answer,decompose|execute_code,True,67,67,2.9,0.0071833999999999995,0.0017084,True,False,0.5,deterministic random route,
random,challenge-data_analysis-018,challenge,data_analysis,direct_literal,decompose|use_tool|answer,,True,R018,R018,1.75,0.0071334,0.0010834,True,False,0.5,deterministic random route,
random,challenge-data_analysis-019,challenge,data_analysis,aggregate,decompose|answer,execute_code,False,,38,0.75,0.006983399999999999,0.00042500000000000003,True,False,0.5,deterministic random route,no_answer
random,challenge-data_analysis-020,challenge,data_analysis,filtered_sum,decompose|answer,decompose|execute_code,False,,32,0.75,0.006991600000000001,0.0004668,True,False,0.5,deterministic random route,no_answer
random,challenge-data_analysis-021,challenge,data_analysis,direct_literal,use_tool|execute_code|answer,,True,R021,R021,2.45,0.007141799999999999,0.001075,True,False,0.5,deterministic random route,
random,challenge-data_analysis-022,challenge,data_analysis,aggregate,use_tool|delegate|answer,execute_code,False,,38,2.7,0.007049999999999999,0.0005918,True,False,0.5,deterministic random route,no_answer
random,challenge-data_analysis-023,challenge,data_analysis,filtered_sum,delegate|answer,decompose|execute_code,False,,44,1.7,0.0069500000000000004,0.0004168,True,False,0.5,deterministic random route,no_answer
random,challenge-data_analysis-024,challenge,data_analysis,direct_literal,answer,,True,R024,R024,0.3,0.0068000000000000005,0.0008750000000000001,True,True,0.5,deterministic random route,
random,challenge-data_analysis-025,challenge,data_analysis,aggregate,use_tool|execute_code|answer,execute_code,True,39,39,2.45,0.007075,0.0012000000000000001,True,False,0.5,deterministic random route,
random,challenge-data_analysis-026,challenge,data_analysis,filtered_sum,decompose|execute_code|answer,decompose|execute_code,True,50,50,1.9,0.007058200000000001,0.0013,True,True,0.5,deterministic random route,
random,challenge-data_analysis-027,challenge,data_analysis,direct_literal,use_tool|execute_code|delegate|answer,,True,R027,R027,3.85,0.007258199999999999,0.0011668,True,False,0.5,deterministic random route,
random,challenge-data_analysis-028,challenge,data_analysis,aggregate,execute_code|delegate|verify|answer,execute_code,True,35,35,3.5,0.0072666,0.0011334000000000001,True,False,0.5,deterministic random route,
random,challenge-data_analysis-029,challenge,data_analysis,filtered_sum,execute_code|answer,decompose|execute_code,False,94,41,1.45,0.0069332000000000005,0.0012584,True,False,0.5,deterministic random route,incorrect_answer
random,challenge-data_analysis-030,challenge,data_analysis,direct_literal,answer,,True,R030,R030,0.3,0.0067834,0.0008832,True,True,0.5,deterministic random route,
random,challenge-data_analysis-031,challenge,data_analysis,aggregate,decompose|delegate|answer,execute_code,False,,32,2.15,0.0083082,0.0005084,True,False,0.5,deterministic random route,no_answer
random,challenge-data_analysis-032,challenge,data_analysis,filtered_sum,decompose|use_tool|execute_code|answer,decompose|execute_code,True,58,58,2.9,0.00735,0.0015084,True,False,0.5,deterministic random route,
random,challenge-data_analysis-033,challenge,data_analysis,direct_literal,answer,,True,R033,R033,0.3,0.006858400000000001,0.0008832,True,True,0.5,deterministic random route,
random,challenge-data_analysis-034,challenge,data_analysis,aggregate,use_tool|verify|answer,execute_code,False,,36,1.95,0.007075,0.0005584,True,False,0.5,deterministic random route,no_answer
random,challenge-data_analysis-035,challenge,data_analysis,filtered_sum,verify|answer,decompose|execute_code,False,,28,0.95,0.006933400000000001,0.00042500000000000003,True,False,0.5,deterministic random route,no_answer
random,challenge-research-000,challenge,research,direct_literal,decompose|verify|answer,,True,R000,R000,1.4,0.007149999999999999,0.0010084,True,False,0.5,deterministic random route,
random,challenge-research-001,challenge,research,research_fact,decompose|execute_code|answer,use_tool,False,,CODE-101,1.9,0.007016799999999999,0.0005334000000000001,True,False,0.5,deterministic random route,no_answer
random,challenge-research-002,challenge,research,research_multihop,use_tool|execute_code|answer,decompose|use_tool,False,Lab-02,Oslo,2.45,0.007066600000000001,0.0019584,True,False,0.5,deterministic random route,incorrect_answer
random,challenge-research-003,challenge,research,research_conflict,answer,use_tool|verify,False,,active,0.3,0.006883200000000001,0.00036679999999999997,True,False,0.5,deterministic random route,no_answer
random,challenge-research-004,challenge,research,research_outage,use_tool|execute_code|verify|answer,delegate,False,,SP-304,3.1,0.0072168,0.000625,True,False,0.5,deterministic random route,use_tool_unavailable
random,challenge-research-005,challenge,research,direct_literal,answer,,True,R005,R005,0.3,0.006908200000000001,0.0009,True,True,0.5,deterministic random route,
random,challenge-research-006,challenge,research,research_fact,use_tool|execute_code|verify|answer,use_tool,True,CODE-106,CODE-106,3.1,0.0072834,0.0015,True,False,0.5,deterministic random route,
random,challenge-research-007,challenge,research,research_multihop,answer,decompose|use_tool,False,,Lima,0.3,0.0069084,0.0003666,True,False,0.5,deterministic random route,no_answer
random,challenge-research-008,challenge,research,research_conflict,answer,use_tool|verify,False,,completed,0.3,0.0067916,0.0003418,True,False,0.5,deterministic random route,no_answer
random,challenge-research-009,challenge,research,research_outage,decompose|verify|answer,delegate,False,,SP-309,1.4,0.0083,0.0005,True,False,0.5,deterministic random route,no_answer
random,challenge-research-010,challenge,research,direct_literal,use_tool|execute_code|delegate|answer,,True,R010,R010,3.85,0.0073332,0.0011832000000000001,True,False,0.5,deterministic random route,
random,challenge-research-011,challenge,research,research_fact,execute_code|delegate|answer,use_tool,False,,CODE-111,2.85,0.0110834,0.0005082,True,False,0.5,deterministic random route,no_answer
random,challenge-research-012,challenge,research,research_multihop,delegate|answer,decompose|use_tool,False,,Montreal,1.7,0.007000000000000001,0.0004416,True,False,0.5,deterministic random route,no_answer
random,challenge-research-013,challenge,research,research_conflict,decompose|delegate|verify|answer,use_tool|verify,False,,active,2.8,0.0072,0.0006418,True,False,0.5,deterministic random route,no_answer
random,challenge-research-014,challenge,research,research_outage,use_tool|answer,delegate,False,,SP-314,1.3,0.006975,0.0005082,True,False,0.5,deterministic random route,use_tool_unavailable
random,challenge-research-015,challenge,research,direct_literal,decompose|use_tool|answer,,True,R015,R015,1.75,0.008141800000000001,0.0010831999999999999,True,False,0.5,deterministic random route,
random,challenge-research-016,challenge,research,research_fact,use_tool|answer,use_tool,True,CODE-116,CODE-116,1.3,0.0070333999999999995,0.0011416,True,True,0.5,deterministic random route,
random,challenge-research-017,challenge,research,research_multihop,use_tool|answer,decompose|use_tool,False,Lab-17,Nairobi,1.3,0.006925000000000001,0.001375,True,False,0.5,deterministic random route,incorrect_answer
random,challenge-research-018,challenge,research,research_conflict,use_tool|execute_code|delegate|answer,use_tool|verify,False,active,completed,3.85,0.0077832,0.0013416,True,False,0.5,deterministic random route,incorrect_answer
random,challenge-research-019,challenge,research,research_outage,decompose|delegate|verify|answer,delegate,True,SP-319,SP-319,2.8,0.0072666,0.0011334000000000001,True,False,0.5,deterministic random route,
random,challenge-research-020,challenge,research,direct_literal,use_tool|answer,,True,R020,R020,1.3,0.006991600000000001,0.0010418,True,False,0.5,deterministic random route,
random,challenge-research-021,challenge,research,research_fact,answer,use_tool,False,,CODE-121,0.3,0.006866800000000001,0.000375,True,False,0.5,deterministic random route,no_answer
random,challenge-research-022,challenge,research,research_multihop,decompose|answer,decompose|use_tool,False,,Oslo,0.75,0.0070416,0.0005168,True,False,0.5,deterministic random route,no_answer
random,challenge-research-023,challenge,research,research_conflict,execute_code|delegate|verify|answer,use_tool|verify,False,,active,3.5,0.007208399999999999,0.0005916000000000001,True,False,0.5,deterministic random route,no_answer
random,challenge-research-024,challenge,research,research_outage,execute_code|delegate|verify|answer,delegate,True,SP-324,SP-324,3.5,0.0072584,0.0011166000000000001,True,False,0.5,deterministic random route,
random,challenge-research-025,challenge,research,direct_literal,decompose|execute_code|answer,,True,R025,R025,1.9,0.0071334,0.0010500000000000002,True,False,0.5,deterministic random route,
random,challenge-research-026,challenge,research,research_fact,use_tool|execute_code|verify|answer,use_tool,True,CODE-126,CODE-126,3.1,0.00785,0.0013418,True,False,0.5,deterministic random route,
random,challenge-research-027,challenge,research,research_multihop,decompose|delegate|verify|answer,decompose|use_tool,False,,Lima,2.8,0.0072834,0.0006334,True,False,0.5,deterministic random route,no_answer
random,challenge-research-028,challenge,research,research_conflict,decompose|delegate|answer,use_tool|verify,False,,completed,2.15,0.0070832,0.0005,True,False,0.5,deterministic random route,no_answer
random,challenge-research-029,challenge,research,research_outage,execute_code|delegate|verify|answer,delegate,True,SP-329,SP-329,3.5,0.007358399999999999,0.0011334000000000001,True,False,0.5,deterministic random route,
random,challenge-research-030,challenge,research,direct_literal,decompose|execute_code|answer,,True,R030,R030,1.9,0.0072916,0.001025,True,False,0.5,deterministic random route,
random,challenge-research-031,challenge,research,research_fact,answer,use_tool,False,,CODE-131,0.3,0.006825,0.0003666,True,False,0.5,deterministic random route,no_answer
random,challenge-research-032,challenge,research,research_multihop,use_tool|delegate|answer,decompose|use_tool,False,Lab-32,Montreal,2.7,0.0070999999999999995,0.0014668,True,False,0.5,deterministic random route,incorrect_answer
random,challenge-research-033,challenge,research,research_conflict,use_tool|execute_code|delegate|answer,use_tool|verify,False,paused,active,3.85,0.007225,0.0012331999999999998,True,False,0.5,deterministic random route,incorrect_answer
random,challenge-research-034,challenge,research,research_outage,decompose|answer,delegate,False,,SP-334,0.75,0.007075,0.0004666,True,False,0.5,deterministic random route,no_answer
random,challenge-research-035,challenge,research,direct_literal,decompose|execute_code|delegate|answer,,True,R035,R035,3.3,0.007241599999999999,0.0010834,True,False,0.5,deterministic random route,
random,challenge-document_processing-000,challenge,document_processing,direct_literal,answer,,True,R000,R000,0.3,0.006825,0.0008583999999999999,True,True,0.5,deterministic random route,
random,challenge-document_processing-001,challenge,document_processing,document_extract,decompose|delegate|verify|answer,use_tool,False,,V-001,2.8,0.007283199999999999,0.0005668,True,False,0.5,deterministic random route,no_answer
random,challenge-document_processing-002,challenge,document_processing,invoice_reconcile,decompose|execute_code|delegate|answer,use_tool|execute_code|verify,False,,43,3.3,0.0071416,0.0006165999999999999,True,False,0.5,deterministic random route,no_answer
random,challenge-document_processing-003,challenge,document_processing,date_normalize,use_tool|answer,use_tool|delegate,False,13/04/2024,2024-04-13,1.3,0.007025000000000001,0.0012834,True,False,0.5,deterministic random route,incorrect_answer
random,challenge-document_processing-004,challenge,document_processing,crossfield_check,answer,decompose|use_tool|verify,False,,SW-8004,0.3,0.006791800000000001,0.00035820000000000003,True,False,0.5,deterministic random route,no_answer
random,challenge-document_processing-005,challenge,document_processing,direct_literal,answer,,True,R005,R005,0.3,0.0067916,0.0008668,True,True,0.5,deterministic random route,
random,challenge-document_processing-006,challenge,document_processing,document_extract,execute_code|answer,use_tool,False,,V-006,1.45,0.006933400000000001,0.00045,True,False,0.5,deterministic random route,no_answer
random,challenge-document_processing-007,challenge,document_processing,invoice_reconcile,use_tool|verify|answer,use_tool|execute_code|verify,False,72,69,1.95,0.0070918,0.0012582,True,False,0.5,deterministic random route,incorrect_answer
random,challenge-document_processing-008,challenge,document_processing,date_normalize,use_tool|answer,use_tool|delegate,False,09/18/2026,2026-09-18,1.3,0.006900000000000001,0.0011417999999999999,True,False,0.5,deterministic random route,incorrect_answer
random,challenge-document_processing-009,challenge,document_processing,crossfield_check,execute_code|answer,decompose|use_tool|verify,False,,NE-8009,1.45,0.006941600000000001,0.0004334,True,False,0.5,deterministic random route,no_answer
random,challenge-document_processing-010,challenge,document_processing,direct_literal,answer,,True,R010,R010,0.3,0.0068666000000000005,0.0008916,True,True,0.5,deterministic random route,
random,challenge-document_processing-011,challenge,document_processing,document_extract,answer,use_tool,False,,V-011,0.3,0.0067666,0.0003418,True,False,0.5,deterministic random route,no_answer
random,challenge-document_processing-012,challenge,document_processing,invoice_reconcile,decompose|execute_code|answer,use_tool|execute_code|verify,False,,71,1.9,0.007083399999999999,0.0005250000000000001,True,False,0.5,deterministic random route,no_answer
random,challenge-document_processing-013,challenge,document_processing,date_normalize,decompose|execute_code|delegate|answer,use_tool|delegate,False,,2025-05-23,3.3,0.007233399999999999,0.0005916000000000001,True,False,0.5,deterministic random route,no_answer
random,challenge-document_processing-014,challenge,document_processing,crossfield_check,verify|answer,decompose|use_tool|verify,False,,CE-8014,0.95,0.006991600000000001,0.0007084,True,False,0.5,deterministic random route,no_answer
random,challenge-document_processing-015,challenge,document_processing,direct_literal,delegate|answer,,True,R015,R015,1.7,0.0070166000000000004,0.0009417999999999999,True,False,0.5,deterministic random route,
random,challenge-document_processing-016,challenge,document_processing,document_extract,verify|answer,use_tool,False,,V-016,0.95,0.0069084,0.00045840000000000003,True,False,0.5,deterministic random route,no_answer
random,challenge-document_processing-017,challenge,document_processing,invoice_reconcile,decompose|execute_code|delegate|answer,use_tool|execute_code|verify,False,,64,3.3,0.007875,0.0005916000000000001,True,False,0.5,deterministic random route,no_answer
random,challenge-document_processing-018,challenge,document_processing,date_normalize,verify|answer,use_tool|delegate,False,,2024-01-13,0.95,0.007033200000000001,0.0004418,True,False,0.5,deterministic random route,no_answer
random,challenge-document_processing-019,challenge,document_processing,crossfield_check,decompose|use_tool|answer,decompose|use_tool|verify,False,SW,SW-8019,1.75,0.007124999999999999,0.0012416,True,False,0.5,deterministic random route,incorrect_answer
random,challenge-document_processing-020,challenge,document_processing,direct_literal,decompose|execute_code|verify|answer,,True,R020,R020,2.55,0.0071665999999999995,0.0010916,True,False,0.5,deterministic random route,
random,challenge-document_processing-021,challenge,document_processing,document_extract,verify|answer,use_tool,False,,V-021,0.95,0.007000000000000001,0.00042500000000000003,True,False,0.5,deterministic random route,no_answer
random,challenge-document_processing-022,challenge,document_processing,invoice_reconcile,use_tool|delegate|verify|answer,use_tool|execute_code|verify,False,90,92,3.35,0.007375,0.0012666,True,False,0.5,deterministic random route,incorrect_answer
random,challenge-document_processing-023,challenge,document_processing,date_normalize,answer,use_tool|delegate,False,,2026-06-18,0.3,0.006941600000000001,0.000375,True,False,0.5,deterministic random route,no_answer
random,challenge-document_processing-024,challenge,document_processing,crossfield_check,answer,decompose|use_tool|verify,False,,NE-8024,0.3,0.006816600000000001,0.0003416,True,False,0.5,deterministic random route,no_answer
random,challenge-document_processing-025,challenge,document_processing,direct_literal,decompose|delegate|verify|answer,,True,R025,R025,2.8,0.0072082,0.0011082,True,False,0.5,deterministic random route,
random,challenge-document_processing-026,challenge,document_processing,document_extract,decompose|execute_code|delegate|answer,use_tool,False,,V-026,3.3,0.007141799999999999,0.0005499999999999999,True,False,0.5,deterministic random route,no_answer
random,challenge-document_processing-027,challenge,document_processing,invoice_reconcile,decompose|delegate|verify|answer,use_tool|execute_code|verify,False,,57,2.8,0.007174999999999999,0.000575,True,False,0.5,deterministic random route,no_answer
random,challenge-document_processing-028,challenge,document_processing,date_normalize,delegate|verify|answer,use_tool|delegate,False,,2025-02-23,2.35,0.007049999999999999,0.0005,True,False,0.5,deterministic random route,no_answer
random,challenge-document_processing-029,challenge,document_processing,crossfield_check,use_tool|execute_code|delegate|answer,decompose|use_tool|verify,False,CE,CE-8029,3.85,0.0071665999999999995,0.0012168,True,False,0.5,deterministic random route,incorrect_answer
random,challenge-document_processing-030,challenge,document_processing,direct_literal,decompose|use_tool|delegate|answer,,True,R030,R030,3.15,0.007116599999999999,0.0011332,True,False,0.5,deterministic random route,
random,challenge-document_processing-031,challenge,document_processing,document_extract,use_tool|execute_code|answer,use_tool,True,V-031,V-031,2.45,0.007158200000000001,0.0024166,True,False,0.5,deterministic random route,
random,challenge-document_processing-032,challenge,document_processing,invoice_reconcile,use_tool|delegate|verify|answer,use_tool|execute_code|verify,False,59,61,3.35,0.0071918,0.0011916,True,False,0.5,deterministic random route,incorrect_answer
random,challenge-document_processing-033,challenge,document_processing,date_normalize,decompose|delegate|answer,use_tool|delegate,False,,2024-07-13,2.15,0.0071416,0.0005084,True,False,0.5,deterministic random route,no_answer
random,challenge-document_processing-034,challenge,document_processing,crossfield_check,use_tool|execute_code|answer,decompose|use_tool|verify,False,SW,SW-8034,2.45,0.0070668,0.0011334000000000001,True,False,0.5,deterministic random route,incorrect_answer
random,challenge-document_processing-035,challenge,document_processing,direct_literal,answer,,True,R035,R035,0.3,0.006791800000000001,0.0008750000000000001,True,True,0.5,deterministic random route,
fixed_agent,challenge-data_analysis-000,challenge,data_analysis,direct_literal,decompose|use_tool|execute_code|delegate|verify|answer,,True,R000,R000,4.95,0.0006084,0.0012582,False,False,0.5,fixed full workflow,
fixed_agent,challenge-data_analysis-001,challenge,data_analysis,aggregate,decompose|use_tool|execute_code|delegate|verify|answer,execute_code,True,39,39,4.95,0.0005082,0.001375,False,False,0.5,fixed full workflow,
fixed_agent,challenge-data_analysis-002,challenge,data_analysis,filtered_sum,decompose|use_tool|execute_code|delegate|verify|answer,decompose|execute_code,True,82,82,4.95,0.0005,0.0016250000000000001,False,False,0.5,fixed full workflow,
fixed_agent,challenge-data_analysis-003,challenge,data_analysis,direct_literal,decompose|use_tool|execute_code|delegate|verify|answer,,True,R003,R003,4.95,0.0004834,0.00125,False,False,0.5,fixed full workflow,
fixed_agent,challenge-data_analysis-004,challenge,data_analysis,aggregate,decompose|use_tool|execute_code|delegate|verify|answer,execute_code,True,36,36,4.95,0.0004834,0.0013,False,False,0.5,fixed full workflow,
fixed_agent,challenge-data_analysis-005,challenge,data_analysis,filtered_sum,decompose|use_tool|execute_code|delegate|verify|answer,decompose|execute_code,True,59,59,4.95,0.0004834,0.0015,False,False,0.5,fixed full workflow,
fixed_agent,challenge-data_analysis-006,challenge,data_analysis,direct_literal,decompose|use_tool|execute_code|delegate|verify|answer,,True,R006,R006,4.95,0.0005,0.00125,False,False,0.5,fixed full workflow,
fixed_agent,challenge-data_analysis-007,challenge,data_analysis,aggregate,decompose|use_tool|execute_code|delegate|verify|answer,execute_code,True,38,38,4.95,0.0004834,0.0012834,False,False,0.5,fixed full workflow,
fixed_agent,challenge-data_analysis-008,challenge,data_analysis,filtered_sum,decompose|use_tool|execute_code|delegate|verify|answer,decompose|execute_code,True,23,23,4.95,0.0004834,0.0015084,False,False,0.5,fixed full workflow,
fixed_agent,challenge-data_analysis-009,challenge,data_analysis,direct_literal,decompose|use_tool|execute_code|delegate|verify|answer,,True,R009,R009,4.95,0.0004834,0.0012749999999999999,False,False,0.5,fixed full workflow,
fixed_agent,challenge-data_analysis-010,challenge,data_analysis,aggregate,decompose|use_tool|execute_code|delegate|verify|answer,execute_code,True,35,35,4.95,0.00048320000000000004,0.0012834,False,False,0.5,fixed full workflow,
fixed_agent,challenge-data_analysis-011,challenge,data_analysis,filtered_sum,decompose|use_tool|execute_code|delegate|verify|answer,decompose|execute_code,True,66,66,4.95,0.00048320000000000004,0.0015666,False,False,0.5,fixed full workflow,
fixed_agent,challenge-data_analysis-012,challenge,data_analysis,direct_literal,decompose|use_tool|execute_code|delegate|verify|answer,,True,R012,R012,4.95,0.0004834,0.00125,False,False,0.5,fixed full workflow,
fixed_agent,challenge-data_analysis-013,challenge,data_analysis,aggregate,decompose|use_tool|execute_code|delegate|verify|answer,execute_code,True,37,37,4.95,0.0004834,0.0013084,False,False,0.5,fixed full workflow,
fixed_agent,challenge-data_analysis-014,challenge,data_analysis,filtered_sum,decompose|use_tool|execute_code|delegate|verify|answer,decompose|execute_code,True,56,56,4.95,0.0004666,0.0015668000000000001,False,False,0.5,fixed full workflow,
fixed_agent,challenge-data_analysis-015,challenge,data_analysis,direct_literal,decompose|use_tool|execute_code|delegate|verify|answer,,True,R015,R015,4.95,0.00048320000000000004,0.0012418,False,False,0.5,fixed full workflow,
fixed_agent,challenge-data_analysis-016,challenge,data_analysis,aggregate,decompose|use_tool|execute_code|delegate|verify|answer,execute_code,True,37,37,4.95,0.0005,0.0012834,False,False,0.5,fixed full workflow,
fixed_agent,challenge-data_analysis-017,challenge,data_analysis,filtered_sum,decompose|use_tool|execute_code|delegate|verify|answer,decompose|execute_code,True,67,67,4.95,0.00048320000000000004,0.0015084,False,False,0.5,fixed full workflow,
fixed_agent,challenge-data_analysis-018,challenge,data_analysis,direct_literal,decompose|use_tool|execute_code|delegate|verify|answer,,True,R018,R018,4.95,0.000475,0.0012331999999999998,False,False,0.5,fixed full workflow,
fixed_agent,challenge-data_analysis-019,challenge,data_analysis,aggregate,decompose|use_tool|execute_code|delegate|verify|answer,execute_code,True,38,38,4.95,0.0004834,0.0012749999999999999,False,False,0.5,fixed full workflow,
fixed_agent,challenge-data_analysis-020,challenge,data_analysis,filtered_sum,decompose|use_tool|execute_code|delegate|verify|answer,decompose|execute_code,True,32,32,4.95,0.000475,0.0014834,False,False,0.5,fixed full workflow,
fixed_agent,challenge-data_analysis-021,challenge,data_analysis,direct_literal,decompose|use_tool|execute_code|delegate|verify|answer,,True,R021,R021,4.95,0.0004834,0.0012334,False,False,0.5,fixed full workflow,
fixed_agent,challenge-data_analysis-022,challenge,data_analysis,aggregate,decompose|use_tool|execute_code|delegate|verify|answer,execute_code,True,38,38,4.95,0.00048320000000000004,0.0013084,False,False,0.5,fixed full workflow,
fixed_agent,challenge-data_analysis-023,challenge,data_analysis,filtered_sum,decompose|use_tool|execute_code|delegate|verify|answer,decompose|execute_code,True,44,44,4.95,0.000475,0.0014918000000000002,False,False,0.5,fixed full workflow,
fixed_agent,challenge-data_analysis-024,challenge,data_analysis,direct_literal,decompose|use_tool|execute_code|delegate|verify|answer,,True,R024,R024,4.95,0.0004666,0.0012584,False,False,0.5,fixed full workflow,
fixed_agent,challenge-data_analysis-025,challenge,data_analysis,aggregate,decompose|use_tool|execute_code|delegate|verify|answer,execute_code,True,39,39,4.95,0.0004834,0.0014166,False,False,0.5,fixed full workflow,
fixed_agent,challenge-data_analysis-026,challenge,data_analysis,filtered_sum,decompose|use_tool|execute_code|delegate|verify|answer,decompose|execute_code,True,50,50,4.95,0.0005,0.0015416,False,False,0.5,fixed full workflow,
fixed_agent,challenge-data_analysis-027,challenge,data_analysis,direct_literal,decompose|use_tool|execute_code|delegate|verify|answer,,True,R027,R027,4.95,0.0005,0.0012582,False,False,0.5,fixed full workflow,
fixed_agent,challenge-data_analysis-028,challenge,data_analysis,aggregate,decompose|use_tool|execute_code|delegate|verify|answer,execute_code,True,35,35,4.95,0.00048320000000000004,0.0013916,False,False,0.5,fixed full workflow,
fixed_agent,challenge-data_analysis-029,challenge,data_analysis,filtered_sum,decompose|use_tool|execute_code|delegate|verify|answer,decompose|execute_code,True,41,41,4.95,0.0005,0.0014916,False,False,0.5,fixed full workflow,
fixed_agent,challenge-data_analysis-030,challenge,data_analysis,direct_literal,decompose|use_tool|execute_code|delegate|verify|answer,,True,R030,R030,4.95,0.0005084,0.00125,False,False,0.5,fixed full workflow,
fixed_agent,challenge-data_analysis-031,challenge,data_analysis,aggregate,decompose|use_tool|execute_code|delegate|verify|answer,execute_code,True,32,32,4.95,0.0004666,0.0013,False,False,0.5,fixed full workflow,
fixed_agent,challenge-data_analysis-032,challenge,data_analysis,filtered_sum,decompose|use_tool|execute_code|delegate|verify|answer,decompose|execute_code,True,58,58,4.95,0.0004834,0.0016166,False,False,0.5,fixed full workflow,
fixed_agent,challenge-data_analysis-033,challenge,data_analysis,direct_literal,decompose|use_tool|execute_code|delegate|verify|answer,,True,R033,R033,4.95,0.00048320000000000004,0.001225,False,False,0.5,fixed full workflow,
fixed_agent,challenge-data_analysis-034,challenge,data_analysis,aggregate,decompose|use_tool|execute_code|delegate|verify|answer,execute_code,True,36,36,4.95,0.0004834,0.0013166,False,False,0.5,fixed full workflow,
fixed_agent,challenge-data_analysis-035,challenge,data_analysis,filtered_sum,decompose|use_tool|execute_code|delegate|verify|answer,decompose|execute_code,True,28,28,4.95,0.00048320000000000004,0.0015417999999999999,False,False,0.5,fixed full workflow,
fixed_agent,challenge-research-000,challenge,research,direct_literal,decompose|use_tool|execute_code|delegate|verify|answer,,True,R000,R000,4.95,0.0004666,0.0012418,False,False,0.5,fixed full workflow,
fixed_agent,challenge-research-001,challenge,research,research_fact,decompose|use_tool|execute_code|delegate|verify|answer,use_tool,True,CODE-101,CODE-101,4.95,0.0004666,0.0014,False,False,0.5,fixed full workflow,
fixed_agent,challenge-research-002,challenge,research,research_multihop,decompose|use_tool|execute_code|delegate|verify|answer,decompose|use_tool,True,Oslo,Oslo,4.95,0.00048320000000000004,0.0019665999999999998,False,False,0.5,fixed full workflow,
fixed_agent,challenge-research-003,challenge,research,research_conflict,decompose|use_tool|execute_code|delegate|verify|answer,use_tool|verify,True,active,active,4.95,0.000475,0.0017332,False,False,0.5,fixed full workflow,
fixed_agent,challenge-research-004,challenge,research,research_outage,decompose|use_tool|execute_code|delegate|verify|answer,delegate,False,,SP-304,4.95,0.0060084,0.0006666,False,False,0.5,fixed full workflow,use_tool_unavailable
fixed_agent,challenge-research-005,challenge,research,direct_literal,decompose|use_tool|execute_code|delegate|verify|answer,,True,R005,R005,4.95,0.0005,0.001325,False,False,0.5,fixed full workflow,
fixed_agent,challenge-research-006,challenge,research,research_fact,decompose|use_tool|execute_code|delegate|verify|answer,use_tool,True,CODE-106,CODE-106,4.95,0.000475,0.0014168,False,False,0.5,fixed full workflow,
fixed_agent,challenge-research-007,challenge,research,research_multihop,decompose|use_tool|execute_code|delegate|verify|answer,decompose|use_tool,True,Lima,Lima,4.95,0.0016250000000000001,0.003675,False,False,0.5,fixed full workflow,
fixed_agent,challenge-research-008,challenge,research,research_conflict,decompose|use_tool|execute_code|delegate|verify|answer,use_tool|verify,True,completed,completed,4.95,0.000625,0.0019668000000000003,False,False,0.5,fixed full workflow,
fixed_agent,challenge-research-009,challenge,research,research_outage,decompose|use_tool|execute_code|delegate|verify|answer,delegate,False,,SP-309,4.95,0.0005166,0.0006916,False,False,0.5,fixed full workflow,use_tool_unavailable
fixed_agent,challenge-research-010,challenge,research,direct_literal,decompose|use_tool|execute_code|delegate|verify|answer,,True,R010,R010,4.95,0.0004916,0.0013666,False,False,0.5,fixed full workflow,
fixed_agent,challenge-research-011,challenge,research,research_fact,decompose|use_tool|execute_code|delegate|verify|answer,use_tool,True,CODE-111,CODE-111,4.95,0.00048320000000000004,0.0016084,False,False,0.5,fixed full workflow,
fixed_agent,challenge-research-012,challenge,research,research_multihop,decompose|use_tool|execute_code|delegate|verify|answer,decompose|use_tool,True,Montreal,Montreal,4.95,0.0004917999999999999,0.0019834,False,False,0.5,fixed full workflow,
fixed_agent,challenge-research-013,challenge,research,research_conflict,decompose|use_tool|execute_code|delegate|verify|answer,use_tool|verify,True,active,active,4.95,0.0005084,0.0015416,False,False,0.5,fixed full workflow,
fixed_agent,challenge-research-014,challenge,research,research_outage,decompose|use_tool|execute_code|delegate|verify|answer,delegate,False,,SP-314,4.95,0.0004916,0.0006084,False,False,0.5,fixed full workflow,use_tool_unavailable
fixed_agent,challenge-research-015,challenge,research,direct_literal,decompose|use_tool|execute_code|delegate|verify|answer,,True,R015,R015,4.95,0.0005,0.0013834000000000001,False,False,0.5,fixed full workflow,
fixed_agent,challenge-research-016,challenge,research,research_fact,decompose|use_tool|execute_code|delegate|verify|answer,use_tool,True,CODE-116,CODE-116,4.95,0.0005166,0.001475,False,False,0.5,fixed full workflow,
fixed_agent,challenge-research-017,challenge,research,research_multihop,decompose|use_tool|execute_code|delegate|verify|answer,decompose|use_tool,True,Nairobi,Nairobi,4.95,0.0004834,0.0018834,False,False,0.5,fixed full workflow,
fixed_agent,challenge-research-018,challenge,research,research_conflict,decompose|use_tool|execute_code|delegate|verify|answer,use_tool|verify,True,completed,completed,4.95,0.0004834,0.0015915999999999999,False,False,0.5,fixed full workflow,
fixed_agent,challenge-research-019,challenge,research,research_outage,decompose|use_tool|execute_code|delegate|verify|answer,delegate,False,,SP-319,4.95,0.00048320000000000004,0.000575,False,False,0.5,fixed full workflow,use_tool_unavailable
fixed_agent,challenge-research-020,challenge,research,direct_literal,decompose|use_tool|execute_code|delegate|verify|answer,,True,R020,R020,4.95,0.0004917999999999999,0.0013166,False,False,0.5,fixed full workflow,
fixed_agent,challenge-research-021,challenge,research,research_fact,decompose|use_tool|execute_code|delegate|verify|answer,use_tool,True,CODE-121,CODE-121,4.95,0.0004834,0.0014332,False,False,0.5,fixed full workflow,
fixed_agent,challenge-research-022,challenge,research,research_multihop,decompose|use_tool|execute_code|delegate|verify|answer,decompose|use_tool,True,Oslo,Oslo,4.95,0.0004834,0.0018084,False,False,0.5,fixed full workflow,
fixed_agent,challenge-research-023,challenge,research,research_conflict,decompose|use_tool|execute_code|delegate|verify|answer,use_tool|verify,True,active,active,4.95,0.0004916,0.0015,False,False,0.5,fixed full workflow,
fixed_agent,challenge-research-024,challenge,research,research_outage,decompose|use_tool|execute_code|delegate|verify|answer,delegate,False,,SP-324,4.95,0.0005332,0.0005584,False,False,0.5,fixed full workflow,use_tool_unavailable
fixed_agent,challenge-research-025,challenge,research,direct_literal,decompose|use_tool|execute_code|delegate|verify|answer,,True,R025,R025,4.95,0.000475,0.0012416,False,False,0.5,fixed full workflow,
fixed_agent,challenge-research-026,challenge,research,research_fact,decompose|use_tool|execute_code|delegate|verify|answer,use_tool,True,CODE-126,CODE-126,4.95,0.000475,0.0014082,False,False,0.5,fixed full workflow,
fixed_agent,challenge-research-027,challenge,research,research_multihop,decompose|use_tool|execute_code|delegate|verify|answer,decompose|use_tool,True,Lima,Lima,4.95,0.0004916,0.0017583999999999998,False,False,0.5,fixed full workflow,
fixed_agent,challenge-research-028,challenge,research,research_conflict,decompose|use_tool|execute_code|delegate|verify|answer,use_tool|verify,True,completed,completed,4.95,0.000475,0.00155,False,False,0.5,fixed full workflow,
fixed_agent,challenge-research-029,challenge,research,research_outage,decompose|use_tool|execute_code|delegate|verify|answer,delegate,False,,SP-329,4.95,0.0004917999999999999,0.0005584,False,False,0.5,fixed full workflow,use_tool_unavailable
fixed_agent,challenge-research-030,challenge,research,direct_literal,decompose|use_tool|execute_code|delegate|verify|answer,,True,R030,R030,4.95,0.0005084,0.0012668,False,False,0.5,fixed full workflow,
fixed_agent,challenge-research-031,challenge,research,research_fact,decompose|use_tool|execute_code|delegate|verify|answer,use_tool,True,CODE-131,CODE-131,4.95,0.0005,0.001375,False,False,0.5,fixed full workflow,
fixed_agent,challenge-research-032,challenge,research,research_multihop,decompose|use_tool|execute_code|delegate|verify|answer,decompose|use_tool,True,Montreal,Montreal,4.95,0.0004916,0.0018666,False,False,0.5,fixed full workflow,
fixed_agent,challenge-research-033,challenge,research,research_conflict,decompose|use_tool|execute_code|delegate|verify|answer,use_tool|verify,True,active,active,4.95,0.0004917999999999999,0.0015166000000000001,False,False,0.5,fixed full workflow,
fixed_agent,challenge-research-034,challenge,research,research_outage,decompose|use_tool|execute_code|delegate|verify|answer,delegate,False,,SP-334,4.95,0.00048320000000000004,0.0005668,False,False,0.5,fixed full workflow,use_tool_unavailable
fixed_agent,challenge-research-035,challenge,research,direct_literal,decompose|use_tool|execute_code|delegate|verify|answer,,True,R035,R035,4.95,0.0005082,0.0012918,False,False,0.5,fixed full workflow,
fixed_agent,challenge-document_processing-000,challenge,document_processing,direct_literal,decompose|use_tool|execute_code|delegate|verify|answer,,True,R000,R000,4.95,0.000475,0.0011834,False,False,0.5,fixed full workflow,
fixed_agent,challenge-document_processing-001,challenge,document_processing,document_extract,decompose|use_tool|execute_code|delegate|verify|answer,use_tool,True,V-001,V-001,4.95,0.000475,0.00235,False,False,0.5,fixed full workflow,
fixed_agent,challenge-document_processing-002,challenge,document_processing,invoice_reconcile,decompose|use_tool|execute_code|delegate|verify|answer,use_tool|execute_code|verify,True,43,43,4.95,0.0004916,0.0015584000000000001,False,False,0.5,fixed full workflow,
fixed_agent,challenge-document_processing-003,challenge,document_processing,date_normalize,decompose|use_tool|execute_code|delegate|verify|answer,use_tool|delegate,True,2024-04-13,2024-04-13,4.95,0.0004834,0.0026915999999999997,False,False,0.5,fixed full workflow,
fixed_agent,challenge-document_processing-004,challenge,document_processing,crossfield_check,decompose|use_tool|execute_code|delegate|verify|answer,decompose|use_tool|verify,True,SW-8004,SW-8004,4.95,0.000475,0.0017332,False,False,0.5,fixed full workflow,
fixed_agent,challenge-document_processing-005,challenge,document_processing,direct_literal,decompose|use_tool|execute_code|delegate|verify|answer,,True,R005,R005,4.95,0.0004666,0.00125,False,False,0.5,fixed full workflow,
fixed_agent,challenge-document_processing-006,challenge,document_processing,document_extract,decompose|use_tool|execute_code|delegate|verify|answer,use_tool,True,V-006,V-006,4.95,0.0004834,0.0019332,False,False,0.5,fixed full workflow,
fixed_agent,challenge-document_processing-007,challenge,document_processing,invoice_reconcile,decompose|use_tool|execute_code|delegate|verify|answer,use_tool|execute_code|verify,True,69,69,4.95,0.000475,0.0014332,False,False,0.5,fixed full workflow,
fixed_agent,challenge-document_processing-008,challenge,document_processing,date_normalize,decompose|use_tool|execute_code|delegate|verify|answer,use_tool|delegate,True,2026-09-18,2026-09-18,4.95,0.000475,0.0019334,False,False,0.5,fixed full workflow,
fixed_agent,challenge-document_processing-009,challenge,document_processing,crossfield_check,decompose|use_tool|execute_code|delegate|verify|answer,decompose|use_tool|verify,True,NE-8009,NE-8009,4.95,0.00048320000000000004,0.0015,False,False,0.5,fixed full workflow,
fixed_agent,challenge-document_processing-010,challenge,document_processing,direct_literal,decompose|use_tool|execute_code|delegate|verify|answer,,True,R010,R010,4.95,0.000475,0.0012749999999999999,False,False,0.5,fixed full workflow,
fixed_agent,challenge-document_processing-011,challenge,document_processing,document_extract,decompose|use_tool|execute_code|delegate|verify|answer,use_tool,True,V-011,V-011,4.95,0.00048320000000000004,0.0018499999999999999,False,False,0.5,fixed full workflow,
fixed_agent,challenge-document_processing-012,challenge,document_processing,invoice_reconcile,decompose|use_tool|execute_code|delegate|verify|answer,use_tool|execute_code|verify,True,71,71,4.95,0.000475,0.0014084,False,False,0.5,fixed full workflow,
fixed_agent,challenge-document_processing-013,challenge,document_processing,date_normalize,decompose|use_tool|execute_code|delegate|verify|answer,use_tool|delegate,True,2025-05-23,2025-05-23,4.95,0.000475,0.0018584,False,False,0.5,fixed full workflow,
fixed_agent,challenge-document_processing-014,challenge,document_processing,crossfield_check,decompose|use_tool|execute_code|delegate|verify|answer,decompose|use_tool|verify,True,CE-8014,CE-8014,4.95,0.00048320000000000004,0.0014832,False,False,0.5,fixed full workflow,
fixed_agent,challenge-document_processing-015,challenge,document_processing,direct_literal,decompose|use_tool|execute_code|delegate|verify|answer,,True,R015,R015,4.95,0.0004666,0.0012331999999999998,False,False,0.5,fixed full workflow,
fixed_agent,challenge-document_processing-016,challenge,document_processing,document_extract,decompose|use_tool|execute_code|delegate|verify|answer,use_tool,True,V-016,V-016,4.95,0.000475,0.0018499999999999999,False,False,0.5,fixed full workflow,
fixed_agent,challenge-document_processing-017,challenge,document_processing,invoice_reconcile,decompose|use_tool|execute_code|delegate|verify|answer,use_tool|execute_code|verify,True,64,64,4.95,0.0004916,0.0014084,False,False,0.5,fixed full workflow,
fixed_agent,challenge-document_processing-018,challenge,document_processing,date_normalize,decompose|use_tool|execute_code|delegate|verify|answer,use_tool|delegate,True,2024-01-13,2024-01-13,4.95,0.00048320000000000004,0.0018915999999999998,False,False,0.5,fixed full workflow,
fixed_agent,challenge-document_processing-019,challenge,document_processing,crossfield_check,decompose|use_tool|execute_code|delegate|verify|answer,decompose|use_tool|verify,True,SW-8019,SW-8019,4.95,0.000475,0.0014918000000000002,False,False,0.5,fixed full workflow,
fixed_agent,challenge-document_processing-020,challenge,document_processing,direct_literal,decompose|use_tool|execute_code|delegate|verify|answer,,True,R020,R020,4.95,0.000475,0.0012666,False,False,0.5,fixed full workflow,
fixed_agent,challenge-document_processing-021,challenge,document_processing,document_extract,decompose|use_tool|execute_code|delegate|verify|answer,use_tool,True,V-021,V-021,4.95,0.0005,0.0018,False,False,0.5,fixed full workflow,
fixed_agent,challenge-document_processing-022,challenge,document_processing,invoice_reconcile,decompose|use_tool|execute_code|delegate|verify|answer,use_tool|execute_code|verify,True,92,92,4.95,0.0005082,0.001375,False,False,0.5,fixed full workflow,
fixed_agent,challenge-document_processing-023,challenge,document_processing,date_normalize,decompose|use_tool|execute_code|delegate|verify|answer,use_tool|delegate,True,2026-06-18,2026-06-18,4.95,0.00048320000000000004,0.0019,False,False,0.5,fixed full workflow,
fixed_agent,challenge-document_processing-024,challenge,document_processing,crossfield_check,decompose|use_tool|execute_code|delegate|verify|answer,decompose|use_tool|verify,True,NE-8024,NE-8024,4.95,0.0004668,0.001475,False,False,0.5,fixed full workflow,
fixed_agent,challenge-document_processing-025,challenge,document_processing,direct_literal,decompose|use_tool|execute_code|delegate|verify|answer,,True,R025,R025,4.95,0.0004916,0.0012334,False,False,0.5,fixed full workflow,
fixed_agent,challenge-document_processing-026,challenge,document_processing,document_extract,decompose|use_tool|execute_code|delegate|verify|answer,use_tool,True,V-026,V-026,4.95,0.000475,0.0017918,False,False,0.5,fixed full workflow,
fixed_agent,challenge-document_processing-027,challenge,document_processing,invoice_reconcile,decompose|use_tool|execute_code|delegate|verify|answer,use_tool|execute_code|verify,True,57,57,4.95,0.00048320000000000004,0.0013918,False,False,0.5,fixed full workflow,
fixed_agent,challenge-document_processing-028,challenge,document_processing,date_normalize,decompose|use_tool|execute_code|delegate|verify|answer,use_tool|delegate,True,2025-02-23,2025-02-23,4.95,0.0004834,0.0019084,False,False,0.5,fixed full workflow,
fixed_agent,challenge-document_processing-029,challenge,document_processing,crossfield_check,decompose|use_tool|execute_code|delegate|verify|answer,decompose|use_tool|verify,True,CE-8029,CE-8029,4.95,0.000475,0.0014583999999999999,False,False,0.5,fixed full workflow,
fixed_agent,challenge-document_processing-030,challenge,document_processing,direct_literal,decompose|use_tool|execute_code|delegate|verify|answer,,True,R030,R030,4.95,0.000475,0.0012416,False,False,0.5,fixed full workflow,
fixed_agent,challenge-document_processing-031,challenge,document_processing,document_extract,decompose|use_tool|execute_code|delegate|verify|answer,use_tool,True,V-031,V-031,4.95,0.000475,0.0018084,False,False,0.5,fixed full workflow,
fixed_agent,challenge-document_processing-032,challenge,document_processing,invoice_reconcile,decompose|use_tool|execute_code|delegate|verify|answer,use_tool|execute_code|verify,True,61,61,4.95,0.0004917999999999999,0.0013666,False,False,0.5,fixed full workflow,
fixed_agent,challenge-document_processing-033,challenge,document_processing,date_normalize,decompose|use_tool|execute_code|delegate|verify|answer,use_tool|delegate,True,2024-07-13,2024-07-13,4.95,0.0004917999999999999,0.0018666,False,False,0.5,fixed full workflow,
fixed_agent,challenge-document_processing-034,challenge,document_processing,crossfield_check,decompose|use_tool|execute_code|delegate|verify|answer,decompose|use_tool|verify,True,SW-8034,SW-8034,4.95,0.0004917999999999999,0.0014834,False,False,0.5,fixed full workflow,
fixed_agent,challenge-document_processing-035,challenge,document_processing,direct_literal,decompose|use_tool|execute_code|delegate|verify|answer,,True,R035,R035,4.95,0.00048320000000000004,0.0012168,False,False,0.5,fixed full workflow,
static_workload,challenge-data_analysis-000,challenge,data_analysis,direct_literal,decompose|execute_code|answer,,True,R000,R000,1.9,0.0007832000000000001,0.0009918,True,False,0.6,workload-specific fixed route,
static_workload,challenge-data_analysis-001,challenge,data_analysis,aggregate,decompose|execute_code|answer,execute_code,True,39,39,1.9,0.0005415999999999999,0.0011834,True,False,0.6,workload-specific fixed route,
static_workload,challenge-data_analysis-002,challenge,data_analysis,filtered_sum,decompose|execute_code|answer,decompose|execute_code,True,82,82,1.9,0.0005166,0.0013918,True,True,0.6,workload-specific fixed route,
static_workload,challenge-data_analysis-003,challenge,data_analysis,direct_literal,decompose|execute_code|answer,,True,R003,R003,1.9,0.0005250000000000001,0.001,True,False,0.6,workload-specific fixed route,
static_workload,challenge-data_analysis-004,challenge,data_analysis,aggregate,decompose|execute_code|answer,execute_code,True,36,36,1.9,0.0005250000000000001,0.0010666,True,False,0.6,workload-specific fixed route,
static_workload,challenge-data_analysis-005,challenge,data_analysis,filtered_sum,decompose|execute_code|answer,decompose|execute_code,True,59,59,1.9,0.0005,0.0012334,True,True,0.6,workload-specific fixed route,
static_workload,challenge-data_analysis-006,challenge,data_analysis,direct_literal,decompose|execute_code|answer,,True,R006,R006,1.9,0.0005,0.0010165999999999999,True,False,0.6,workload-specific fixed route,
static_workload,challenge-data_analysis-007,challenge,data_analysis,aggregate,decompose|execute_code|answer,execute_code,True,38,38,1.9,0.0005084,0.0010584,True,False,0.6,workload-specific fixed route,
static_workload,challenge-data_analysis-008,challenge,data_analysis,filtered_sum,decompose|execute_code|answer,decompose|execute_code,True,23,23,1.9,0.0005,0.001225,True,True,0.6,workload-specific fixed route,
static_workload,challenge-data_analysis-009,challenge,data_analysis,direct_literal,decompose|execute_code|answer,,True,R009,R009,1.9,0.0005250000000000001,0.001,True,False,0.6,workload-specific fixed route,
static_workload,challenge-data_analysis-010,challenge,data_analysis,aggregate,decompose|execute_code|answer,execute_code,True,35,35,1.9,0.0005084,0.0010333999999999999,True,False,0.6,workload-specific fixed route,
static_workload,challenge-data_analysis-011,challenge,data_analysis,filtered_sum,decompose|execute_code|answer,decompose|execute_code,True,66,66,1.9,0.0004834,0.0013084,True,True,0.6,workload-specific fixed route,
static_workload,challenge-data_analysis-012,challenge,data_analysis,direct_literal,decompose|execute_code|answer,,True,R012,R012,1.9,0.0005,0.0009916,True,False,0.6,workload-specific fixed route,
static_workload,challenge-data_analysis-013,challenge,data_analysis,aggregate,decompose|execute_code|answer,execute_code,True,37,37,1.9,0.0005332,0.0010416,True,False,0.6,workload-specific fixed route,
static_workload,challenge-data_analysis-014,challenge,data_analysis,filtered_sum,decompose|execute_code|answer,decompose|execute_code,True,56,56,1.9,0.0005,0.0012584,True,True,0.6,workload-specific fixed route,
static_workload,challenge-data_analysis-015,challenge,data_analysis,direct_literal,decompose|execute_code|answer,,True,R015,R015,1.9,0.00048320000000000004,0.0009584000000000001,True,False,0.6,workload-specific fixed route,
static_workload,challenge-data_analysis-016,challenge,data_analysis,aggregate,decompose|execute_code|answer,execute_code,True,37,37,1.9,0.00048320000000000004,0.0010084,True,False,0.6,workload-specific fixed route,
static_workload,challenge-data_analysis-017,challenge,data_analysis,filtered_sum,decompose|execute_code|answer,decompose|execute_code,True,67,67,1.9,0.0005,0.0012331999999999998,True,True,0.6,workload-specific fixed route,
static_workload,challenge-data_analysis-018,challenge,data_analysis,direct_literal,decompose|execute_code|answer,,True,R018,R018,1.9,0.0005,0.0009916,True,False,0.6,workload-specific fixed route,
static_workload,challenge-data_analysis-019,challenge,data_analysis,aggregate,decompose|execute_code|answer,execute_code,True,38,38,1.9,0.0005084,0.0010416,True,False,0.6,workload-specific fixed route,
static_workload,challenge-data_analysis-020,challenge,data_analysis,filtered_sum,decompose|execute_code|answer,decompose|execute_code,True,32,32,1.9,0.0004834,0.0050416,True,True,0.6,workload-specific fixed route,
static_workload,challenge-data_analysis-021,challenge,data_analysis,direct_literal,decompose|execute_code|answer,,True,R021,R021,1.9,0.0004916,0.001,True,False,0.6,workload-specific fixed route,
static_workload,challenge-data_analysis-022,challenge,data_analysis,aggregate,decompose|execute_code|answer,execute_code,True,38,38,1.9,0.000475,0.0010582,True,False,0.6,workload-specific fixed route,
static_workload,challenge-data_analysis-023,challenge,data_analysis,filtered_sum,decompose|execute_code|answer,decompose|execute_code,True,44,44,1.9,0.0004834,0.001225,True,True,0.6,workload-specific fixed route,
static_workload,challenge-data_analysis-024,challenge,data_analysis,direct_literal,decompose|execute_code|answer,,True,R024,R024,1.9,0.0004917999999999999,0.000975,True,False,0.6,workload-specific fixed route,
static_workload,challenge-data_analysis-025,challenge,data_analysis,aggregate,decompose|execute_code|answer,execute_code,True,39,39,1.9,0.00048320000000000004,0.001025,True,False,0.6,workload-specific fixed route,
static_workload,challenge-data_analysis-026,challenge,data_analysis,filtered_sum,decompose|execute_code|answer,decompose|execute_code,True,50,50,1.9,0.0004834,0.0012166,True,True,0.6,workload-specific fixed route,
static_workload,challenge-data_analysis-027,challenge,data_analysis,direct_literal,decompose|execute_code|answer,,True,R027,R027,1.9,0.0004916,0.0010082000000000001,True,False,0.6,workload-specific fixed route,
static_workload,challenge-data_analysis-028,challenge,data_analysis,aggregate,decompose|execute_code|answer,execute_code,True,35,35,1.9,0.0004917999999999999,0.0010165999999999999,True,False,0.6,workload-specific fixed route,
static_workload,challenge-data_analysis-029,challenge,data_analysis,filtered_sum,decompose|execute_code|answer,decompose|execute_code,True,41,41,1.9,0.0005,0.0012666,True,True,0.6,workload-specific fixed route,
static_workload,challenge-data_analysis-030,challenge,data_analysis,direct_literal,decompose|execute_code|answer,,True,R030,R030,1.9,0.0013166,0.001,True,False,0.6,workload-specific fixed route,
static_workload,challenge-data_analysis-031,challenge,data_analysis,aggregate,decompose|execute_code|answer,execute_code,True,32,32,1.9,0.00048320000000000004,0.0011168,True,False,0.6,workload-specific fixed route,
static_workload,challenge-data_analysis-032,challenge,data_analysis,filtered_sum,decompose|execute_code|answer,decompose|execute_code,True,58,58,1.9,0.0004834,0.0013,True,True,0.6,workload-specific fixed route,
static_workload,challenge-data_analysis-033,challenge,data_analysis,direct_literal,decompose|execute_code|answer,,True,R033,R033,1.9,0.0004834,0.0009832,True,False,0.6,workload-specific fixed route,
static_workload,challenge-data_analysis-034,challenge,data_analysis,aggregate,decompose|execute_code|answer,execute_code,True,36,36,1.9,0.0004834,0.0010416,True,False,0.6,workload-specific fixed route,
static_workload,challenge-data_analysis-035,challenge,data_analysis,filtered_sum,decompose|execute_code|answer,decompose|execute_code,True,28,28,1.9,0.0004916,0.0012418,True,True,0.6,workload-specific fixed route,
static_workload,challenge-research-000,challenge,research,direct_literal,decompose|use_tool|verify|answer,,True,R000,R000,2.4,0.0005666,0.00115,True,False,0.6,workload-specific fixed route,
static_workload,challenge-research-001,challenge,research,research_fact,decompose|use_tool|verify|answer,use_tool,True,CODE-101,CODE-101,2.4,0.0005,0.0013,True,False,0.6,workload-specific fixed route,
static_workload,challenge-research-002,challenge,research,research_multihop,decompose|use_tool|verify|answer,decompose|use_tool,True,Oslo,Oslo,2.4,0.0004916,0.0017583999999999998,True,False,0.6,workload-specific fixed route,
static_workload,challenge-research-003,challenge,research,research_conflict,decompose|use_tool|verify|answer,use_tool|verify,True,active,active,2.4,0.0004916,0.0014583999999999999,True,False,0.6,workload-specific fixed route,
static_workload,challenge-research-004,challenge,research,research_outage,decompose|use_tool|verify|answer,delegate,False,,SP-304,2.4,0.0004916,0.0006416,True,False,0.6,workload-specific fixed route,use_tool_unavailable
static_workload,challenge-research-005,challenge,research,direct_literal,decompose|use_tool|verify|answer,,True,R005,R005,2.4,0.0005,0.0011084,True,False,0.6,workload-specific fixed route,
static_workload,challenge-research-006,challenge,research,research_fact,decompose|use_tool|verify|answer,use_tool,True,CODE-106,CODE-106,2.4,0.0005,0.0012666,True,False,0.6,workload-specific fixed route,
static_workload,challenge-research-007,challenge,research,research_multihop,decompose|use_tool|verify|answer,decompose|use_tool,True,Lima,Lima,2.4,0.0005084,0.0016833999999999998,True,False,0.6,workload-specific fixed route,
static_workload,challenge-research-008,challenge,research,research_conflict,decompose|use_tool|verify|answer,use_tool|verify,True,completed,completed,2.4,0.0005166,0.0014416,True,False,0.6,workload-specific fixed route,
static_workload,challenge-research-009,challenge,research,research_outage,decompose|use_tool|verify|answer,delegate,False,,SP-309,2.4,0.0005166,0.0005832000000000001,True,False,0.6,workload-specific fixed route,use_tool_unavailable
static_workload,challenge-research-010,challenge,research,direct_literal,decompose|use_tool|verify|answer,,True,R010,R010,2.4,0.0005084,0.0010999999999999998,True,False,0.6,workload-specific fixed route,
static_workload,challenge-research-011,challenge,research,research_fact,decompose|use_tool|verify|answer,use_tool,True,CODE-111,CODE-111,2.4,0.0005084,0.0012334,True,False,0.6,workload-specific fixed route,
static_workload,challenge-research-012,challenge,research,research_multihop,decompose|use_tool|verify|answer,decompose|use_tool,True,Montreal,Montreal,2.4,0.0005,0.0016832,True,False,0.6,workload-specific fixed route,
static_workload,challenge-research-013,challenge,research,research_conflict,decompose|use_tool|verify|answer,use_tool|verify,True,active,active,2.4,0.0005166,0.0013666,True,False,0.6,workload-specific fixed route,
static_workload,challenge-research-014,challenge,research,research_outage,decompose|use_tool|verify|answer,delegate,False,,SP-314,2.4,0.0005084,0.0005834,True,False,0.6,workload-specific fixed route,use_tool_unavailable
static_workload,challenge-research-015,challenge,research,direct_literal,decompose|use_tool|verify|answer,,True,R015,R015,2.4,0.0005,0.0010999999999999998,True,False,0.6,workload-specific fixed route,
static_workload,challenge-research-016,challenge,research,research_fact,decompose|use_tool|verify|answer,use_tool,True,CODE-116,CODE-116,2.4,0.0005166,0.0012334,True,False,0.6,workload-specific fixed route,
static_workload,challenge-research-017,challenge,research,research_multihop,decompose|use_tool|verify|answer,decompose|use_tool,True,Nairobi,Nairobi,2.4,0.0005084,0.0016666,True,False,0.6,workload-specific fixed route,
static_workload,challenge-research-018,challenge,research,research_conflict,decompose|use_tool|verify|answer,use_tool|verify,True,completed,completed,2.4,0.0005,0.001425,True,False,0.6,workload-specific fixed route,
static_workload,challenge-research-019,challenge,research,research_outage,decompose|use_tool|verify|answer,delegate,False,,SP-319,2.4,0.0004916,0.0005666,True,False,0.6,workload-specific fixed route,use_tool_unavailable
static_workload,challenge-research-020,challenge,research,direct_literal,decompose|use_tool|verify|answer,,True,R020,R020,2.4,0.00048320000000000004,0.0010999999999999998,True,False,0.6,workload-specific fixed route,
static_workload,challenge-research-021,challenge,research,research_fact,decompose|use_tool|verify|answer,use_tool,True,CODE-121,CODE-121,2.4,0.0005,0.0012584,True,False,0.6,workload-specific fixed route,
static_workload,challenge-research-022,challenge,research,research_multihop,decompose|use_tool|verify|answer,decompose|use_tool,True,Oslo,Oslo,2.4,0.0004834,0.002425,True,False,0.6,workload-specific fixed route,
static_workload,challenge-research-023,challenge,research,research_conflict,decompose|use_tool|verify|answer,use_tool|verify,True,active,active,2.4,0.0005,0.00195,True,False,0.6,workload-specific fixed route,
static_workload,challenge-research-024,challenge,research,research_outage,decompose|use_tool|verify|answer,delegate,False,,SP-324,2.4,0.0005250000000000001,0.0005666,True,False,0.6,workload-specific fixed route,use_tool_unavailable
static_workload,challenge-research-025,challenge,research,direct_literal,decompose|use_tool|verify|answer,,True,R025,R025,2.4,0.0005084,0.0010999999999999998,True,False,0.6,workload-specific fixed route,
static_workload,challenge-research-026,challenge,research,research_fact,decompose|use_tool|verify|answer,use_tool,True,CODE-126,CODE-126,2.4,0.0005084,0.0012749999999999999,True,False,0.6,workload-specific fixed route,
static_workload,challenge-research-027,challenge,research,research_multihop,decompose|use_tool|verify|answer,decompose|use_tool,True,Lima,Lima,2.4,0.0005582,0.0016832,True,False,0.6,workload-specific fixed route,
static_workload,challenge-research-028,challenge,research,research_conflict,decompose|use_tool|verify|answer,use_tool|verify,True,completed,completed,2.4,0.0005168,0.001425,True,False,0.6,workload-specific fixed route,
static_workload,challenge-research-029,challenge,research,research_outage,decompose|use_tool|verify|answer,delegate,False,,SP-329,2.4,0.0005,0.0005916000000000001,True,False,0.6,workload-specific fixed route,use_tool_unavailable
static_workload,challenge-research-030,challenge,research,direct_literal,decompose|use_tool|verify|answer,,True,R030,R030,2.4,0.0004916,0.0011166000000000001,True,False,0.6,workload-specific fixed route,
static_workload,challenge-research-031,challenge,research,research_fact,decompose|use_tool|verify|answer,use_tool,True,CODE-131,CODE-131,2.4,0.0005084,0.0012334,True,False,0.6,workload-specific fixed route,
static_workload,challenge-research-032,challenge,research,research_multihop,decompose|use_tool|verify|answer,decompose|use_tool,True,Montreal,Montreal,2.4,0.0005,0.0017166,True,False,0.6,workload-specific fixed route,
static_workload,challenge-research-033,challenge,research,research_conflict,decompose|use_tool|verify|answer,use_tool|verify,True,active,active,2.4,0.0004917999999999999,0.0013584,True,False,0.6,workload-specific fixed route,
static_workload,challenge-research-034,challenge,research,research_outage,decompose|use_tool|verify|answer,delegate,False,,SP-334,2.4,0.0005084,0.000575,True,False,0.6,workload-specific fixed route,use_tool_unavailable
static_workload,challenge-research-035,challenge,research,direct_literal,decompose|use_tool|verify|answer,,True,R035,R035,2.4,0.0004916,0.0011084,True,False,0.6,workload-specific fixed route,
static_workload,challenge-document_processing-000,challenge,document_processing,direct_literal,decompose|use_tool|execute_code|delegate|verify|answer,,True,R000,R000,4.95,0.0006334,0.0012166,False,False,0.6,workload-specific fixed route,
static_workload,challenge-document_processing-001,challenge,document_processing,document_extract,decompose|use_tool|execute_code|delegate|verify|answer,use_tool,True,V-001,V-001,4.95,0.0005584,0.0019084,False,False,0.6,workload-specific fixed route,
static_workload,challenge-document_processing-002,challenge,document_processing,invoice_reconcile,decompose|use_tool|execute_code|delegate|verify|answer,use_tool|execute_code|verify,True,43,43,4.95,0.0005584,0.0014332,False,False,0.6,workload-specific fixed route,
static_workload,challenge-document_processing-003,challenge,document_processing,date_normalize,decompose|use_tool|execute_code|delegate|verify|answer,use_tool|delegate,True,2024-04-13,2024-04-13,4.95,0.0005334000000000001,0.0019416,False,False,0.6,workload-specific fixed route,
static_workload,challenge-document_processing-004,challenge,document_processing,crossfield_check,decompose|use_tool|execute_code|delegate|verify|answer,decompose|use_tool|verify,True,SW-8004,SW-8004,4.95,0.0005584,0.0015416,False,False,0.6,workload-specific fixed route,
static_workload,challenge-document_processing-005,challenge,document_processing,direct_literal,decompose|use_tool|execute_code|delegate|verify|answer,,True,R005,R005,4.95,0.0005499999999999999,0.002425,False,False,0.6,workload-specific fixed route,
static_workload,challenge-document_processing-006,challenge,document_processing,document_extract,decompose|use_tool|execute_code|delegate|verify|answer,use_tool,True,V-006,V-006,4.95,0.0005415999999999999,0.0018334,False,False,0.6,workload-specific fixed route,
static_workload,challenge-document_processing-007,challenge,document_processing,invoice_reconcile,decompose|use_tool|execute_code|delegate|verify|answer,use_tool|execute_code|verify,True,69,69,4.95,0.0005415999999999999,0.0014,False,False,0.6,workload-specific fixed route,
static_workload,challenge-document_processing-008,challenge,document_processing,date_normalize,decompose|use_tool|execute_code|delegate|verify|answer,use_tool|delegate,True,2026-09-18,2026-09-18,4.95,0.0005499999999999999,0.0018832000000000002,False,False,0.6,workload-specific fixed route,
static_workload,challenge-document_processing-009,challenge,document_processing,crossfield_check,decompose|use_tool|execute_code|delegate|verify|answer,decompose|use_tool|verify,True,NE-8009,NE-8009,4.95,0.0005418,0.0014832,False,False,0.6,workload-specific fixed route,
static_workload,challenge-document_processing-010,challenge,document_processing,direct_literal,decompose|use_tool|execute_code|delegate|verify|answer,,True,R010,R010,4.95,0.0014916,0.0012749999999999999,False,False,0.6,workload-specific fixed route,
static_workload,challenge-document_processing-011,challenge,document_processing,document_extract,decompose|use_tool|execute_code|delegate|verify|answer,use_tool,True,V-011,V-011,4.95,0.00125,0.0019,False,False,0.6,workload-specific fixed route,
static_workload,challenge-document_processing-012,challenge,document_processing,invoice_reconcile,decompose|use_tool|execute_code|delegate|verify|answer,use_tool|execute_code|verify,True,71,71,4.95,0.0005415999999999999,0.00235,False,False,0.6,workload-specific fixed route,
static_workload,challenge-document_processing-013,challenge,document_processing,date_normalize,decompose|use_tool|execute_code|delegate|verify|answer,use_tool|delegate,True,2025-05-23,2025-05-23,4.95,0.0005499999999999999,0.0022665999999999997,False,False,0.6,workload-specific fixed route,
static_workload,challenge-document_processing-014,challenge,document_processing,crossfield_check,decompose|use_tool|execute_code|delegate|verify|answer,decompose|use_tool|verify,True,CE-8014,CE-8014,4.95,0.0005666,0.0024000000000000002,False,False,0.6,workload-specific fixed route,
static_workload,challenge-document_processing-015,challenge,document_processing,direct_literal,decompose|use_tool|execute_code|delegate|verify|answer,,True,R015,R015,4.95,0.000575,0.0012749999999999999,False,False,0.6,workload-specific fixed route,
static_workload,challenge-document_processing-016,challenge,document_processing,document_extract,decompose|use_tool|execute_code|delegate|verify|answer,use_tool,True,V-016,V-016,4.95,0.0005499999999999999,0.0021332,False,False,0.6,workload-specific fixed route,
static_workload,challenge-document_processing-017,challenge,document_processing,invoice_reconcile,decompose|use_tool|execute_code|delegate|verify|answer,use_tool|execute_code|verify,True,64,64,4.95,0.0005415999999999999,0.0014084,False,False,0.6,workload-specific fixed route,
static_workload,challenge-document_processing-018,challenge,document_processing,date_normalize,decompose|use_tool|execute_code|delegate|verify|answer,use_tool|delegate,True,2024-01-13,2024-01-13,4.95,0.0005668,0.0019168000000000002,False,False,0.6,workload-specific fixed route,
static_workload,challenge-document_processing-019,challenge,document_processing,crossfield_check,decompose|use_tool|execute_code|delegate|verify|answer,decompose|use_tool|verify,True,SW-8019,SW-8019,4.95,0.0006165999999999999,0.0015249999999999999,False,False,0.6,workload-specific fixed route,
static_workload,challenge-document_processing-020,challenge,document_processing,direct_literal,decompose|use_tool|execute_code|delegate|verify|answer,,True,R020,R020,4.95,0.0005668,0.0015666,False,False,0.6,workload-specific fixed route,
static_workload,challenge-document_processing-021,challenge,document_processing,document_extract,decompose|use_tool|execute_code|delegate|verify|answer,use_tool,True,V-021,V-021,4.95,0.0006000000000000001,0.0018834,False,False,0.6,workload-specific fixed route,
static_workload,challenge-document_processing-022,challenge,document_processing,invoice_reconcile,decompose|use_tool|execute_code|delegate|verify|answer,use_tool|execute_code|verify,True,92,92,4.95,0.000575,0.0014418,False,False,0.6,workload-specific fixed route,
static_workload,challenge-document_processing-023,challenge,document_processing,date_normalize,decompose|use_tool|execute_code|delegate|verify|answer,use_tool|delegate,True,2026-06-18,2026-06-18,4.95,0.0005834,0.001875,False,False,0.6,workload-specific fixed route,
static_workload,challenge-document_processing-024,challenge,document_processing,crossfield_check,decompose|use_tool|execute_code|delegate|verify|answer,decompose|use_tool|verify,True,NE-8024,NE-8024,4.95,0.0005584,0.001475,False,False,0.6,workload-specific fixed route,
static_workload,challenge-document_processing-025,challenge,document_processing,direct_literal,decompose|use_tool|execute_code|delegate|verify|answer,,True,R025,R025,4.95,0.0005499999999999999,0.001225,False,False,0.6,workload-specific fixed route,
static_workload,challenge-document_processing-026,challenge,document_processing,document_extract,decompose|use_tool|execute_code|delegate|verify|answer,use_tool,True,V-026,V-026,4.95,0.0005499999999999999,0.0017749999999999999,False,False,0.6,workload-specific fixed route,
static_workload,challenge-document_processing-027,challenge,document_processing,invoice_reconcile,decompose|use_tool|execute_code|delegate|verify|answer,use_tool|execute_code|verify,True,57,57,4.95,0.0005418,0.001475,False,False,0.6,workload-specific fixed route,
static_workload,challenge-document_processing-028,challenge,document_processing,date_normalize,decompose|use_tool|execute_code|delegate|verify|answer,use_tool|delegate,True,2025-02-23,2025-02-23,4.95,0.0005499999999999999,0.0019584,False,False,0.6,workload-specific fixed route,
static_workload,challenge-document_processing-029,challenge,document_processing,crossfield_check,decompose|use_tool|execute_code|delegate|verify|answer,decompose|use_tool|verify,True,CE-8029,CE-8029,4.95,0.0005584,0.0015084,False,False,0.6,workload-specific fixed route,
static_workload,challenge-document_processing-030,challenge,document_processing,direct_literal,decompose|use_tool|execute_code|delegate|verify|answer,,True,R030,R030,4.95,0.0005499999999999999,0.00125,False,False,0.6,workload-specific fixed route,
static_workload,challenge-document_processing-031,challenge,document_processing,document_extract,decompose|use_tool|execute_code|delegate|verify|answer,use_tool,True,V-031,V-031,4.95,0.0006165999999999999,0.0018332,False,False,0.6,workload-specific fixed route,
static_workload,challenge-document_processing-032,challenge,document_processing,invoice_reconcile,decompose|use_tool|execute_code|delegate|verify|answer,use_tool|execute_code|verify,True,61,61,4.95,0.0005666,0.0013834000000000001,False,False,0.6,workload-specific fixed route,
static_workload,challenge-document_processing-033,challenge,document_processing,date_normalize,decompose|use_tool|execute_code|delegate|verify|answer,use_tool|delegate,True,2024-07-13,2024-07-13,4.95,0.000575,0.0018668,False,False,0.6,workload-specific fixed route,
static_workload,challenge-document_processing-034,challenge,document_processing,crossfield_check,decompose|use_tool|execute_code|delegate|verify|answer,decompose|use_tool|verify,True,SW-8034,SW-8034,4.95,0.000575,0.0014416,False,False,0.6,workload-specific fixed route,
static_workload,challenge-document_processing-035,challenge,document_processing,direct_literal,decompose|use_tool|execute_code|delegate|verify|answer,,True,R035,R035,4.95,0.000575,0.0012584,False,False,0.6,workload-specific fixed route,
keyword,challenge-data_analysis-000,challenge,data_analysis,direct_literal,answer,,True,R000,R000,0.3,0.0030166,0.0008583999999999999,True,True,0.65,raw-text keyword rules,
keyword,challenge-data_analysis-001,challenge,data_analysis,aggregate,answer,execute_code,False,,39,0.3,0.002325,0.0004,True,False,0.65,raw-text keyword rules,no_answer
keyword,challenge-data_analysis-002,challenge,data_analysis,filtered_sum,answer,decompose|execute_code,False,,82,0.3,0.0031918000000000003,0.0003416,True,False,0.65,raw-text keyword rules,no_answer
keyword,challenge-data_analysis-003,challenge,data_analysis,direct_literal,answer,,True,R003,R003,0.3,0.00205,0.0008581999999999999,True,True,0.65,raw-text keyword rules,
keyword,challenge-data_analysis-004,challenge,data_analysis,aggregate,answer,execute_code,False,,36,0.3,0.0023,0.0003416,True,False,0.65,raw-text keyword rules,no_answer
keyword,challenge-data_analysis-005,challenge,data_analysis,filtered_sum,answer,decompose|execute_code,False,,59,0.3,0.003025,0.000325,True,False,0.65,raw-text keyword rules,no_answer
keyword,challenge-data_analysis-006,challenge,data_analysis,direct_literal,answer,,True,R006,R006,0.3,0.0020416,0.0008581999999999999,True,True,0.65,raw-text keyword rules,
keyword,challenge-data_analysis-007,challenge,data_analysis,aggregate,answer,execute_code,False,,38,0.3,0.0022166,0.00035,True,False,0.65,raw-text keyword rules,no_answer
keyword,challenge-data_analysis-008,challenge,data_analysis,filtered_sum,answer,decompose|execute_code,False,,23,0.3,0.0029418,0.0003416,True,False,0.65,raw-text keyword rules,no_answer
keyword,challenge-data_analysis-009,challenge,data_analysis,direct_literal,answer,,True,R009,R009,0.3,0.0020331999999999998,0.0008583999999999999,True,True,0.65,raw-text keyword rules,
keyword,challenge-data_analysis-010,challenge,data_analysis,aggregate,answer,execute_code,False,,35,0.3,0.002125,0.00035,True,False,0.65,raw-text keyword rules,no_answer
keyword,challenge-data_analysis-011,challenge,data_analysis,filtered_sum,answer,decompose|execute_code,False,,66,0.3,0.0030418,0.00033319999999999997,True,False,0.65,raw-text keyword rules,no_answer
keyword,challenge-data_analysis-012,challenge,data_analysis,direct_literal,answer,,True,R012,R012,0.3,0.0020667999999999997,0.0008750000000000001,True,True,0.65,raw-text keyword rules,
keyword,challenge-data_analysis-013,challenge,data_analysis,aggregate,answer,execute_code,False,,37,0.3,0.0022916,0.00035820000000000003,True,False,0.65,raw-text keyword rules,no_answer
keyword,challenge-data_analysis-014,challenge,data_analysis,filtered_sum,answer,decompose|execute_code,False,,56,0.3,0.0030916,0.0003416,True,False,0.65,raw-text keyword rules,no_answer
keyword,challenge-data_analysis-015,challenge,data_analysis,direct_literal,answer,,True,R015,R015,0.3,0.0020667999999999997,0.0008666,True,True,0.65,raw-text keyword rules,
keyword,challenge-data_analysis-016,challenge,data_analysis,aggregate,answer,execute_code,False,,37,0.3,0.0023,0.0003418,True,False,0.65,raw-text keyword rules,no_answer
keyword,challenge-data_analysis-017,challenge,data_analysis,filtered_sum,answer,decompose|execute_code,False,,67,0.3,0.0031168000000000003,0.00035,True,False,0.65,raw-text keyword rules,no_answer
keyword,challenge-data_analysis-018,challenge,data_analysis,direct_literal,answer,,True,R018,R018,0.3,0.002,0.0008666,True,True,0.65,raw-text keyword rules,
keyword,challenge-data_analysis-019,challenge,data_analysis,aggregate,answer,execute_code,False,,38,0.3,0.0021999999999999997,0.0003416,True,False,0.65,raw-text keyword rules,no_answer
keyword,challenge-data_analysis-020,challenge,data_analysis,filtered_sum,answer,decompose|execute_code,False,,32,0.3,0.003,0.00035,True,False,0.65,raw-text keyword rules,no_answer
keyword,challenge-data_analysis-021,challenge,data_analysis,direct_literal,answer,,True,R021,R021,0.3,0.00205,0.0008666,True,True,0.65,raw-text keyword rules,
keyword,challenge-data_analysis-022,challenge,data_analysis,aggregate,answer,execute_code,False,,38,0.3,0.002325,0.00035,True,False,0.65,raw-text keyword rules,no_answer
keyword,challenge-data_analysis-023,challenge,data_analysis,filtered_sum,answer,decompose|execute_code,False,,44,0.3,0.0030334,0.0003416,True,False,0.65,raw-text keyword rules,no_answer
keyword,challenge-data_analysis-024,challenge,data_analysis,direct_literal,answer,,True,R024,R024,0.3,0.0020334000000000003,0.0008666,True,True,0.65,raw-text keyword rules,
keyword,challenge-data_analysis-025,challenge,data_analysis,aggregate,answer,execute_code,False,,39,0.3,0.0021999999999999997,0.00035,True,False,0.65,raw-text keyword rules,no_answer
keyword,challenge-data_analysis-026,challenge,data_analysis,filtered_sum,answer,decompose|execute_code,False,,50,0.3,0.0030334,0.0003416,True,False,0.65,raw-text keyword rules,no_answer
keyword,challenge-data_analysis-027,challenge,data_analysis,direct_literal,answer,,True,R027,R027,0.3,0.002025,0.0008583999999999999,True,True,0.65,raw-text keyword rules,
keyword,challenge-data_analysis-028,challenge,data_analysis,aggregate,answer,execute_code,False,,35,0.3,0.0022834,0.00035,True,False,0.65,raw-text keyword rules,no_answer
keyword,challenge-data_analysis-029,challenge,data_analysis,filtered_sum,answer,decompose|execute_code,False,,41,0.3,0.0030084,0.00033319999999999997,True,False,0.65,raw-text keyword rules,no_answer
keyword,challenge-data_analysis-030,challenge,data_analysis,direct_literal,answer,,True,R030,R030,0.3,0.0020084,0.0008583999999999999,True,True,0.65,raw-text keyword rules,
keyword,challenge-data_analysis-031,challenge,data_analysis,aggregate,answer,execute_code,False,,32,0.3,0.00225,0.0003418,True,False,0.65,raw-text keyword rules,no_answer
keyword,challenge-data_analysis-032,challenge,data_analysis,filtered_sum,answer,decompose|execute_code,False,,58,0.3,0.0030668,0.00033319999999999997,True,False,0.65,raw-text keyword rules,no_answer
keyword,challenge-data_analysis-033,challenge,data_analysis,direct_literal,answer,,True,R033,R033,0.3,0.0020082,0.0008581999999999999,True,True,0.65,raw-text keyword rules,
keyword,challenge-data_analysis-034,challenge,data_analysis,aggregate,answer,execute_code,False,,36,0.3,0.0021084,0.0003416,True,False,0.65,raw-text keyword rules,no_answer
keyword,challenge-data_analysis-035,challenge,data_analysis,filtered_sum,answer,decompose|execute_code,False,,28,0.3,0.003175,0.0003334,True,False,0.65,raw-text keyword rules,no_answer
keyword,challenge-research-000,challenge,research,direct_literal,answer,,True,R000,R000,0.3,0.0020418,0.0008500000000000001,True,True,0.65,raw-text keyword rules,
keyword,challenge-research-001,challenge,research,research_fact,answer,use_tool,False,,CODE-101,0.3,0.0021666000000000003,0.00035,True,False,0.65,raw-text keyword rules,no_answer
keyword,challenge-research-002,challenge,research,research_multihop,answer,decompose|use_tool,False,,Oslo,0.3,0.0024582,0.0003418,True,False,0.65,raw-text keyword rules,no_answer
keyword,challenge-research-003,challenge,research,research_conflict,use_tool|verify|answer,use_tool|verify,True,active,active,1.95,0.0026834,0.0014332,True,True,0.65,raw-text keyword rules,
keyword,challenge-research-004,challenge,research,research_outage,answer,delegate,False,,SP-304,0.3,0.0024833999999999998,0.00035,True,False,0.65,raw-text keyword rules,no_answer
keyword,challenge-research-005,challenge,research,direct_literal,answer,,True,R005,R005,0.3,0.0021416,0.0008668,True,True,0.65,raw-text keyword rules,
keyword,challenge-research-006,challenge,research,research_fact,answer,use_tool,False,,CODE-106,0.3,0.001975,0.0003584,True,False,0.65,raw-text keyword rules,no_answer
keyword,challenge-research-007,challenge,research,research_multihop,answer,decompose|use_tool,False,,Lima,0.3,0.0021834,0.0003416,True,False,0.65,raw-text keyword rules,no_answer
keyword,challenge-research-008,challenge,research,research_conflict,use_tool|verify|answer,use_tool|verify,True,completed,completed,1.95,0.0022834,0.001375,True,True,0.65,raw-text keyword rules,
keyword,challenge-research-009,challenge,research,research_outage,answer,delegate,False,,SP-309,0.3,0.0021668,0.00035,True,False,0.65,raw-text keyword rules,no_answer
keyword,challenge-research-010,challenge,research,direct_literal,answer,,True,R010,R010,0.3,0.0020584,0.0008500000000000001,True,True,0.65,raw-text keyword rules,
keyword,challenge-research-011,challenge,research,research_fact,answer,use_tool,False,,CODE-111,0.3,0.0019332,0.00035,True,False,0.65,raw-text keyword rules,no_answer
keyword,challenge-research-012,challenge,research,research_multihop,answer,decompose|use_tool,False,,Montreal,0.3,0.0021584,0.00033319999999999997,True,False,0.65,raw-text keyword rules,no_answer
keyword,challenge-research-013,challenge,research,research_conflict,use_tool|verify|answer,use_tool|verify,True,active,active,1.95,0.002275,0.0013,True,True,0.65,raw-text keyword rules,
keyword,challenge-research-014,challenge,research,research_outage,answer,delegate,False,,SP-314,0.3,0.0021832,0.00036679999999999997,True,False,0.65,raw-text keyword rules,no_answer
keyword,challenge-research-015,challenge,research,direct_literal,answer,,True,R015,R015,0.3,0.0020584,0.0008834,True,True,0.65,raw-text keyword rules,
keyword,challenge-research-016,challenge,research,research_fact,answer,use_tool,False,,CODE-116,0.3,0.001925,0.0003416,True,False,0.65,raw-text keyword rules,no_answer
keyword,challenge-research-017,challenge,research,research_multihop,answer,decompose|use_tool,False,,Nairobi,0.3,0.0021166,0.0003416,True,False,0.65,raw-text keyword rules,no_answer
keyword,challenge-research-018,challenge,research,research_conflict,use_tool|verify|answer,use_tool|verify,True,completed,completed,1.95,0.0022418,0.00135,True,True,0.65,raw-text keyword rules,
keyword,challenge-research-019,challenge,research,research_outage,answer,delegate,False,,SP-319,0.3,0.0021834,0.00035820000000000003,True,False,0.65,raw-text keyword rules,no_answer
keyword,challenge-research-020,challenge,research,direct_literal,answer,,True,R020,R020,0.3,0.0020832,0.0008750000000000001,True,True,0.65,raw-text keyword rules,
keyword,challenge-research-021,challenge,research,research_fact,answer,use_tool,False,,CODE-121,0.3,0.001925,0.0003584,True,False,0.65,raw-text keyword rules,no_answer
keyword,challenge-research-022,challenge,research,research_multihop,answer,decompose|use_tool,False,,Oslo,0.3,0.0021832,0.0003416,True,False,0.65,raw-text keyword rules,no_answer
keyword,challenge-research-023,challenge,research,research_conflict,use_tool|verify|answer,use_tool|verify,True,active,active,1.95,0.0022082,0.0013168,True,True,0.65,raw-text keyword rules,
keyword,challenge-research-024,challenge,research,research_outage,answer,delegate,False,,SP-324,0.3,0.002225,0.00035,True,False,0.65,raw-text keyword rules,no_answer
keyword,challenge-research-025,challenge,research,direct_literal,answer,,True,R025,R025,0.3,0.0020667999999999997,0.0008500000000000001,True,True,0.65,raw-text keyword rules,
keyword,challenge-research-026,challenge,research,research_fact,answer,use_tool,False,,CODE-126,0.3,0.001925,0.00035,True,False,0.65,raw-text keyword rules,no_answer
keyword,challenge-research-027,challenge,research,research_multihop,answer,decompose|use_tool,False,,Lima,0.3,0.002125,0.00035,True,False,0.65,raw-text keyword rules,no_answer
keyword,challenge-research-028,challenge,research,research_conflict,use_tool|verify|answer,use_tool|verify,True,completed,completed,1.95,0.0022582,0.0013584,True,True,0.65,raw-text keyword rules,
keyword,challenge-research-029,challenge,research,research_outage,answer,delegate,False,,SP-329,0.3,0.0021666000000000003,0.0003584,True,False,0.65,raw-text keyword rules,no_answer
keyword,challenge-research-030,challenge,research,direct_literal,answer,,True,R030,R030,0.3,0.002075,0.0008666,True,True,0.65,raw-text keyword rules,
keyword,challenge-research-031,challenge,research,research_fact,answer,use_tool,False,,CODE-131,0.3,0.0019416,0.0003418,True,False,0.65,raw-text keyword rules,no_answer
keyword,challenge-research-032,challenge,research,research_multihop,answer,decompose|use_tool,False,,Montreal,0.3,0.00215,0.0003416,True,False,0.65,raw-text keyword rules,no_answer
keyword,challenge-research-033,challenge,research,research_conflict,use_tool|verify|answer,use_tool|verify,True,active,active,1.95,0.002225,0.0013166,True,True,0.65,raw-text keyword rules,
keyword,challenge-research-034,challenge,research,research_outage,answer,delegate,False,,SP-334,0.3,0.0021666000000000003,0.00036679999999999997,True,False,0.65,raw-text keyword rules,no_answer
keyword,challenge-research-035,challenge,research,direct_literal,answer,,True,R035,R035,0.3,0.0020416,0.0008583999999999999,True,True,0.65,raw-text keyword rules,
keyword,challenge-document_processing-000,challenge,document_processing,direct_literal,answer,,True,R000,R000,0.3,0.002,0.0008334,True,True,0.65,raw-text keyword rules,
keyword,challenge-document_processing-001,challenge,document_processing,document_extract,answer,use_tool,False,,V-001,0.3,0.0026832,0.00035,True,False,0.65,raw-text keyword rules,no_answer
keyword,challenge-document_processing-002,challenge,document_processing,invoice_reconcile,answer,use_tool|execute_code|verify,False,,43,0.3,0.0031332,0.00035,True,False,0.65,raw-text keyword rules,no_answer
keyword,challenge-document_processing-003,challenge,document_processing,date_normalize,delegate|answer,use_tool|delegate,False,,2024-04-13,1.7,0.0031,0.0004582,True,False,0.65,raw-text keyword rules,no_answer
keyword,challenge-document_processing-004,challenge,document_processing,crossfield_check,verify|answer,decompose|use_tool|verify,False,,SW-8004,0.95,0.002775,0.0005334000000000001,True,False,0.65,raw-text keyword rules,no_answer
keyword,challenge-document_processing-005,challenge,document_processing,direct_literal,answer,,True,R005,R005,0.3,0.002125,0.0008666,True,True,0.65,raw-text keyword rules,
keyword,challenge-document_processing-006,challenge,document_processing,document_extract,answer,use_tool,False,,V-006,0.3,0.0026834,0.0003584,True,False,0.65,raw-text keyword rules,no_answer
keyword,challenge-document_processing-007,challenge,document_processing,invoice_reconcile,answer,use_tool|execute_code|verify,False,,69,0.3,0.003,0.00035,True,False,0.65,raw-text keyword rules,no_answer
keyword,challenge-document_processing-008,challenge,document_processing,date_normalize,delegate|answer,use_tool|delegate,False,,2026-09-18,1.7,0.0028916000000000002,0.0004168,True,False,0.65,raw-text keyword rules,no_answer
keyword,challenge-document_processing-009,challenge,document_processing,crossfield_check,verify|answer,decompose|use_tool|verify,False,,NE-8009,0.95,0.0025499999999999997,0.00048320000000000004,True,False,0.65,raw-text keyword rules,no_answer
keyword,challenge-document_processing-010,challenge,document_processing,direct_literal,answer,,True,R010,R010,0.3,0.00205,0.0008668,True,True,0.65,raw-text keyword rules,
keyword,challenge-document_processing-011,challenge,document_processing,document_extract,answer,use_tool,False,,V-011,0.3,0.0026165999999999997,0.00035,True,False,0.65,raw-text keyword rules,no_answer
keyword,challenge-document_processing-012,challenge,document_processing,invoice_reconcile,answer,use_tool|execute_code|verify,False,,71,0.3,0.0029084,0.0003416,True,False,0.65,raw-text keyword rules,no_answer
keyword,challenge-document_processing-013,challenge,document_processing,date_normalize,delegate|answer,use_tool|delegate,False,,2025-05-23,1.7,0.0027,0.0004334,True,False,0.65,raw-text keyword rules,no_answer
keyword,challenge-document_processing-014,challenge,document_processing,crossfield_check,verify|answer,decompose|use_tool|verify,False,,CE-8014,0.95,0.0024833999999999998,0.0004834,True,False,0.65,raw-text keyword rules,no_answer
keyword,challenge-document_processing-015,challenge,document_processing,direct_literal,answer,,True,R015,R015,0.3,0.0020918,0.0008666,True,True,0.65,raw-text keyword rules,
keyword,challenge-document_processing-016,challenge,document_processing,document_extract,answer,use_tool,False,,V-016,0.3,0.0025084,0.00035,True,False,0.65,raw-text keyword rules,no_answer
keyword,challenge-document_processing-017,challenge,document_processing,invoice_reconcile,answer,use_tool|execute_code|verify,False,,64,0.3,0.0029084,0.00033319999999999997,True,False,0.65,raw-text keyword rules,no_answer
keyword,challenge-document_processing-018,challenge,document_processing,date_normalize,delegate|answer,use_tool|delegate,False,,2024-01-13,1.7,0.0027584000000000003,0.0004334,True,False,0.65,raw-text keyword rules,no_answer
keyword,challenge-document_processing-019,challenge,document_processing,crossfield_check,verify|answer,decompose|use_tool|verify,False,,SW-8019,0.95,0.002425,0.0005,True,False,0.65,raw-text keyword rules,no_answer
keyword,challenge-document_processing-020,challenge,document_processing,direct_literal,answer,,True,R020,R020,0.3,0.0020584,0.0008750000000000001,True,True,0.65,raw-text keyword rules,
keyword,challenge-document_processing-021,challenge,document_processing,document_extract,answer,use_tool,False,,V-021,0.3,0.0025499999999999997,0.00035,True,False,0.65,raw-text keyword rules,no_answer
keyword,challenge-document_processing-022,challenge,document_processing,invoice_reconcile,answer,use_tool|execute_code|verify,False,,92,0.3,0.0027834,0.0003418,True,False,0.65,raw-text keyword rules,no_answer
keyword,challenge-document_processing-023,challenge,document_processing,date_normalize,delegate|answer,use_tool|delegate,False,,2026-06-18,1.7,0.0028168,0.0004334,True,False,0.65,raw-text keyword rules,no_answer
keyword,challenge-document_processing-024,challenge,document_processing,crossfield_check,verify|answer,decompose|use_tool|verify,False,,NE-8024,0.95,0.00245,0.000475,True,False,0.65,raw-text keyword rules,no_answer
keyword,challenge-document_processing-025,challenge,document_processing,direct_literal,answer,,True,R025,R025,0.3,0.002075,0.0008666,True,True,0.65,raw-text keyword rules,
keyword,challenge-document_processing-026,challenge,document_processing,document_extract,answer,use_tool,False,,V-026,0.3,0.0024000000000000002,0.0003416,True,False,0.65,raw-text keyword rules,no_answer
keyword,challenge-document_processing-027,challenge,document_processing,invoice_reconcile,answer,use_tool|execute_code|verify,False,,57,0.3,0.002925,0.000325,True,False,0.65,raw-text keyword rules,no_answer
keyword,challenge-document_processing-028,challenge,document_processing,date_normalize,delegate|answer,use_tool|delegate,False,,2025-02-23,1.7,0.0027666,0.00042500000000000003,True,False,0.65,raw-text keyword rules,no_answer
keyword,challenge-document_processing-029,challenge,document_processing,crossfield_check,verify|answer,decompose|use_tool|verify,False,,CE-8029,0.95,0.0025166,0.000475,True,False,0.65,raw-text keyword rules,no_answer
keyword,challenge-document_processing-030,challenge,document_processing,direct_literal,answer,,True,R030,R030,0.3,0.0020916,0.0008668,True,True,0.65,raw-text keyword rules,
keyword,challenge-document_processing-031,challenge,document_processing,document_extract,answer,use_tool,False,,V-031,0.3,0.002325,0.00035,True,False,0.65,raw-text keyword rules,no_answer
keyword,challenge-document_processing-032,challenge,document_processing,invoice_reconcile,answer,use_tool|execute_code|verify,False,,61,0.3,0.0029000000000000002,0.0003334,True,False,0.65,raw-text keyword rules,no_answer
keyword,challenge-document_processing-033,challenge,document_processing,date_normalize,delegate|answer,use_tool|delegate,False,,2024-07-13,1.7,0.0027916,0.00042500000000000003,True,False,0.65,raw-text keyword rules,no_answer
keyword,challenge-document_processing-034,challenge,document_processing,crossfield_check,verify|answer,decompose|use_tool|verify,False,,SW-8034,0.95,0.0024416,0.000475,True,False,0.65,raw-text keyword rules,no_answer
keyword,challenge-document_processing-035,challenge,document_processing,direct_literal,answer,,True,R035,R035,0.3,0.0020334000000000003,0.0008750000000000001,True,True,0.65,raw-text keyword rules,
learned_one_shot,challenge-data_analysis-000,challenge,data_analysis,direct_literal,use_tool|answer,,True,R000,R000,1.3,0.1182166,0.0010916,True,False,0.6105396417804062,highest calibrated raw-text operation probability,
learned_one_shot,challenge-data_analysis-001,challenge,data_analysis,aggregate,answer,execute_code,False,,39,0.3,0.1253666,0.0004,True,False,0.2430392396812792,highest calibrated raw-text operation probability,no_answer
learned_one_shot,challenge-data_analysis-002,challenge,data_analysis,filtered_sum,execute_code|answer,decompose|execute_code,False,116,82,1.45,0.2694666,0.0021999999999999997,True,False,0.9172606893981738,highest calibrated raw-text operation probability,incorrect_answer
learned_one_shot,challenge-data_analysis-003,challenge,data_analysis,direct_literal,use_tool|answer,,True,R003,R003,1.3,0.115025,0.0013584,True,False,0.6279576133355074,highest calibrated raw-text operation probability,
learned_one_shot,challenge-data_analysis-004,challenge,data_analysis,aggregate,answer,execute_code,False,,36,0.3,0.12295,0.0005082,True,False,0.2573635609931727,highest calibrated raw-text operation probability,no_answer
learned_one_shot,challenge-data_analysis-005,challenge,data_analysis,filtered_sum,execute_code|answer,decompose|execute_code,False,104,59,1.45,0.25311680000000003,0.001425,True,False,0.9028650329612543,highest calibrated raw-text operation probability,incorrect_answer
learned_one_shot,challenge-data_analysis-006,challenge,data_analysis,direct_literal,use_tool|answer,,True,R006,R006,1.3,0.1334834,0.0013834000000000001,True,False,0.6301523867524217,highest calibrated raw-text operation probability,
learned_one_shot,challenge-data_analysis-007,challenge,data_analysis,aggregate,answer,execute_code,False,,38,0.3,0.1447166,0.0005415999999999999,True,False,0.26791515136487715,highest calibrated raw-text operation probability,no_answer
learned_one_shot,challenge-data_analysis-008,challenge,data_analysis,filtered_sum,execute_code|answer,decompose|execute_code,False,78,23,1.45,0.2529332,0.0014,True,False,0.9394049918166819,highest calibrated raw-text operation probability,incorrect_answer
learned_one_shot,challenge-data_analysis-009,challenge,data_analysis,direct_literal,use_tool|answer,,True,R009,R009,1.3,0.1085,0.00115,True,False,0.6260312884724352,highest calibrated raw-text operation probability,
learned_one_shot,challenge-data_analysis-010,challenge,data_analysis,aggregate,answer,execute_code,False,,35,0.3,0.1254584,0.0004416,True,False,0.2282964335651622,highest calibrated raw-text operation probability,no_answer
learned_one_shot,challenge-data_analysis-011,challenge,data_analysis,filtered_sum,execute_code|answer,decompose|execute_code,False,91,66,1.45,0.23877500000000002,0.0012916,True,False,0.9225894416406601,highest calibrated raw-text operation probability,incorrect_answer
learned_one_shot,challenge-data_analysis-012,challenge,data_analysis,direct_literal,use_tool|answer,,True,R012,R012,1.3,0.10803339999999999,0.0010333999999999999,True,False,0.6175681667027003,highest calibrated raw-text operation probability,
learned_one_shot,challenge-data_analysis-013,challenge,data_analysis,aggregate,answer,execute_code,False,,37,0.3,0.1202834,0.0004,True,False,0.25100872304899785,highest calibrated raw-text operation probability,no_answer
learned_one_shot,challenge-data_analysis-014,challenge,data_analysis,filtered_sum,execute_code|answer,decompose|execute_code,False,92,56,1.45,0.278575,0.0017916000000000002,True,False,0.9472906781923996,highest calibrated raw-text operation probability,incorrect_answer
learned_one_shot,challenge-data_analysis-015,challenge,data_analysis,direct_literal,use_tool|answer,,True,R015,R015,1.3,0.1115,0.001175,True,False,0.6077737459711752,highest calibrated raw-text operation probability,
learned_one_shot,challenge-data_analysis-016,challenge,data_analysis,aggregate,answer,execute_code,False,,37,0.3,0.1177918,0.0004418,True,False,0.26418419213820177,highest calibrated raw-text operation probability,no_answer
learned_one_shot,challenge-data_analysis-017,challenge,data_analysis,filtered_sum,execute_code|answer,decompose|execute_code,False,115,67,1.45,0.24362499999999998,0.0013084,True,False,0.9389206269911462,highest calibrated raw-text operation probability,incorrect_answer
learned_one_shot,challenge-data_analysis-018,challenge,data_analysis,direct_literal,use_tool|answer,,True,R018,R018,1.3,0.10752500000000001,0.0010500000000000002,True,False,0.6246951010064772,highest calibrated raw-text operation probability,
learned_one_shot,challenge-data_analysis-019,challenge,data_analysis,aggregate,answer,execute_code,False,,38,0.3,0.12175,0.0004666,True,False,0.23871913614743298,highest calibrated raw-text operation probability,no_answer
learned_one_shot,challenge-data_analysis-020,challenge,data_analysis,filtered_sum,execute_code|answer,decompose|execute_code,False,75,32,1.45,0.2356916,0.001375,True,False,0.9201222947616848,highest calibrated raw-text operation probability,incorrect_answer
learned_one_shot,challenge-data_analysis-021,challenge,data_analysis,direct_literal,use_tool|answer,,True,R021,R021,1.3,0.1079,0.001075,True,False,0.6218316714396368,highest calibrated raw-text operation probability,
learned_one_shot,challenge-data_analysis-022,challenge,data_analysis,aggregate,answer,execute_code,False,,38,0.3,0.1241416,0.0003834,True,False,0.2481834248104247,highest calibrated raw-text operation probability,no_answer
learned_one_shot,challenge-data_analysis-023,challenge,data_analysis,filtered_sum,execute_code|answer,decompose|execute_code,False,100,44,1.45,0.2374666,0.0013084,True,False,0.9397594336866668,highest calibrated raw-text operation probability,incorrect_answer
learned_one_shot,challenge-data_analysis-024,challenge,data_analysis,direct_literal,use_tool|answer,,True,R024,R024,1.3,0.108575,0.0010584,True,False,0.6299211293024518,highest calibrated raw-text operation probability,
learned_one_shot,challenge-data_analysis-025,challenge,data_analysis,aggregate,answer,execute_code,False,,39,0.3,0.12130840000000001,0.0003834,True,False,0.2131938872972769,highest calibrated raw-text operation probability,no_answer
learned_one_shot,challenge-data_analysis-026,challenge,data_analysis,filtered_sum,execute_code|answer,decompose|execute_code,False,111,50,1.45,0.2466834,0.00125,True,False,0.9649908295579532,highest calibrated raw-text operation probability,incorrect_answer
learned_one_shot,challenge-data_analysis-027,challenge,data_analysis,direct_literal,use_tool|answer,,True,R027,R027,1.3,0.10765,0.0010666,True,False,0.6288643485628453,highest calibrated raw-text operation probability,
learned_one_shot,challenge-data_analysis-028,challenge,data_analysis,aggregate,answer,execute_code,False,,35,0.3,0.11953339999999998,0.0003584,True,False,0.25951517228932924,highest calibrated raw-text operation probability,no_answer
learned_one_shot,challenge-data_analysis-029,challenge,data_analysis,filtered_sum,execute_code|answer,decompose|execute_code,False,94,41,1.45,0.2385834,0.0013084,True,False,0.9342853960403513,highest calibrated raw-text operation probability,incorrect_answer
learned_one_shot,challenge-data_analysis-030,challenge,data_analysis,direct_literal,use_tool|answer,,True,R030,R030,1.3,0.1099916,0.0011168,True,False,0.6095758255612884,highest calibrated raw-text operation probability,
learned_one_shot,challenge-data_analysis-031,challenge,data_analysis,aggregate,answer,execute_code,False,,32,0.3,0.12685,0.00042500000000000003,True,False,0.23553818967253085,highest calibrated raw-text operation probability,no_answer
learned_one_shot,challenge-data_analysis-032,challenge,data_analysis,filtered_sum,execute_code|answer,decompose|execute_code,False,108,58,1.45,0.2520084,0.0016832,True,False,0.9544059210539958,highest calibrated raw-text operation probability,incorrect_answer
learned_one_shot,challenge-data_analysis-033,challenge,data_analysis,direct_literal,use_tool|answer,,True,R033,R033,1.3,0.10948340000000001,0.0011665999999999998,True,False,0.6270312264695049,highest calibrated raw-text operation probability,
learned_one_shot,challenge-data_analysis-034,challenge,data_analysis,aggregate,answer,execute_code,False,,36,0.3,0.12355819999999999,0.00042500000000000003,True,False,0.2586812773773386,highest calibrated raw-text operation probability,no_answer
learned_one_shot,challenge-data_analysis-035,challenge,data_analysis,filtered_sum,execute_code|answer,decompose|execute_code,False,137,28,1.45,0.2502334,0.0013832,True,False,0.9352801599330761,highest calibrated raw-text operation probability,incorrect_answer
learned_one_shot,challenge-research-000,challenge,research,direct_literal,use_tool|answer,,True,R000,R000,1.3,0.1280416,0.0013582,True,False,0.6105396417804062,highest calibrated raw-text operation probability,
learned_one_shot,challenge-research-001,challenge,research,research_fact,use_tool|answer,use_tool,True,CODE-101,CODE-101,1.3,0.11625,0.001425,True,True,0.5379960019011968,highest calibrated raw-text operation probability,
learned_one_shot,challenge-research-002,challenge,research,research_multihop,use_tool|answer,decompose|use_tool,False,Lab-02,Oslo,1.3,0.21780819999999998,0.002775,True,False,0.8817761855634889,highest calibrated raw-text operation probability,incorrect_answer
learned_one_shot,challenge-research-003,challenge,research,research_conflict,use_tool|answer,use_tool|verify,False,paused,active,1.3,0.304775,0.0018084,True,False,0.9854571793621314,highest calibrated raw-text operation probability,incorrect_answer
learned_one_shot,challenge-research-004,challenge,research,research_outage,delegate|answer,delegate,True,SP-304,SP-304,1.7,0.2178334,0.0011834,True,True,0.6748212034609846,highest calibrated raw-text operation probability,
learned_one_shot,challenge-research-005,challenge,research,direct_literal,use_tool|answer,,True,R005,R005,1.3,0.10919179999999999,0.0011084,True,False,0.6169915004682102,highest calibrated raw-text operation probability,
learned_one_shot,challenge-research-006,challenge,research,research_fact,use_tool|answer,use_tool,True,CODE-106,CODE-106,1.3,0.11948339999999999,0.0014334,True,True,0.5360456735596123,highest calibrated raw-text operation probability,
learned_one_shot,challenge-research-007,challenge,research,research_multihop,use_tool|answer,decompose|use_tool,False,Lab-07,Lima,1.3,0.1491418,0.0019334,True,False,0.8797400593794689,highest calibrated raw-text operation probability,incorrect_answer
learned_one_shot,challenge-research-008,challenge,research,research_conflict,use_tool|answer,use_tool|verify,False,active,completed,1.3,0.1886168,0.0013084,True,False,0.9852663783183545,highest calibrated raw-text operation probability,incorrect_answer
learned_one_shot,challenge-research-009,challenge,research,research_outage,delegate|answer,delegate,True,SP-309,SP-309,1.7,0.1443916,0.0010584,True,True,0.6745025906758773,highest calibrated raw-text operation probability,
learned_one_shot,challenge-research-010,challenge,research,direct_literal,use_tool|answer,,True,R010,R010,1.3,0.11295,0.0011334000000000001,True,False,0.6145704852804045,highest calibrated raw-text operation probability,
learned_one_shot,challenge-research-011,challenge,research,research_fact,answer,use_tool,False,,CODE-111,0.3,0.11955,0.00040819999999999995,True,False,0.47439665819078125,highest calibrated raw-text operation probability,no_answer
learned_one_shot,challenge-research-012,challenge,research,research_multihop,use_tool|answer,decompose|use_tool,False,Lab-12,Montreal,1.3,0.1390584,0.0015,True,False,0.846578773449865,highest calibrated raw-text operation probability,incorrect_answer
learned_one_shot,challenge-research-013,challenge,research,research_conflict,use_tool|answer,use_tool|verify,False,paused,active,1.3,0.18398319999999999,0.00115,True,False,0.9834322531890386,highest calibrated raw-text operation probability,incorrect_answer
learned_one_shot,challenge-research-014,challenge,research,research_outage,delegate|answer,delegate,True,SP-314,SP-314,1.7,0.14300839999999998,0.0010084,True,True,0.6343633776865485,highest calibrated raw-text operation probability,
learned_one_shot,challenge-research-015,challenge,research,direct_literal,use_tool|answer,,True,R015,R015,1.3,0.1125,0.0010668000000000001,True,False,0.6077737459711752,highest calibrated raw-text operation probability,
learned_one_shot,challenge-research-016,challenge,research,research_fact,answer,use_tool,False,,CODE-116,0.3,0.12384999999999999,0.0004,True,False,0.49190751802006627,highest calibrated raw-text operation probability,no_answer
learned_one_shot,challenge-research-017,challenge,research,research_multihop,use_tool|answer,decompose|use_tool,False,Lab-17,Nairobi,1.3,0.13965840000000002,0.0014668,True,False,0.858240350004646,highest calibrated raw-text operation probability,incorrect_answer
learned_one_shot,challenge-research-018,challenge,research,research_conflict,use_tool|answer,use_tool|verify,False,active,completed,1.3,0.1891584,0.0012584,True,False,0.9839323864422137,highest calibrated raw-text operation probability,incorrect_answer
learned_one_shot,challenge-research-019,challenge,research,research_outage,delegate|answer,delegate,True,SP-319,SP-319,1.7,0.1457166,0.0009916,True,True,0.637333964530515,highest calibrated raw-text operation probability,
learned_one_shot,challenge-research-020,challenge,research,direct_literal,use_tool|answer,,True,R020,R020,1.3,0.1160166,0.0010999999999999998,True,False,0.6087880612148142,highest calibrated raw-text operation probability,
learned_one_shot,challenge-research-021,challenge,research,research_fact,answer,use_tool,False,,CODE-121,0.3,0.1322332,0.0008832,True,False,0.4802391604502652,highest calibrated raw-text operation probability,no_answer
learned_one_shot,challenge-research-022,challenge,research,research_multihop,use_tool|answer,decompose|use_tool,False,Lab-22,Oslo,1.3,0.14686680000000002,0.0023832,True,False,0.8596356761153846,highest calibrated raw-text operation probability,incorrect_answer
learned_one_shot,challenge-research-023,challenge,research,research_conflict,use_tool|answer,use_tool|verify,False,paused,active,1.3,0.1974166,0.0013584,True,False,0.9840198326723435,highest calibrated raw-text operation probability,incorrect_answer
learned_one_shot,challenge-research-024,challenge,research,research_outage,delegate|answer,delegate,True,SP-324,SP-324,1.7,0.14786660000000001,0.0010666,True,True,0.6484742079127435,highest calibrated raw-text operation probability,
learned_one_shot,challenge-research-025,challenge,research,direct_literal,use_tool|answer,,True,R025,R025,1.3,0.1146,0.0010999999999999998,True,False,0.6215572285357739,highest calibrated raw-text operation probability,
learned_one_shot,challenge-research-026,challenge,research,research_fact,use_tool|answer,use_tool,True,CODE-126,CODE-126,1.3,0.1203334,0.0013666,True,True,0.5099114296179174,highest calibrated raw-text operation probability,
learned_one_shot,challenge-research-027,challenge,research,research_multihop,use_tool|answer,decompose|use_tool,False,Lab-27,Lima,1.3,0.14281680000000002,0.0014418,True,False,0.87001734314401,highest calibrated raw-text operation probability,incorrect_answer
learned_one_shot,challenge-research-028,challenge,research,research_conflict,use_tool|answer,use_tool|verify,False,active,completed,1.3,0.187175,0.0011584,True,False,0.9838210535050904,highest calibrated raw-text operation probability,incorrect_answer
learned_one_shot,challenge-research-029,challenge,research,research_outage,delegate|answer,delegate,True,SP-329,SP-329,1.7,0.148875,0.0009918,True,True,0.6420338335621824,highest calibrated raw-text operation probability,
learned_one_shot,challenge-research-030,challenge,research,direct_literal,use_tool|answer,,True,R030,R030,1.3,0.11465,0.0010916,True,False,0.6095758255612884,highest calibrated raw-text operation probability,
learned_one_shot,challenge-research-031,challenge,research,research_fact,answer,use_tool,False,,CODE-131,0.3,0.1197084,0.0004334,True,False,0.49480995156432545,highest calibrated raw-text operation probability,no_answer
learned_one_shot,challenge-research-032,challenge,research,research_multihop,use_tool|answer,decompose|use_tool,False,Lab-32,Montreal,1.3,0.1419166,0.001475,True,False,0.8682050933000808,highest calibrated raw-text operation probability,incorrect_answer
learned_one_shot,challenge-research-033,challenge,research,research_conflict,use_tool|answer,use_tool|verify,False,paused,active,1.3,0.187,0.0011334000000000001,True,False,0.9849773192204794,highest calibrated raw-text operation probability,incorrect_answer
learned_one_shot,challenge-research-034,challenge,research,research_outage,delegate|answer,delegate,True,SP-334,SP-334,1.7,0.14795819999999998,0.0040750000000000005,True,True,0.6376052616836678,highest calibrated raw-text operation probability,
learned_one_shot,challenge-research-035,challenge,research,direct_literal,use_tool|answer,,True,R035,R035,1.3,0.11629179999999999,0.0012416,True,False,0.6151719225889882,highest calibrated raw-text operation probability,
learned_one_shot,challenge-document_processing-000,challenge,document_processing,direct_literal,use_tool|answer,,True,R000,R000,1.3,0.1128166,0.001075,True,False,0.6105396417804062,highest calibrated raw-text operation probability,
learned_one_shot,challenge-document_processing-001,challenge,document_processing,document_extract,use_tool|answer,use_tool,True,V-001,V-001,1.3,0.1912084,0.002675,True,True,0.9996757188328711,highest calibrated raw-text operation probability,
learned_one_shot,challenge-document_processing-002,challenge,document_processing,invoice_reconcile,use_tool|answer,use_tool|execute_code|verify,False,41,43,1.3,0.2606666,0.0014084,True,False,0.934984860222609,highest calibrated raw-text operation probability,incorrect_answer
learned_one_shot,challenge-document_processing-003,challenge,document_processing,date_normalize,use_tool|answer,use_tool|delegate,False,13/04/2024,2024-04-13,1.3,0.2519582,0.001325,True,False,0.9986492476277544,highest calibrated raw-text operation probability,incorrect_answer
learned_one_shot,challenge-document_processing-004,challenge,document_processing,crossfield_check,use_tool|answer,decompose|use_tool|verify,False,SW,SW-8004,1.3,0.2552,0.0011665999999999998,True,False,0.99929006098737,highest calibrated raw-text operation probability,incorrect_answer
learned_one_shot,challenge-document_processing-005,challenge,document_processing,direct_literal,use_tool|answer,,True,R005,R005,1.3,0.1257416,0.0013832,True,False,0.6169915004682102,highest calibrated raw-text operation probability,
learned_one_shot,challenge-document_processing-006,challenge,document_processing,document_extract,use_tool|answer,use_tool,True,V-006,V-006,1.3,0.1964832,0.0024000000000000002,True,True,0.9996151515858185,highest calibrated raw-text operation probability,
learned_one_shot,challenge-document_processing-007,challenge,document_processing,invoice_reconcile,use_tool|answer,use_tool|execute_code|verify,False,72,69,1.3,0.2666166,0.0013916,True,False,0.9342426828848435,highest calibrated raw-text operation probability,incorrect_answer
learned_one_shot,challenge-document_processing-008,challenge,document_processing,date_normalize,use_tool|answer,use_tool|delegate,False,09/18/2026,2026-09-18,1.3,0.2577166,0.0013584,True,False,0.9986480569546078,highest calibrated raw-text operation probability,incorrect_answer
learned_one_shot,challenge-document_processing-009,challenge,document_processing,crossfield_check,use_tool|answer,decompose|use_tool|verify,False,NE,NE-8009,1.3,0.2534668,0.0011584,True,False,0.9992610700143304,highest calibrated raw-text operation probability,incorrect_answer
learned_one_shot,challenge-document_processing-010,challenge,document_processing,direct_literal,use_tool|answer,,True,R010,R010,1.3,0.1132,0.0011168,True,False,0.6145704852804045,highest calibrated raw-text operation probability,
learned_one_shot,challenge-document_processing-011,challenge,document_processing,document_extract,use_tool|answer,use_tool,True,V-011,V-011,1.3,0.183825,0.001925,True,True,0.9994809500764211,highest calibrated raw-text operation probability,
learned_one_shot,challenge-document_processing-012,challenge,document_processing,invoice_reconcile,use_tool|answer,use_tool|execute_code|verify,False,69,71,1.3,0.253825,0.0012082,True,False,0.9389510292295262,highest calibrated raw-text operation probability,incorrect_answer
learned_one_shot,challenge-document_processing-013,challenge,document_processing,date_normalize,use_tool|answer,use_tool|delegate,False,23/05/2025,2025-05-23,1.3,0.2493166,0.0012749999999999999,True,False,0.9985973372960362,highest calibrated raw-text operation probability,incorrect_answer
learned_one_shot,challenge-document_processing-014,challenge,document_processing,crossfield_check,use_tool|answer,decompose|use_tool|verify,False,CE,CE-8014,1.3,0.25061659999999997,0.00115,True,False,0.9992097016335435,highest calibrated raw-text operation probability,incorrect_answer
learned_one_shot,challenge-document_processing-015,challenge,document_processing,direct_literal,use_tool|answer,,True,R015,R015,1.3,0.11336660000000001,0.0010999999999999998,True,False,0.6077737459711752,highest calibrated raw-text operation probability,
learned_one_shot,challenge-document_processing-016,challenge,document_processing,document_extract,use_tool|answer,use_tool,True,V-016,V-016,1.3,0.1883334,0.0017418,True,True,0.999665287633599,highest calibrated raw-text operation probability,
learned_one_shot,challenge-document_processing-017,challenge,document_processing,invoice_reconcile,use_tool|answer,use_tool|execute_code|verify,False,67,64,1.3,0.2557584,0.0011665999999999998,True,False,0.9350841161423551,highest calibrated raw-text operation probability,incorrect_answer
learned_one_shot,challenge-document_processing-018,challenge,document_processing,date_normalize,use_tool|answer,use_tool|delegate,False,01/13/2024,2024-01-13,1.3,0.2574666,0.00155,True,False,0.9985438391028889,highest calibrated raw-text operation probability,incorrect_answer
learned_one_shot,challenge-document_processing-019,challenge,document_processing,crossfield_check,use_tool|answer,decompose|use_tool|verify,False,SW,SW-8019,1.3,0.254125,0.0012331999999999998,True,False,0.9992641878163299,highest calibrated raw-text operation probability,incorrect_answer
learned_one_shot,challenge-document_processing-020,challenge,document_processing,direct_literal,use_tool|answer,,True,R020,R020,1.3,0.11291659999999999,0.0011584,True,False,0.6087880612148142,highest calibrated raw-text operation probability,
learned_one_shot,challenge-document_processing-021,challenge,document_processing,document_extract,use_tool|answer,use_tool,True,V-021,V-021,1.3,0.2124416,0.0019584,True,True,0.9996009375193822,highest calibrated raw-text operation probability,
learned_one_shot,challenge-document_processing-022,challenge,document_processing,invoice_reconcile,use_tool|answer,use_tool|execute_code|verify,False,90,92,1.3,0.261125,0.001225,True,False,0.9418472577473066,highest calibrated raw-text operation probability,incorrect_answer
learned_one_shot,challenge-document_processing-023,challenge,document_processing,date_normalize,use_tool|answer,use_tool|delegate,False,18/06/2026,2026-06-18,1.3,0.255625,0.00125,True,False,0.9987308340290185,highest calibrated raw-text operation probability,incorrect_answer
learned_one_shot,challenge-document_processing-024,challenge,document_processing,crossfield_check,use_tool|answer,decompose|use_tool|verify,False,NE,NE-8024,1.3,0.2552334,0.001175,True,False,0.9992642482393725,highest calibrated raw-text operation probability,incorrect_answer
learned_one_shot,challenge-document_processing-025,challenge,document_processing,direct_literal,use_tool|answer,,True,R025,R025,1.3,0.11327499999999999,0.0010918,True,False,0.6215572285357739,highest calibrated raw-text operation probability,
learned_one_shot,challenge-document_processing-026,challenge,document_processing,document_extract,use_tool|answer,use_tool,True,V-026,V-026,1.3,0.1858834,0.0016832,True,True,0.9994966651223373,highest calibrated raw-text operation probability,
learned_one_shot,challenge-document_processing-027,challenge,document_processing,invoice_reconcile,use_tool|answer,use_tool|execute_code|verify,False,60,57,1.3,0.2648832,0.0014,True,False,0.9367485182637866,highest calibrated raw-text operation probability,incorrect_answer
learned_one_shot,challenge-document_processing-028,challenge,document_processing,date_normalize,use_tool|answer,use_tool|delegate,False,02/23/2025,2025-02-23,1.3,0.24720840000000002,0.0012331999999999998,True,False,0.9985369548205795,highest calibrated raw-text operation probability,incorrect_answer
learned_one_shot,challenge-document_processing-029,challenge,document_processing,crossfield_check,use_tool|answer,decompose|use_tool|verify,False,CE,CE-8029,1.3,0.251575,0.00115,True,False,0.999212274390033,highest calibrated raw-text operation probability,incorrect_answer
learned_one_shot,challenge-document_processing-030,challenge,document_processing,direct_literal,use_tool|answer,,True,R030,R030,1.3,0.11379999999999998,0.0011168,True,False,0.6095758255612884,highest calibrated raw-text operation probability,
learned_one_shot,challenge-document_processing-031,challenge,document_processing,document_extract,use_tool|answer,use_tool,True,V-031,V-031,1.3,0.1877918,0.0019918,True,True,0.9996648328454467,highest calibrated raw-text operation probability,
learned_one_shot,challenge-document_processing-032,challenge,document_processing,invoice_reconcile,use_tool|answer,use_tool|execute_code|verify,False,59,61,1.3,0.2656834,0.0012416,True,False,0.9302908792314606,highest calibrated raw-text operation probability,incorrect_answer
learned_one_shot,challenge-document_processing-033,challenge,document_processing,date_normalize,use_tool|answer,use_tool|delegate,False,13/07/2024,2024-07-13,1.3,0.24835,0.0012334,True,False,0.9986739059808396,highest calibrated raw-text operation probability,incorrect_answer
learned_one_shot,challenge-document_processing-034,challenge,document_processing,crossfield_check,use_tool|answer,decompose|use_tool|verify,False,SW,SW-8034,1.3,0.2512166,0.0011084,True,False,0.9992746458905045,highest calibrated raw-text operation probability,incorrect_answer
learned_one_shot,challenge-document_processing-035,challenge,document_processing,direct_literal,use_tool|answer,,True,R035,R035,1.3,0.112825,0.0010999999999999998,True,False,0.6151719225889882,highest calibrated raw-text operation probability,
learned_budget,challenge-data_analysis-000,challenge,data_analysis,direct_literal,use_tool|answer,,True,R000,R000,1.3,0.126525,0.001325,True,False,0.6105396417804062,calibrated text predictions composed under action and cost budgets,
learned_budget,challenge-data_analysis-001,challenge,data_analysis,aggregate,answer,execute_code,False,,39,0.3,0.1272666,0.0004,True,False,0.7569607603187208,calibrated text predictions composed under action and cost budgets,no_answer
learned_budget,challenge-data_analysis-002,challenge,data_analysis,filtered_sum,decompose|execute_code|answer,decompose|execute_code,True,82,82,1.9,0.2511666,0.0035583999999999998,True,True,0.8007748741252106,calibrated text predictions composed under action and cost budgets,
learned_budget,challenge-data_analysis-003,challenge,data_analysis,direct_literal,use_tool|answer,,True,R003,R003,1.3,0.11895,0.001125,True,False,0.6279576133355074,calibrated text predictions composed under action and cost budgets,
learned_budget,challenge-data_analysis-004,challenge,data_analysis,aggregate,answer,execute_code,False,,36,0.3,0.1221084,0.0004,True,False,0.7426364390068273,calibrated text predictions composed under action and cost budgets,no_answer
learned_budget,challenge-data_analysis-005,challenge,data_analysis,filtered_sum,decompose|execute_code|answer,decompose|execute_code,True,59,59,1.9,0.2542,0.0015666,True,True,0.7800615716744453,calibrated text predictions composed under action and cost budgets,
learned_budget,challenge-data_analysis-006,challenge,data_analysis,direct_literal,use_tool|answer,,True,R006,R006,1.3,0.11274999999999999,0.0011168,True,False,0.6301523867524217,calibrated text predictions composed under action and cost budgets,
learned_budget,challenge-data_analysis-007,challenge,data_analysis,aggregate,answer,execute_code,False,,38,0.3,0.1238,0.0003918,True,False,0.7320848486351228,calibrated text predictions composed under action and cost budgets,no_answer
learned_budget,challenge-data_analysis-008,challenge,data_analysis,filtered_sum,decompose|execute_code|answer,decompose|execute_code,True,23,23,1.9,0.2495666,0.0014,True,True,0.822798996463832,calibrated text predictions composed under action and cost budgets,
learned_budget,challenge-data_analysis-009,challenge,data_analysis,direct_literal,use_tool|answer,,True,R009,R009,1.3,0.11408339999999999,0.0010918,True,False,0.6260312884724352,calibrated text predictions composed under action and cost budgets,
learned_budget,challenge-data_analysis-010,challenge,data_analysis,aggregate,answer,execute_code,False,,35,0.3,0.1303832,0.0004084,True,False,0.7717035664348378,calibrated text predictions composed under action and cost budgets,no_answer
learned_budget,challenge-data_analysis-011,challenge,data_analysis,filtered_sum,decompose|execute_code|answer,decompose|execute_code,True,66,66,1.9,0.2488416,0.0014500000000000001,True,True,0.8223831879645618,calibrated text predictions composed under action and cost budgets,
learned_budget,challenge-data_analysis-012,challenge,data_analysis,direct_literal,use_tool|answer,,True,R012,R012,1.3,0.11295,0.0010916,True,False,0.6175681667027003,calibrated text predictions composed under action and cost budgets,
learned_budget,challenge-data_analysis-013,challenge,data_analysis,aggregate,answer,execute_code,False,,37,0.3,0.1277918,0.0005499999999999999,True,False,0.7489912769510021,calibrated text predictions composed under action and cost budgets,no_answer
learned_budget,challenge-data_analysis-014,challenge,data_analysis,filtered_sum,decompose|execute_code|answer,decompose|execute_code,True,56,56,1.9,0.25908319999999996,0.0017167999999999999,True,True,0.8755249038079995,calibrated text predictions composed under action and cost budgets,
learned_budget,challenge-data_analysis-015,challenge,data_analysis,direct_literal,use_tool|answer,,True,R015,R015,1.3,0.1200166,0.0012334,True,False,0.6077737459711752,calibrated text predictions composed under action and cost budgets,
learned_budget,challenge-data_analysis-016,challenge,data_analysis,aggregate,answer,execute_code,False,,37,0.3,0.12278340000000001,0.00042500000000000003,True,False,0.7358158078617982,calibrated text predictions composed under action and cost budgets,no_answer
learned_budget,challenge-data_analysis-017,challenge,data_analysis,filtered_sum,decompose|execute_code|answer,decompose|execute_code,True,67,67,1.9,0.25461659999999997,0.0014582,True,True,0.829227279393447,calibrated text predictions composed under action and cost budgets,
learned_budget,challenge-data_analysis-018,challenge,data_analysis,direct_literal,use_tool|answer,,True,R018,R018,1.3,0.11313340000000001,0.0010916,True,False,0.6246951010064772,calibrated text predictions composed under action and cost budgets,
learned_budget,challenge-data_analysis-019,challenge,data_analysis,aggregate,answer,execute_code,False,,38,0.3,0.1220666,0.0004418,True,False,0.761280863852567,calibrated text predictions composed under action and cost budgets,no_answer
learned_budget,challenge-data_analysis-020,challenge,data_analysis,filtered_sum,decompose|execute_code|answer,decompose|execute_code,True,32,32,1.9,0.2719332,0.0017334,True,True,0.8306821267258115,calibrated text predictions composed under action and cost budgets,
learned_budget,challenge-data_analysis-021,challenge,data_analysis,direct_literal,use_tool|answer,,True,R021,R021,1.3,0.1136166,0.0012168,True,False,0.6218316714396368,calibrated text predictions composed under action and cost budgets,
learned_budget,challenge-data_analysis-022,challenge,data_analysis,aggregate,answer,execute_code,False,,38,0.3,0.1321084,0.000475,True,False,0.7518165751895753,calibrated text predictions composed under action and cost budgets,no_answer
learned_budget,challenge-data_analysis-023,challenge,data_analysis,filtered_sum,decompose|execute_code|answer,decompose|execute_code,True,44,44,1.9,0.2577584,0.0015,True,True,0.8415972420701912,calibrated text predictions composed under action and cost budgets,
learned_budget,challenge-data_analysis-024,challenge,data_analysis,direct_literal,use_tool|answer,,True,R024,R024,1.3,0.11287499999999999,0.0011084,True,False,0.6299211293024518,calibrated text predictions composed under action and cost budgets,
learned_budget,challenge-data_analysis-025,challenge,data_analysis,aggregate,answer,execute_code,False,,39,0.3,0.1329666,0.0005168,True,False,0.786806112702723,calibrated text predictions composed under action and cost budgets,no_answer
learned_budget,challenge-data_analysis-026,challenge,data_analysis,filtered_sum,decompose|execute_code|answer,decompose|execute_code,True,50,50,1.9,0.2591166,0.0016332,True,True,0.8853471221797822,calibrated text predictions composed under action and cost budgets,
learned_budget,challenge-data_analysis-027,challenge,data_analysis,direct_literal,use_tool|answer,,True,R027,R027,1.3,0.1128668,0.0011584,True,False,0.6288643485628453,calibrated text predictions composed under action and cost budgets,
learned_budget,challenge-data_analysis-028,challenge,data_analysis,aggregate,answer,execute_code,False,,35,0.3,0.1242666,0.0004,True,False,0.7404848277106708,calibrated text predictions composed under action and cost budgets,no_answer
learned_budget,challenge-data_analysis-029,challenge,data_analysis,filtered_sum,decompose|execute_code|answer,decompose|execute_code,True,41,41,1.9,0.2526418,0.001475,True,True,0.8687510758873206,calibrated text predictions composed under action and cost budgets,
learned_budget,challenge-data_analysis-030,challenge,data_analysis,direct_literal,use_tool|answer,,True,R030,R030,1.3,0.1140916,0.0010834,True,False,0.6095758255612884,calibrated text predictions composed under action and cost budgets,
learned_budget,challenge-data_analysis-031,challenge,data_analysis,aggregate,answer,execute_code,False,,32,0.3,0.13035000000000002,0.0003832,True,False,0.7644618103274692,calibrated text predictions composed under action and cost budgets,no_answer
learned_budget,challenge-data_analysis-032,challenge,data_analysis,filtered_sum,decompose|execute_code|answer,decompose|execute_code,True,58,58,1.9,0.2542084,0.0014582,True,True,0.887108530357301,calibrated text predictions composed under action and cost budgets,
learned_budget,challenge-data_analysis-033,challenge,data_analysis,direct_literal,use_tool|answer,,True,R033,R033,1.3,0.11259159999999999,0.0010584,True,False,0.6270312264695049,calibrated text predictions composed under action and cost budgets,
learned_budget,challenge-data_analysis-034,challenge,data_analysis,aggregate,answer,execute_code,False,,36,0.3,0.126125,0.0004084,True,False,0.7413187226226614,calibrated text predictions composed under action and cost budgets,no_answer
learned_budget,challenge-data_analysis-035,challenge,data_analysis,filtered_sum,decompose|execute_code|answer,decompose|execute_code,True,28,28,1.9,0.25634999999999997,0.0014,True,True,0.8574987524534433,calibrated text predictions composed under action and cost budgets,
learned_budget,challenge-research-000,challenge,research,direct_literal,use_tool|answer,,True,R000,R000,1.3,0.1133082,0.001075,True,False,0.6105396417804062,calibrated text predictions composed under action and cost budgets,
learned_budget,challenge-research-001,challenge,research,research_fact,use_tool|answer,use_tool,True,CODE-101,CODE-101,1.3,0.1258166,0.0015,True,True,0.5379960019011968,calibrated text predictions composed under action and cost budgets,
learned_budget,challenge-research-002,challenge,research,research_multihop,use_tool|answer,decompose|use_tool,False,Lab-02,Oslo,1.3,0.1418584,0.001675,True,False,0.8817761855634889,calibrated text predictions composed under action and cost budgets,incorrect_answer
learned_budget,challenge-research-003,challenge,research,research_conflict,use_tool|answer,use_tool|verify,False,paused,active,1.3,0.18814999999999998,0.0012083999999999999,True,False,0.9854571793621314,calibrated text predictions composed under action and cost budgets,incorrect_answer
learned_budget,challenge-research-004,challenge,research,research_outage,delegate|answer,delegate,True,SP-304,SP-304,1.7,0.1497584,0.0013666,True,True,0.6748212034609846,calibrated text predictions composed under action and cost budgets,
learned_budget,challenge-research-005,challenge,research,direct_literal,use_tool|answer,,True,R005,R005,1.3,0.12349159999999999,0.0011582,True,False,0.6169915004682102,calibrated text predictions composed under action and cost budgets,
learned_budget,challenge-research-006,challenge,research,research_fact,use_tool|answer,use_tool,True,CODE-106,CODE-106,1.3,0.11936659999999999,0.0013666,True,True,0.5360456735596123,calibrated text predictions composed under action and cost budgets,
learned_budget,challenge-research-007,challenge,research,research_multihop,use_tool|answer,decompose|use_tool,False,Lab-07,Lima,1.3,0.1460334,0.0016668,True,False,0.8797400593794689,calibrated text predictions composed under action and cost budgets,incorrect_answer
learned_budget,challenge-research-008,challenge,research,research_conflict,use_tool|answer,use_tool|verify,False,active,completed,1.3,0.19651659999999999,0.0013084,True,False,0.9852663783183545,calibrated text predictions composed under action and cost budgets,incorrect_answer
learned_budget,challenge-research-009,challenge,research,research_outage,delegate|answer,delegate,True,SP-309,SP-309,1.7,0.14565840000000002,0.001025,True,True,0.6745025906758773,calibrated text predictions composed under action and cost budgets,
learned_budget,challenge-research-010,challenge,research,direct_literal,use_tool|answer,,True,R010,R010,1.3,0.11415,0.0010916,True,False,0.6145704852804045,calibrated text predictions composed under action and cost budgets,
learned_budget,challenge-research-011,challenge,research,research_fact,use_tool|answer,use_tool,True,CODE-111,CODE-111,1.3,0.12089160000000002,0.001325,True,True,0.47439665819078125,calibrated text predictions composed under action and cost budgets,
learned_budget,challenge-research-012,challenge,research,research_multihop,use_tool|answer,decompose|use_tool,False,Lab-12,Montreal,1.3,0.14195,0.001425,True,False,0.846578773449865,calibrated text predictions composed under action and cost budgets,incorrect_answer
learned_budget,challenge-research-013,challenge,research,research_conflict,use_tool|answer,use_tool|verify,False,paused,active,1.3,0.187175,0.0011916,True,False,0.9834322531890386,calibrated text predictions composed under action and cost budgets,incorrect_answer
learned_budget,challenge-research-014,challenge,research,research_outage,delegate|answer,delegate,True,SP-314,SP-314,1.7,0.146,0.0010666,True,True,0.6343633776865485,calibrated text predictions composed under action and cost budgets,
learned_budget,challenge-research-015,challenge,research,direct_literal,use_tool|answer,,True,R015,R015,1.3,0.11552500000000002,0.001125,True,False,0.6077737459711752,calibrated text predictions composed under action and cost budgets,
learned_budget,challenge-research-016,challenge,research,research_fact,use_tool|answer,use_tool,True,CODE-116,CODE-116,1.3,0.121175,0.0013,True,True,0.49190751802006627,calibrated text predictions composed under action and cost budgets,
learned_budget,challenge-research-017,challenge,research,research_multihop,use_tool|answer,decompose|use_tool,False,Lab-17,Nairobi,1.3,0.1412332,0.001425,True,False,0.858240350004646,calibrated text predictions composed under action and cost budgets,incorrect_answer
learned_budget,challenge-research-018,challenge,research,research_conflict,use_tool|answer,use_tool|verify,False,active,completed,1.3,0.1860082,0.0011916,True,False,0.9839323864422137,calibrated text predictions composed under action and cost budgets,incorrect_answer
learned_budget,challenge-research-019,challenge,research,research_outage,delegate|answer,delegate,True,SP-319,SP-319,1.7,0.1477916,0.0010333999999999999,True,True,0.637333964530515,calibrated text predictions composed under action and cost budgets,
learned_budget,challenge-research-020,challenge,research,direct_literal,use_tool|answer,,True,R020,R020,1.3,0.1142832,0.0010834,True,False,0.6087880612148142,calibrated text predictions composed under action and cost budgets,
learned_budget,challenge-research-021,challenge,research,research_fact,use_tool|answer,use_tool,True,CODE-121,CODE-121,1.3,0.12105840000000001,0.0012749999999999999,True,True,0.4802391604502652,calibrated text predictions composed under action and cost budgets,
learned_budget,challenge-research-022,challenge,research,research_multihop,use_tool|answer,decompose|use_tool,False,Lab-22,Oslo,1.3,0.1434334,0.00135,True,False,0.8596356761153846,calibrated text predictions composed under action and cost budgets,incorrect_answer
learned_budget,challenge-research-023,challenge,research,research_conflict,use_tool|answer,use_tool|verify,False,paused,active,1.3,0.18655,0.001125,True,False,0.9840198326723435,calibrated text predictions composed under action and cost budgets,incorrect_answer
learned_budget,challenge-research-024,challenge,research,research_outage,delegate|answer,delegate,True,SP-324,SP-324,1.7,0.1464,0.0009916,True,True,0.6484742079127435,calibrated text predictions composed under action and cost budgets,
learned_budget,challenge-research-025,challenge,research,direct_literal,use_tool|answer,,True,R025,R025,1.3,0.1130668,0.0010666,True,False,0.6215572285357739,calibrated text predictions composed under action and cost budgets,
learned_budget,challenge-research-026,challenge,research,research_fact,use_tool|answer,use_tool,True,CODE-126,CODE-126,1.3,0.1210332,0.0012418,True,True,0.5099114296179174,calibrated text predictions composed under action and cost budgets,
learned_budget,challenge-research-027,challenge,research,research_multihop,use_tool|answer,decompose|use_tool,False,Lab-27,Lima,1.3,0.1414582,0.0013584,True,False,0.87001734314401,calibrated text predictions composed under action and cost budgets,incorrect_answer
learned_budget,challenge-research-028,challenge,research,research_conflict,use_tool|answer,use_tool|verify,False,active,completed,1.3,0.2002084,0.0015,True,False,0.9838210535050904,calibrated text predictions composed under action and cost budgets,incorrect_answer
learned_budget,challenge-research-029,challenge,research,research_outage,delegate|answer,delegate,True,SP-329,SP-329,1.7,0.1459584,0.0010500000000000002,True,True,0.6420338335621824,calibrated text predictions composed under action and cost budgets,
learned_budget,challenge-research-030,challenge,research,direct_literal,use_tool|answer,,True,R030,R030,1.3,0.11391659999999999,0.001125,True,False,0.6095758255612884,calibrated text predictions composed under action and cost budgets,
learned_budget,challenge-research-031,challenge,research,research_fact,use_tool|answer,use_tool,True,CODE-131,CODE-131,1.3,0.1230916,0.0012834,True,True,0.49480995156432545,calibrated text predictions composed under action and cost budgets,
learned_budget,challenge-research-032,challenge,research,research_multihop,use_tool|answer,decompose|use_tool,False,Lab-32,Montreal,1.3,0.1478084,0.0014832,True,False,0.8682050933000808,calibrated text predictions composed under action and cost budgets,incorrect_answer
learned_budget,challenge-research-033,challenge,research,research_conflict,use_tool|answer,use_tool|verify,False,paused,active,1.3,0.184975,0.0010918,True,False,0.9849773192204794,calibrated text predictions composed under action and cost budgets,incorrect_answer
learned_budget,challenge-research-034,challenge,research,research_outage,delegate|answer,delegate,True,SP-334,SP-334,1.7,0.14625,0.0009916,True,True,0.6376052616836678,calibrated text predictions composed under action and cost budgets,
learned_budget,challenge-research-035,challenge,research,direct_literal,use_tool|answer,,True,R035,R035,1.3,0.1133416,0.0011665999999999998,True,False,0.6151719225889882,calibrated text predictions composed under action and cost budgets,
learned_budget,challenge-document_processing-000,challenge,document_processing,direct_literal,use_tool|answer,,True,R000,R000,1.3,0.11276660000000001,0.0010418,True,False,0.6105396417804062,calibrated text predictions composed under action and cost budgets,
learned_budget,challenge-document_processing-001,challenge,document_processing,document_extract,use_tool|answer,use_tool,True,V-001,V-001,1.3,0.190075,0.0022834,True,True,0.9996757188328711,calibrated text predictions composed under action and cost budgets,
learned_budget,challenge-document_processing-002,challenge,document_processing,invoice_reconcile,use_tool|execute_code|verify|answer,use_tool|execute_code|verify,True,43,43,3.1,0.2633416,0.0017500000000000003,True,True,0.8338319669063489,calibrated text predictions composed under action and cost budgets,
learned_budget,challenge-document_processing-003,challenge,document_processing,date_normalize,use_tool|delegate|answer,use_tool|delegate,True,2024-04-13,2024-04-13,2.7,0.2537334,0.0028332,True,True,0.9947399425936277,calibrated text predictions composed under action and cost budgets,
learned_budget,challenge-document_processing-004,challenge,document_processing,crossfield_check,decompose|use_tool|verify|answer,decompose|use_tool|verify,True,SW-8004,SW-8004,2.4,0.2529168,0.0020166,True,True,0.9953910523665384,calibrated text predictions composed under action and cost budgets,
learned_budget,challenge-document_processing-005,challenge,document_processing,direct_literal,use_tool|answer,,True,R005,R005,1.3,0.11455820000000001,0.0011168,True,False,0.6169915004682102,calibrated text predictions composed under action and cost budgets,
learned_budget,challenge-document_processing-006,challenge,document_processing,document_extract,use_tool|answer,use_tool,True,V-006,V-006,1.3,0.1934668,0.0018668,True,True,0.9996151515858185,calibrated text predictions composed under action and cost budgets,
learned_budget,challenge-document_processing-007,challenge,document_processing,invoice_reconcile,use_tool|execute_code|verify|answer,use_tool|execute_code|verify,True,69,69,3.1,0.2591,0.0015334,True,True,0.8136042223738084,calibrated text predictions composed under action and cost budgets,
learned_budget,challenge-document_processing-008,challenge,document_processing,date_normalize,use_tool|delegate|answer,use_tool|delegate,True,2026-09-18,2026-09-18,2.7,0.248225,0.0019832,True,True,0.9945108851203088,calibrated text predictions composed under action and cost budgets,
learned_budget,challenge-document_processing-009,challenge,document_processing,crossfield_check,decompose|use_tool|verify|answer,decompose|use_tool|verify,True,NE-8009,NE-8009,2.4,0.25587499999999996,0.0015584000000000001,True,True,0.9957533012957237,calibrated text predictions composed under action and cost budgets,
learned_budget,challenge-document_processing-010,challenge,document_processing,direct_literal,use_tool|answer,,True,R010,R010,1.3,0.12617499999999998,0.0012916,True,False,0.6145704852804045,calibrated text predictions composed under action and cost budgets,
learned_budget,challenge-document_processing-011,challenge,document_processing,document_extract,use_tool|answer,use_tool,True,V-011,V-011,1.3,0.1885418,0.001925,True,True,0.9994809500764211,calibrated text predictions composed under action and cost budgets,
learned_budget,challenge-document_processing-012,challenge,document_processing,invoice_reconcile,use_tool|execute_code|verify|answer,use_tool|execute_code|verify,True,71,71,3.1,0.262125,0.0016916000000000001,True,True,0.8155980998685809,calibrated text predictions composed under action and cost budgets,
learned_budget,challenge-document_processing-013,challenge,document_processing,date_normalize,use_tool|delegate|answer,use_tool|delegate,True,2025-05-23,2025-05-23,2.7,0.2556334,0.002325,True,True,0.993432913473226,calibrated text predictions composed under action and cost budgets,
learned_budget,challenge-document_processing-014,challenge,document_processing,crossfield_check,decompose|use_tool|verify|answer,decompose|use_tool|verify,True,CE-8014,CE-8014,2.4,0.254675,0.0018249999999999998,True,True,0.995755241228681,calibrated text predictions composed under action and cost budgets,
learned_budget,challenge-document_processing-015,challenge,document_processing,direct_literal,use_tool|answer,,True,R015,R015,1.3,0.11441660000000001,0.0011584,True,False,0.6077737459711752,calibrated text predictions composed under action and cost budgets,
learned_budget,challenge-document_processing-016,challenge,document_processing,document_extract,use_tool|answer,use_tool,True,V-016,V-016,1.3,0.1902584,0.0017749999999999999,True,True,0.999665287633599,calibrated text predictions composed under action and cost budgets,
learned_budget,challenge-document_processing-017,challenge,document_processing,invoice_reconcile,use_tool|execute_code|verify|answer,use_tool|execute_code|verify,True,64,64,3.1,0.2581916,0.0014918000000000002,True,True,0.8315206318653056,calibrated text predictions composed under action and cost budgets,
learned_budget,challenge-document_processing-018,challenge,document_processing,date_normalize,use_tool|delegate|answer,use_tool|delegate,True,2024-01-13,2024-01-13,2.7,0.2483334,0.00195,True,True,0.993970023817105,calibrated text predictions composed under action and cost budgets,
learned_budget,challenge-document_processing-019,challenge,document_processing,crossfield_check,decompose|use_tool|verify|answer,decompose|use_tool|verify,True,SW-8019,SW-8019,2.4,0.26154160000000004,0.0020168,True,True,0.9955288369196015,calibrated text predictions composed under action and cost budgets,
learned_budget,challenge-document_processing-020,challenge,document_processing,direct_literal,use_tool|answer,,True,R020,R020,1.3,0.11476660000000001,0.0011665999999999998,True,False,0.6087880612148142,calibrated text predictions composed under action and cost budgets,
learned_budget,challenge-document_processing-021,challenge,document_processing,document_extract,use_tool|answer,use_tool,True,V-021,V-021,1.3,0.1938,0.0018084,True,True,0.9996009375193822,calibrated text predictions composed under action and cost budgets,
learned_budget,challenge-document_processing-022,challenge,document_processing,invoice_reconcile,use_tool|execute_code|verify|answer,use_tool|execute_code|verify,True,92,92,3.1,0.2624168,0.0016418,True,True,0.8194277557399894,calibrated text predictions composed under action and cost budgets,
learned_budget,challenge-document_processing-023,challenge,document_processing,date_normalize,use_tool|delegate|answer,use_tool|delegate,True,2026-06-18,2026-06-18,2.7,0.286675,0.0024416,True,True,0.9942804422034429,calibrated text predictions composed under action and cost budgets,
learned_budget,challenge-document_processing-024,challenge,document_processing,crossfield_check,decompose|use_tool|verify|answer,decompose|use_tool|verify,True,NE-8024,NE-8024,2.4,0.2568916,0.0016250000000000001,True,True,0.9957006349239396,calibrated text predictions composed under action and cost budgets,
learned_budget,challenge-document_processing-025,challenge,document_processing,direct_literal,use_tool|answer,,True,R025,R025,1.3,0.1223584,0.0011916,True,False,0.6215572285357739,calibrated text predictions composed under action and cost budgets,
learned_budget,challenge-document_processing-026,challenge,document_processing,document_extract,use_tool|answer,use_tool,True,V-026,V-026,1.3,0.18680000000000002,0.0017749999999999999,True,True,0.9994966651223373,calibrated text predictions composed under action and cost budgets,
learned_budget,challenge-document_processing-027,challenge,document_processing,invoice_reconcile,use_tool|execute_code|verify|answer,use_tool|execute_code|verify,True,57,57,3.1,0.2571,0.0015334,True,True,0.8162093624549479,calibrated text predictions composed under action and cost budgets,
learned_budget,challenge-document_processing-028,challenge,document_processing,date_normalize,use_tool|delegate|answer,use_tool|delegate,True,2025-02-23,2025-02-23,2.7,0.265025,0.0020667999999999997,True,True,0.9928164486985196,calibrated text predictions composed under action and cost budgets,
learned_budget,challenge-document_processing-029,challenge,document_processing,crossfield_check,decompose|use_tool|verify|answer,decompose|use_tool|verify,True,CE-8029,CE-8029,2.4,0.2537334,0.0016916000000000001,True,True,0.9956608574893654,calibrated text predictions composed under action and cost budgets,
learned_budget,challenge-document_processing-030,challenge,document_processing,direct_literal,use_tool|answer,,True,R030,R030,1.3,0.1143168,0.0011834,True,False,0.6095758255612884,calibrated text predictions composed under action and cost budgets,
learned_budget,challenge-document_processing-031,challenge,document_processing,document_extract,use_tool|answer,use_tool,True,V-031,V-031,1.3,0.190025,0.0018834,True,True,0.9996648328454467,calibrated text predictions composed under action and cost budgets,
learned_budget,challenge-document_processing-032,challenge,document_processing,invoice_reconcile,use_tool|execute_code|verify|answer,use_tool|execute_code|verify,True,61,61,3.1,0.2647834,0.0015084,True,True,0.8282333510973853,calibrated text predictions composed under action and cost budgets,
learned_budget,challenge-document_processing-033,challenge,document_processing,date_normalize,use_tool|delegate|answer,use_tool|delegate,True,2024-07-13,2024-07-13,2.7,0.251925,0.0018915999999999998,True,True,0.9942823729118992,calibrated text predictions composed under action and cost budgets,
learned_budget,challenge-document_processing-034,challenge,document_processing,crossfield_check,decompose|use_tool|verify|answer,decompose|use_tool|verify,True,SW-8034,SW-8034,2.4,0.2525166,0.0016084,True,True,0.9953289731496794,calibrated text predictions composed under action and cost budgets,
learned_budget,challenge-document_processing-035,challenge,document_processing,direct_literal,use_tool|answer,,True,R035,R035,1.3,0.1145166,0.0011166000000000001,True,False,0.6151719225889882,calibrated text predictions composed under action and cost budgets,
oracle,challenge-data_analysis-000,challenge,data_analysis,direct_literal,answer,,True,R000,R000,0.3,0.000625,0.0008834,True,True,1.0,minimum task annotation route,
oracle,challenge-data_analysis-001,challenge,data_analysis,aggregate,execute_code|answer,execute_code,True,39,39,1.45,0.0005,0.0011916,True,True,1.0,minimum task annotation route,
oracle,challenge-data_analysis-002,challenge,data_analysis,filtered_sum,decompose|execute_code|answer,decompose|execute_code,True,82,82,1.9,0.0005168,0.0014334,True,True,1.0,minimum task annotation route,
oracle,challenge-data_analysis-003,challenge,data_analysis,direct_literal,answer,,True,R003,R003,0.3,0.0004916,0.0008668,True,True,1.0,minimum task annotation route,
oracle,challenge-data_analysis-004,challenge,data_analysis,aggregate,execute_code|answer,execute_code,True,36,36,1.45,0.0004666,0.0009916,True,True,1.0,minimum task annotation route,
oracle,challenge-data_analysis-005,challenge,data_analysis,filtered_sum,decompose|execute_code|answer,decompose|execute_code,True,59,59,1.9,0.0005084,0.0013,True,True,1.0,minimum task annotation route,
oracle,challenge-data_analysis-006,challenge,data_analysis,direct_literal,answer,,True,R006,R006,0.3,0.0004666,0.0008750000000000001,True,True,1.0,minimum task annotation route,
oracle,challenge-data_analysis-007,challenge,data_analysis,aggregate,execute_code|answer,execute_code,True,38,38,1.45,0.0004666,0.0009834000000000002,True,True,1.0,minimum task annotation route,
oracle,challenge-data_analysis-008,challenge,data_analysis,filtered_sum,decompose|execute_code|answer,decompose|execute_code,True,23,23,1.9,0.0004917999999999999,0.0012334,True,True,1.0,minimum task annotation route,
oracle,challenge-data_analysis-009,challenge,data_analysis,direct_literal,answer,,True,R009,R009,0.3,0.00045840000000000003,0.0008666,True,True,1.0,minimum task annotation route,
oracle,challenge-data_analysis-010,challenge,data_analysis,aggregate,execute_code|answer,execute_code,True,35,35,1.45,0.000475,0.0009666,True,True,1.0,minimum task annotation route,
oracle,challenge-data_analysis-011,challenge,data_analysis,filtered_sum,decompose|execute_code|answer,decompose|execute_code,True,66,66,1.9,0.0004834,0.0012834,True,True,1.0,minimum task annotation route,
oracle,challenge-data_analysis-012,challenge,data_analysis,direct_literal,answer,,True,R012,R012,0.3,0.0004834,0.0008500000000000001,True,True,1.0,minimum task annotation route,
oracle,challenge-data_analysis-013,challenge,data_analysis,aggregate,execute_code|answer,execute_code,True,37,37,1.45,0.0004916,0.0009918,True,True,1.0,minimum task annotation route,
oracle,challenge-data_analysis-014,challenge,data_analysis,filtered_sum,decompose|execute_code|answer,decompose|execute_code,True,56,56,1.9,0.00048320000000000004,0.0012418,True,True,1.0,minimum task annotation route,
oracle,challenge-data_analysis-015,challenge,data_analysis,direct_literal,answer,,True,R015,R015,0.3,0.000475,0.0009582,True,True,1.0,minimum task annotation route,
oracle,challenge-data_analysis-016,challenge,data_analysis,aggregate,execute_code|answer,execute_code,True,37,37,1.45,0.0004666,0.00095,True,True,1.0,minimum task annotation route,
oracle,challenge-data_analysis-017,challenge,data_analysis,filtered_sum,decompose|execute_code|answer,decompose|execute_code,True,67,67,1.9,0.0005082,0.0012668,True,True,1.0,minimum task annotation route,
oracle,challenge-data_analysis-018,challenge,data_analysis,direct_literal,answer,,True,R018,R018,0.3,0.00045840000000000003,0.0008416,True,True,1.0,minimum task annotation route,
oracle,challenge-data_analysis-019,challenge,data_analysis,aggregate,execute_code|answer,execute_code,True,38,38,1.45,0.00045,0.0009666,True,True,1.0,minimum task annotation route,
oracle,challenge-data_analysis-020,challenge,data_analysis,filtered_sum,decompose|execute_code|answer,decompose|execute_code,True,32,32,1.9,0.0004834,0.0012416,True,True,1.0,minimum task annotation route,
oracle,challenge-data_analysis-021,challenge,data_analysis,direct_literal,answer,,True,R021,R021,0.3,0.00045,0.0008581999999999999,True,True,1.0,minimum task annotation route,
oracle,challenge-data_analysis-022,challenge,data_analysis,aggregate,execute_code|answer,execute_code,True,38,38,1.45,0.00045,0.0010082000000000001,True,True,1.0,minimum task annotation route,
oracle,challenge-data_analysis-023,challenge,data_analysis,filtered_sum,decompose|execute_code|answer,decompose|execute_code,True,44,44,1.9,0.0004834,0.0012416,True,True,1.0,minimum task annotation route,
oracle,challenge-data_analysis-024,challenge,data_analysis,direct_literal,answer,,True,R024,R024,0.3,0.0004834,0.0008500000000000001,True,True,1.0,minimum task annotation route,
oracle,challenge-data_analysis-025,challenge,data_analysis,aggregate,execute_code|answer,execute_code,True,39,39,1.45,0.0004834,0.0009832,True,True,1.0,minimum task annotation route,
oracle,challenge-data_analysis-026,challenge,data_analysis,filtered_sum,decompose|execute_code|answer,decompose|execute_code,True,50,50,1.9,0.000475,0.0012582,True,True,1.0,minimum task annotation route,
oracle,challenge-data_analysis-027,challenge,data_analysis,direct_literal,answer,,True,R027,R027,0.3,0.0004666,0.0008668,True,True,1.0,minimum task annotation route,
oracle,challenge-data_analysis-028,challenge,data_analysis,aggregate,execute_code|answer,execute_code,True,35,35,1.45,0.00045840000000000003,0.001,True,True,1.0,minimum task annotation route,
oracle,challenge-data_analysis-029,challenge,data_analysis,filtered_sum,decompose|execute_code|answer,decompose|execute_code,True,41,41,1.9,0.000475,0.0012416,True,True,1.0,minimum task annotation route,
oracle,challenge-data_analysis-030,challenge,data_analysis,direct_literal,answer,,True,R030,R030,0.3,0.0004666,0.0008500000000000001,True,True,1.0,minimum task annotation route,
oracle,challenge-data_analysis-031,challenge,data_analysis,aggregate,execute_code|answer,execute_code,True,32,32,1.45,0.00045,0.0010082000000000001,True,True,1.0,minimum task annotation route,
oracle,challenge-data_analysis-032,challenge,data_analysis,filtered_sum,decompose|execute_code|answer,decompose|execute_code,True,58,58,1.9,0.0005,0.0012584,True,True,1.0,minimum task annotation route,
oracle,challenge-data_analysis-033,challenge,data_analysis,direct_literal,answer,,True,R033,R033,0.3,0.0004666,0.0008583999999999999,True,True,1.0,minimum task annotation route,
oracle,challenge-data_analysis-034,challenge,data_analysis,aggregate,execute_code|answer,execute_code,True,36,36,1.45,0.00045840000000000003,0.0010084,True,True,1.0,minimum task annotation route,
oracle,challenge-data_analysis-035,challenge,data_analysis,filtered_sum,decompose|execute_code|answer,decompose|execute_code,True,28,28,1.9,0.0005,0.0012584,True,True,1.0,minimum task annotation route,
oracle,challenge-research-000,challenge,research,direct_literal,answer,,True,R000,R000,0.3,0.00045840000000000003,0.0008583999999999999,True,True,1.0,minimum task annotation route,
oracle,challenge-research-001,challenge,research,research_fact,use_tool|answer,use_tool,True,CODE-101,CODE-101,1.3,0.00045,0.0012584,True,True,1.0,minimum task annotation route,
oracle,challenge-research-002,challenge,research,research_multihop,decompose|use_tool|answer,decompose|use_tool,True,Oslo,Oslo,1.75,0.0004834,0.0018666,True,True,1.0,minimum task annotation route,
oracle,challenge-research-003,challenge,research,research_conflict,use_tool|verify|answer,use_tool|verify,True,active,active,1.95,0.000475,0.0015584000000000001,True,True,1.0,minimum task annotation route,
oracle,challenge-research-004,challenge,research,research_outage,delegate|answer,delegate,True,SP-304,SP-304,1.7,0.0004666,0.0009168000000000001,True,True,1.0,minimum task annotation route,
oracle,challenge-research-005,challenge,research,direct_literal,answer,,True,R005,R005,0.3,0.00045840000000000003,0.0008416,True,True,1.0,minimum task annotation route,
oracle,challenge-research-006,challenge,research,research_fact,use_tool|answer,use_tool,True,CODE-106,CODE-106,1.3,0.0004418,0.00115,True,True,1.0,minimum task annotation route,
oracle,challenge-research-007,challenge,research,research_multihop,decompose|use_tool|answer,decompose|use_tool,True,Lima,Lima,1.75,0.00048320000000000004,0.0016167999999999998,True,True,1.0,minimum task annotation route,
oracle,challenge-research-008,challenge,research,research_conflict,use_tool|verify|answer,use_tool|verify,True,completed,completed,1.95,0.0004582,0.0013918,True,True,1.0,minimum task annotation route,
oracle,challenge-research-009,challenge,research,research_outage,delegate|answer,delegate,True,SP-309,SP-309,1.7,0.0004582,0.0009332,True,True,1.0,minimum task annotation route,
oracle,challenge-research-010,challenge,research,direct_literal,answer,,True,R010,R010,0.3,0.0004582,0.0008581999999999999,True,True,1.0,minimum task annotation route,
oracle,challenge-research-011,challenge,research,research_fact,use_tool|answer,use_tool,True,CODE-111,CODE-111,1.3,0.0004418,0.0012000000000000001,True,True,1.0,minimum task annotation route,
oracle,challenge-research-012,challenge,research,research_multihop,decompose|use_tool|answer,decompose|use_tool,True,Montreal,Montreal,1.75,0.0004668,0.0016666,True,True,1.0,minimum task annotation route,
oracle,challenge-research-013,challenge,research,research_conflict,use_tool|verify|answer,use_tool|verify,True,active,active,1.95,0.0004666,0.0013334,True,True,1.0,minimum task annotation route,
oracle,challenge-research-014,challenge,research,research_outage,delegate|answer,delegate,True,SP-314,SP-314,1.7,0.00045,0.0009,True,True,1.0,minimum task annotation route,
oracle,challenge-research-015,challenge,research,direct_literal,answer,,True,R015,R015,0.3,0.00045,0.0008500000000000001,True,True,1.0,minimum task annotation route,
oracle,challenge-research-016,challenge,research,research_fact,use_tool|answer,use_tool,True,CODE-116,CODE-116,1.3,0.00048320000000000004,0.00115,True,True,1.0,minimum task annotation route,
oracle,challenge-research-017,challenge,research,research_multihop,decompose|use_tool|answer,decompose|use_tool,True,Nairobi,Nairobi,1.75,0.00048320000000000004,0.00165,True,True,1.0,minimum task annotation route,
oracle,challenge-research-018,challenge,research,research_conflict,use_tool|verify|answer,use_tool|verify,True,completed,completed,1.95,0.0004668,0.0013666,True,True,1.0,minimum task annotation route,
oracle,challenge-research-019,challenge,research,research_outage,delegate|answer,delegate,True,SP-319,SP-319,1.7,0.0004668,0.0009166,True,True,1.0,minimum task annotation route,
oracle,challenge-research-020,challenge,research,direct_literal,answer,,True,R020,R020,0.3,0.0004668,0.0008583999999999999,True,True,1.0,minimum task annotation route,
oracle,challenge-research-021,challenge,research,research_fact,use_tool|answer,use_tool,True,CODE-121,CODE-121,1.3,0.00045,0.00115,True,True,1.0,minimum task annotation route,
oracle,challenge-research-022,challenge,research,research_multihop,decompose|use_tool|answer,decompose|use_tool,True,Oslo,Oslo,1.75,0.0004668,0.0016082,True,True,1.0,minimum task annotation route,
oracle,challenge-research-023,challenge,research,research_conflict,use_tool|verify|answer,use_tool|verify,True,active,active,1.95,0.0004834,0.0013084,True,True,1.0,minimum task annotation route,
oracle,challenge-research-024,challenge,research,research_outage,delegate|answer,delegate,True,SP-324,SP-324,1.7,0.0004418,0.0009,True,True,1.0,minimum task annotation route,
oracle,challenge-research-025,challenge,research,direct_literal,answer,,True,R025,R025,0.3,0.0004416,0.0008334,True,True,1.0,minimum task annotation route,
oracle,challenge-research-026,challenge,research,research_fact,use_tool|answer,use_tool,True,CODE-126,CODE-126,1.3,0.00045,0.0011582,True,True,1.0,minimum task annotation route,
oracle,challenge-research-027,challenge,research,research_multihop,decompose|use_tool|answer,decompose|use_tool,True,Lima,Lima,1.75,0.00048320000000000004,0.0016334000000000001,True,True,1.0,minimum task annotation route,
oracle,challenge-research-028,challenge,research,research_conflict,use_tool|verify|answer,use_tool|verify,True,completed,completed,1.95,0.00045,0.0013916,True,True,1.0,minimum task annotation route,
oracle,challenge-research-029,challenge,research,research_outage,delegate|answer,delegate,True,SP-329,SP-329,1.7,0.000475,0.0009249999999999999,True,True,1.0,minimum task annotation route,
oracle,challenge-research-030,challenge,research,direct_literal,answer,,True,R030,R030,0.3,0.00045,0.0008581999999999999,True,True,1.0,minimum task annotation route,
oracle,challenge-research-031,challenge,research,research_fact,use_tool|answer,use_tool,True,CODE-131,CODE-131,1.3,0.0004666,0.001175,True,True,1.0,minimum task annotation route,
oracle,challenge-research-032,challenge,research,research_multihop,decompose|use_tool|answer,decompose|use_tool,True,Montreal,Montreal,1.75,0.000475,0.0016250000000000001,True,True,1.0,minimum task annotation route,
oracle,challenge-research-033,challenge,research,research_conflict,use_tool|verify|answer,use_tool|verify,True,active,active,1.95,0.0004666,0.0012834,True,True,1.0,minimum task annotation route,
oracle,challenge-research-034,challenge,research,research_outage,delegate|answer,delegate,True,SP-334,SP-334,1.7,0.0004668,0.0009,True,True,1.0,minimum task annotation route,
oracle,challenge-research-035,challenge,research,direct_literal,answer,,True,R035,R035,0.3,0.00045,0.0008500000000000001,True,True,1.0,minimum task annotation route,
oracle,challenge-document_processing-000,challenge,document_processing,direct_literal,answer,,True,R000,R000,0.3,0.0004416,0.0008332000000000001,True,True,1.0,minimum task annotation route,
oracle,challenge-document_processing-001,challenge,document_processing,document_extract,use_tool|answer,use_tool,True,V-001,V-001,1.3,0.0004666,0.0016917999999999998,True,True,1.0,minimum task annotation route,
oracle,challenge-document_processing-002,challenge,document_processing,invoice_reconcile,use_tool|execute_code|verify|answer,use_tool|execute_code|verify,True,43,43,3.1,0.0005084,0.0013666,True,True,1.0,minimum task annotation route,
oracle,challenge-document_processing-003,challenge,document_processing,date_normalize,use_tool|delegate|answer,use_tool|delegate,True,2024-04-13,2024-04-13,2.7,0.0004916,0.0017916000000000002,True,True,1.0,minimum task annotation route,
oracle,challenge-document_processing-004,challenge,document_processing,crossfield_check,decompose|use_tool|verify|answer,decompose|use_tool|verify,True,SW-8004,SW-8004,2.4,0.000475,0.0015084,True,True,1.0,minimum task annotation route,
oracle,challenge-document_processing-005,challenge,document_processing,direct_literal,answer,,True,R005,R005,0.3,0.0004666,0.0009,True,True,1.0,minimum task annotation route,
oracle,challenge-document_processing-006,challenge,document_processing,document_extract,use_tool|answer,use_tool,True,V-006,V-006,1.3,0.000475,0.0016084,True,True,1.0,minimum task annotation route,
oracle,challenge-document_processing-007,challenge,document_processing,invoice_reconcile,use_tool|execute_code|verify|answer,use_tool|execute_code|verify,True,69,69,3.1,0.0004666,0.00135,True,True,1.0,minimum task annotation route,
oracle,challenge-document_processing-008,challenge,document_processing,date_normalize,use_tool|delegate|answer,use_tool|delegate,True,2026-09-18,2026-09-18,2.7,0.0004917999999999999,0.0018166000000000002,True,True,1.0,minimum task annotation route,
oracle,challenge-document_processing-009,challenge,document_processing,crossfield_check,decompose|use_tool|verify|answer,decompose|use_tool|verify,True,NE-8009,NE-8009,2.4,0.0004834,0.0014668,True,True,1.0,minimum task annotation route,
oracle,challenge-document_processing-010,challenge,document_processing,direct_literal,answer,,True,R010,R010,0.3,0.0004666,0.0008918000000000001,True,True,1.0,minimum task annotation route,
oracle,challenge-document_processing-011,challenge,document_processing,document_extract,use_tool|answer,use_tool,True,V-011,V-011,1.3,0.0004916,0.00155,True,True,1.0,minimum task annotation route,
oracle,challenge-document_processing-012,challenge,document_processing,invoice_reconcile,use_tool|execute_code|verify|answer,use_tool|execute_code|verify,True,71,71,3.1,0.0004916,0.001325,True,True,1.0,minimum task annotation route,
oracle,challenge-document_processing-013,challenge,document_processing,date_normalize,use_tool|delegate|answer,use_tool|delegate,True,2025-05-23,2025-05-23,2.7,0.000475,0.0016917999999999998,True,True,1.0,minimum task annotation route,
oracle,challenge-document_processing-014,challenge,document_processing,crossfield_check,decompose|use_tool|verify|answer,decompose|use_tool|verify,True,CE-8014,CE-8014,2.4,0.0004666,0.0013834000000000001,True,True,1.0,minimum task annotation route,
oracle,challenge-document_processing-015,challenge,document_processing,direct_literal,answer,,True,R015,R015,0.3,0.00045840000000000003,0.0008581999999999999,True,True,1.0,minimum task annotation route,
oracle,challenge-document_processing-016,challenge,document_processing,document_extract,use_tool|answer,use_tool,True,V-016,V-016,1.3,0.0004668,0.0015831999999999999,True,True,1.0,minimum task annotation route,
oracle,challenge-document_processing-017,challenge,document_processing,invoice_reconcile,use_tool|execute_code|verify|answer,use_tool|execute_code|verify,True,64,64,3.1,0.00045,0.0012582,True,True,1.0,minimum task annotation route,
oracle,challenge-document_processing-018,challenge,document_processing,date_normalize,use_tool|delegate|answer,use_tool|delegate,True,2024-01-13,2024-01-13,2.7,0.00045840000000000003,0.0016916000000000001,True,True,1.0,minimum task annotation route,
oracle,challenge-document_processing-019,challenge,document_processing,crossfield_check,decompose|use_tool|verify|answer,decompose|use_tool|verify,True,SW-8019,SW-8019,2.4,0.0004418,0.0013332,True,True,1.0,minimum task annotation route,
oracle,challenge-document_processing-020,challenge,document_processing,direct_literal,answer,,True,R020,R020,0.3,0.0004418,0.0008581999999999999,True,True,1.0,minimum task annotation route,
oracle,challenge-document_processing-021,challenge,document_processing,document_extract,use_tool|answer,use_tool,True,V-021,V-021,1.3,0.00045840000000000003,0.0015582,True,True,1.0,minimum task annotation route,
oracle,challenge-document_processing-022,challenge,document_processing,invoice_reconcile,use_tool|execute_code|verify|answer,use_tool|execute_code|verify,True,92,92,3.1,0.0004668,0.0012584,True,True,1.0,minimum task annotation route,
oracle,challenge-document_processing-023,challenge,document_processing,date_normalize,use_tool|delegate|answer,use_tool|delegate,True,2026-06-18,2026-06-18,2.7,0.0004666,0.0016418,True,True,1.0,minimum task annotation route,
oracle,challenge-document_processing-024,challenge,document_processing,crossfield_check,decompose|use_tool|verify|answer,decompose|use_tool|verify,True,NE-8024,NE-8024,2.4,0.00045840000000000003,0.0013584,True,True,1.0,minimum task annotation route,
oracle,challenge-document_processing-025,challenge,document_processing,direct_literal,answer,,True,R025,R025,0.3,0.0004332,0.0008750000000000001,True,True,1.0,minimum task annotation route,
oracle,challenge-document_processing-026,challenge,document_processing,document_extract,use_tool|answer,use_tool,True,V-026,V-026,1.3,0.0004666,0.00155,True,True,1.0,minimum task annotation route,
oracle,challenge-document_processing-027,challenge,document_processing,invoice_reconcile,use_tool|execute_code|verify|answer,use_tool|execute_code|verify,True,57,57,3.1,0.0004666,0.0012749999999999999,True,True,1.0,minimum task annotation route,
oracle,challenge-document_processing-028,challenge,document_processing,date_normalize,use_tool|delegate|answer,use_tool|delegate,True,2025-02-23,2025-02-23,2.7,0.0004834,0.0017500000000000003,True,True,1.0,minimum task annotation route,
oracle,challenge-document_processing-029,challenge,document_processing,crossfield_check,decompose|use_tool|verify|answer,decompose|use_tool|verify,True,CE-8029,CE-8029,2.4,0.0004416,0.00135,True,True,1.0,minimum task annotation route,
oracle,challenge-document_processing-030,challenge,document_processing,direct_literal,answer,,True,R030,R030,0.3,0.000475,0.0008500000000000001,True,True,1.0,minimum task annotation route,
oracle,challenge-document_processing-031,challenge,document_processing,document_extract,use_tool|answer,use_tool,True,V-031,V-031,1.3,0.00045,0.0015915999999999999,True,True,1.0,minimum task annotation route,
oracle,challenge-document_processing-032,challenge,document_processing,invoice_reconcile,use_tool|execute_code|verify|answer,use_tool|execute_code|verify,True,61,61,3.1,0.00045,0.0012582,True,True,1.0,minimum task annotation route,
oracle,challenge-document_processing-033,challenge,document_processing,date_normalize,use_tool|delegate|answer,use_tool|delegate,True,2024-07-13,2024-07-13,2.7,0.00048320000000000004,0.0017084,True,True,1.0,minimum task annotation route,
oracle,challenge-document_processing-034,challenge,document_processing,crossfield_check,decompose|use_tool|verify|answer,decompose|use_tool|verify,True,SW-8034,SW-8034,2.4,0.00045840000000000003,0.0013416,True,True,1.0,minimum task annotation route,
oracle,challenge-document_processing-035,challenge,document_processing,direct_literal,answer,,True,R035,R035,0.3,0.00045,0.0008500000000000001,True,True,1.0,minimum task annotation route,
